#VRML V2.0 utf8

Shape {
  appearance Appearance {
    material Material {
      diffuseColor 0.6471 0.6196 0.5882
      specularColor 0.4510 0.4353 0.4118
      ambientIntensity 0.2
      transparency 0.0000
      shininess 0.5
    }
  }
  geometry IndexedFaceSet {
    ccw TRUE
    solid FALSE
    coord DEF co Coordinate {
      point [
        1.773014 -4.527559 3.167226,
        1.773014 -4.527559 3.082646,
        1.978532 -4.527559 3.082646,
        1.773014 -4.527559 3.505953,
        1.773014 -4.527559 3.443349,
        1.978532 -4.527559 3.443349,
        2.060396 -4.527559 3.721180,
        2.076110 -4.527559 3.723074,
        1.991331 -4.527559 3.723074,
        2.115079 -4.527559 3.507263,
        2.101376 -4.527559 3.505953,
        2.172020 -4.527559 3.505953,
        2.211946 -4.527559 3.696711,
        2.211946 -4.527559 3.628377,
        2.269610 -4.527559 3.628377,
        2.223124 -4.527559 3.167782,
        2.217916 -4.527559 3.167226,
        2.269610 -4.527559 3.167226,
        2.177730 -4.527559 3.167937,
        2.172020 -4.527559 3.169972,
        2.172020 -4.527559 3.167226,
        2.479335 -4.527559 3.265199,
        2.479335 -4.527559 3.193370,
        2.519316 -4.527559 3.193370,
        1.587864 -4.527559 3.554800,
        1.629050 -4.527559 3.519983,
        1.773014 -4.527559 3.723074,
        1.418638 -4.527559 3.723074,
        1.453311 -4.527559 3.699621,
        1.503735 -4.527559 3.641219,
        1.535288 -4.527559 3.579691,
        1.542682 -4.527559 3.577207,
        1.171780 -4.527559 3.769320,
        1.246850 -4.527559 3.778562,
        1.773014 -4.527559 4.527559,
        1.311215 -4.527559 3.771603,
        1.387238 -4.527559 3.744314,
        1.101776 -4.527559 3.742334,
        -1.609987 -4.527559 4.527559,
        1.070681 -4.527559 3.723074,
        -1.609987 -4.527559 3.723074,
        1.064678 -4.527559 3.719356,
        0.903140 -4.527559 3.648203,
        0.962966 -4.527559 3.655596,
        1.029003 -4.527559 3.688804,
        0.980424 -4.527559 3.654647,
        0.997882 -4.527559 3.652560,
        0.788385 -4.527559 3.582728,
        0.798621 -4.527559 3.592417,
        0.846905 -4.527559 3.626364,
        -1.609987 -4.527559 3.505953,
        -1.609987 -4.527559 3.443349,
        0.720880 -4.527559 3.443349,
        0.727646 -4.527559 3.481250,
        0.738593 -4.527559 3.505953,
        0.751866 -4.527559 3.535907,
        0.883016 -4.527559 3.177077,
        0.828154 -4.527559 3.203807,
        -1.609987 -4.527559 3.167226,
        0.780794 -4.527559 3.244192,
        0.746151 -4.527559 3.293643,
        0.724390 -4.527559 3.350157,
        0.717034 -4.527559 3.409664,
        0.717461 -4.527559 3.424194,
        0.902242 -4.527559 3.171323,
        0.904158 -4.527559 3.167226,
        0.917503 -4.527559 3.138691,
        0.940097 -4.527559 3.110838,
        1.109303 -4.527559 3.082646,
        1.083262 -4.527559 3.072633,
        1.773014 -4.527559 0.393701,
        1.046461 -4.527559 3.068093,
        -1.609987 -4.527559 0.393701,
        1.040685 -4.527559 3.068199,
        1.004839 -4.527559 3.073770,
        -1.609987 -4.527559 3.082646,
        0.983685 -4.527559 3.082646,
        0.969804 -4.527559 3.088470,
        1.188687 -4.527559 3.167226,
        1.188506 -4.527559 3.166469,
        1.170511 -4.527559 3.132659,
        1.147346 -4.527559 3.106705,
        1.117116 -4.527559 3.085650,
        1.678619 -4.527559 3.430443,
        1.685580 -4.527559 3.380821,
        1.382551 -4.527559 3.256784,
        1.392968 -4.527559 3.260899,
        1.410804 -4.527559 3.347423,
        1.629410 -4.527559 3.236602,
        1.588127 -4.527559 3.201650,
        1.160318 -4.527559 3.321615,
        1.363743 -4.527559 3.427882,
        1.133746 -4.527559 3.345801,
        1.101524 -4.527559 3.363056,
        1.373216 -4.527559 3.250168,
        1.659565 -4.527559 3.278619,
        1.590696 -4.527559 3.392769,
        1.583525 -4.527559 3.421915,
        1.571935 -4.527559 3.443349,
        0.816455 -4.527559 3.443349,
        1.678626 -4.527559 3.326685,
        1.404732 -4.527559 3.262409,
        1.406209 -4.527559 3.262302,
        1.410763 -4.527559 3.261294,
        0.825440 -4.527559 3.352003,
        0.843428 -4.527559 3.321417,
        0.920504 -4.527559 3.305620,
        0.870637 -4.527559 3.293445,
        0.903760 -4.527559 3.273036,
        0.976623 -4.527559 3.355906,
        0.945592 -4.527559 3.334328,
        0.812674 -4.527559 3.412701,
        0.814515 -4.527559 3.389139,
        1.010151 -4.527559 3.368748,
        1.046461 -4.527559 3.373230,
        1.064875 -4.527559 3.372142,
        1.357671 -4.527559 3.215348,
        1.358056 -4.527559 3.221339,
        1.198270 -4.527559 3.235084,
        1.361105 -4.527559 3.232894,
        1.366943 -4.527559 3.243251,
        1.560616 -4.527559 3.298977,
        1.577328 -4.527559 3.322649,
        1.587802 -4.527559 3.349701,
        1.591457 -4.527559 3.379302,
        1.393143 -4.527559 3.169665,
        1.383102 -4.527559 3.173618,
        1.373256 -4.527559 3.180618,
        1.369727 -4.527559 3.184210,
        1.363110 -4.527559 3.193746,
        1.359111 -4.527559 3.204041,
        1.197431 -4.527559 3.203935,
        1.198270 -4.527559 3.219903,
        1.541809 -4.527559 3.178978,
        1.491263 -4.527559 3.168287,
        1.401696 -4.527559 3.168287,
        1.413841 -4.527559 3.260891,
        1.482155 -4.527559 3.260891,
        1.509524 -4.527559 3.266150,
        1.536296 -4.527559 3.278588,
        1.558722 -4.527559 3.296942,
        1.460902 -4.527559 3.497714,
        0.830231 -4.527559 3.483356,
        0.817214 -4.527559 3.449502,
        1.473046 -4.527559 3.497714,
        1.569375 -4.527559 3.448083,
        1.551999 -4.527559 3.467468,
        1.528461 -4.527559 3.483923,
        1.501970 -4.527559 3.494139,
        1.428081 -4.527559 3.589063,
        1.393805 -4.527559 3.629940,
        1.044943 -4.527559 3.541739,
        1.390147 -4.527559 3.633270,
        1.347501 -4.527559 3.662882,
        1.068154 -4.527559 3.589790,
        0.845970 -4.527559 3.505953,
        1.034315 -4.527559 3.547560,
        1.459086 -4.527559 3.505953,
        1.451548 -4.527559 3.540171,
        1.000282 -4.527559 3.560051,
        0.964484 -4.527559 3.564510,
        0.948516 -4.527559 3.563670,
        1.102210 -4.527559 3.630462,
        1.299900 -4.527559 3.681134,
        1.142854 -4.527559 3.660158,
        1.248368 -4.527559 3.687476,
        1.192441 -4.527559 3.680267,
        0.911050 -4.527559 3.554746,
        0.877241 -4.527559 3.536751,
        0.851286 -4.527559 3.513585,
        1.639122 -4.527559 3.505953,
        1.660047 -4.527559 3.476804,
        1.673448 -4.527559 3.443349,
        2.566609 -4.527559 3.193370,
        2.566609 -4.527559 3.169028,
        2.586777 -4.527559 3.167226,
        2.519316 -4.527559 3.167226,
        2.586777 -4.527559 3.443349,
        2.561752 -4.527559 3.382546,
        2.561752 -4.527559 3.357985,
        2.555693 -4.527559 3.289651,
        2.555693 -4.527559 3.265199,
        2.519316 -4.527559 3.265199,
        2.519316 -4.527559 3.357985,
        2.519316 -4.527559 3.289651,
        2.479335 -4.527559 3.357985,
        2.479335 -4.527559 3.289651,
        2.519316 -4.527559 3.169028,
        2.451772 -4.527559 3.169028,
        2.437363 -4.527559 3.167226,
        2.451772 -4.527559 3.382546,
        2.011294 -4.527559 3.241281,
        2.015783 -4.527559 3.284848,
        2.005599 -4.527559 3.232622,
        2.002245 -4.527559 3.222919,
        2.159657 -4.527559 3.201994,
        2.123416 -4.527559 3.267163,
        2.159657 -4.527559 3.174377,
        2.123416 -4.527559 3.169028,
        2.083322 -4.527559 3.177147,
        2.073885 -4.527559 3.170875,
        2.096672 -4.527559 3.169028,
        2.063796 -4.527559 3.167226,
        1.991331 -4.527559 3.082646,
        2.033731 -4.527559 3.167226,
        1.991331 -4.527559 3.167226,
        2.033243 -4.527559 3.167283,
        2.022989 -4.527559 3.171149,
        2.019319 -4.527559 3.248442,
        2.030417 -4.527559 3.254320,
        2.033196 -4.527559 3.295959,
        2.051479 -4.527559 3.259631,
        2.074839 -4.527559 3.302346,
        2.065779 -4.527559 3.303295,
        2.049914 -4.527559 3.301654,
        2.013982 -4.527559 3.177433,
        2.010991 -4.527559 3.180465,
        2.005434 -4.527559 3.188683,
        2.160876 -4.527559 3.289935,
        2.164061 -4.527559 3.298545,
        2.111190 -4.527559 3.308846,
        2.045077 -4.527559 3.322652,
        1.991331 -4.527559 3.443349,
        2.024572 -4.527559 3.315679,
        2.015783 -4.527559 3.310828,
        2.096672 -4.527559 3.192607,
        2.095962 -4.527559 3.192607,
        2.091771 -4.527559 3.186232,
        2.002200 -4.527559 3.197731,
        2.000883 -4.527559 3.209854,
        2.168835 -4.527559 3.196209,
        2.172020 -4.527559 3.194940,
        2.172020 -4.527559 3.251515,
        2.121061 -4.527559 3.288631,
        2.160971 -4.527559 3.269988,
        2.068290 -4.527559 3.325019,
        2.084128 -4.527559 3.323618,
        2.095470 -4.527559 3.320230,
        2.116758 -4.527559 3.300413,
        2.159821 -4.527559 3.280372,
        2.096672 -4.527559 3.265963,
        2.095741 -4.527559 3.277789,
        2.092976 -4.527559 3.287311,
        2.089834 -4.527559 3.292819,
        2.171783 -4.527559 3.251671,
        2.167408 -4.527559 3.256247,
        2.163920 -4.527559 3.261821,
        2.085791 -4.527559 3.297119,
        2.081043 -4.527559 3.300180,
        2.184321 -4.527559 3.167226,
        2.172020 -4.527559 3.082646,
        2.201030 -4.527559 3.165425,
        2.269610 -4.527559 3.082646,
        2.255337 -4.527559 3.318250,
        2.255337 -4.527559 3.292270,
        2.261379 -4.527559 3.199763,
        2.258094 -4.527559 3.191287,
        2.253109 -4.527559 3.184234,
        2.169031 -4.527559 3.305774,
        2.172020 -4.527559 3.308461,
        2.172020 -4.527559 3.443349,
        2.176959 -4.527559 3.312902,
        2.184212 -4.527559 3.317296,
        2.198710 -4.527559 3.322680,
        2.219205 -4.527559 3.325019,
        2.269610 -4.527559 3.443349,
        2.236170 -4.527559 3.323670,
        2.253700 -4.527559 3.235725,
        2.258691 -4.527559 3.228358,
        2.261545 -4.527559 3.220472,
        2.262651 -4.527559 3.210509,
        2.245458 -4.527559 3.177542,
        2.237690 -4.527559 3.172924,
        2.216585 -4.527559 3.303295,
        2.208669 -4.527559 3.302702,
        2.187385 -4.527559 3.282773,
        2.201514 -4.527559 3.300808,
        2.195517 -4.527559 3.297619,
        2.187628 -4.527559 3.279216,
        2.188689 -4.527559 3.275061,
        2.190616 -4.527559 3.271453,
        2.193224 -4.527559 3.268582,
        2.202653 -4.527559 3.262688,
        2.235383 -4.527559 3.300994,
        2.219205 -4.527559 3.255483,
        2.250502 -4.527559 3.295108,
        2.229561 -4.527559 3.251293,
        2.247323 -4.527559 3.241415,
        2.191482 -4.527559 3.294053,
        2.189189 -4.527559 3.290650,
        2.187869 -4.527559 3.287039,
        2.185543 -4.527559 3.189553,
        2.200320 -4.527559 3.236053,
        2.184379 -4.527559 3.243359,
        2.203650 -4.527559 3.187257,
        2.204831 -4.527559 3.187265,
        2.217881 -4.527559 3.228698,
        2.218541 -4.527559 3.188801,
        2.235197 -4.527559 3.207889,
        2.234935 -4.527559 3.211216,
        2.225441 -4.527559 3.191327,
        2.227880 -4.527559 3.192807,
        2.230949 -4.527559 3.195531,
        2.233284 -4.527559 3.198983,
        2.234643 -4.527559 3.202787,
        2.233720 -4.527559 3.215392,
        2.231652 -4.527559 3.218937,
        2.228320 -4.527559 3.222407,
        2.665127 -4.527559 3.566155,
        2.586777 -4.527559 3.566155,
        2.686905 -4.527559 3.507754,
        2.586777 -4.527559 3.505953,
        2.717361 -4.527559 3.507754,
        3.937008 -4.527559 3.505953,
        3.937008 -4.527559 3.723074,
        2.636036 -4.527559 3.721273,
        2.586777 -4.527559 3.723074,
        2.576216 -4.527559 3.566155,
        2.555693 -4.527559 3.507754,
        2.519316 -4.527559 3.505953,
        2.525238 -4.527559 3.507754,
        2.519316 -4.527559 3.723074,
        2.586777 -4.527559 3.669326,
        2.606563 -4.527559 3.721273,
        2.437363 -4.527559 3.723074,
        2.319387 -4.527559 3.723074,
        2.400467 -4.527559 3.721273,
        2.339555 -4.527559 3.721273,
        2.339555 -4.527559 3.507754,
        2.319387 -4.527559 3.505953,
        2.398283 -4.527559 3.507754,
        2.437363 -4.527559 3.505953,
        2.434235 -4.527559 3.512087,
        2.488863 -4.527559 3.685480,
        2.502044 -4.527559 3.666821,
        2.481191 -4.527559 3.693000,
        2.506624 -4.527559 3.575895,
        2.495472 -4.527559 3.554165,
        2.433068 -4.527559 3.717673,
        2.437363 -4.527559 3.716104,
        2.458837 -4.527559 3.708260,
        2.481191 -4.527559 3.537664,
        2.458634 -4.527559 3.521538,
        2.437363 -4.527559 3.513299,
        2.509900 -4.527559 3.646414,
        2.513394 -4.527559 3.617243,
        2.512395 -4.527559 3.600390,
        2.269610 -4.527559 3.723074,
        2.294362 -4.527559 3.721273,
        2.269610 -4.527559 3.721273,
        2.294362 -4.527559 3.696711,
        2.299220 -4.527559 3.532097,
        2.299220 -4.527559 3.507754,
        2.269610 -4.527559 3.505953,
        2.211946 -4.527559 3.532097,
        2.269610 -4.527559 3.532097,
        2.211946 -4.527559 3.603925,
        2.269610 -4.527559 3.603925,
        2.288304 -4.527559 3.603925,
        2.288304 -4.527559 3.628377,
        2.269610 -4.527559 3.696711,
        2.184382 -4.527559 3.721273,
        2.172020 -4.527559 3.723074,
        2.184382 -4.527559 3.507754,
        2.141646 -4.527559 3.716143,
        2.122152 -4.527559 3.722093,
        2.112404 -4.527559 3.723074,
        2.269610 -4.527559 3.507754,
        2.141646 -4.527559 3.687324,
        2.086520 -4.527559 3.528713,
        2.099079 -4.527559 3.529309,
        2.138004 -4.527559 3.514781,
        2.122821 -4.527559 3.534283,
        2.141646 -4.527559 3.543013,
        2.141646 -4.527559 3.516596,
        2.064534 -4.527559 3.696097,
        2.047737 -4.527559 3.688337,
        2.033140 -4.527559 3.676299,
        2.136345 -4.527559 3.690074,
        2.031528 -4.527559 3.674526,
        2.021250 -4.527559 3.659646,
        2.014144 -4.527559 3.641135,
        2.010707 -4.527559 3.612112,
        2.010739 -4.527559 3.609145,
        2.014250 -4.527559 3.583263,
        2.036539 -4.527559 3.546441,
        2.050669 -4.527559 3.536738,
        2.066060 -4.527559 3.531046,
        2.114323 -4.527559 3.697613,
        2.091323 -4.527559 3.699986,
        2.083121 -4.527559 3.699661,
        2.021082 -4.527559 3.565978,
        2.031667 -4.527559 3.551200,
        2.091050 -4.527559 3.724876,
        1.991331 -4.527559 4.527559,
        2.172020 -4.527559 4.527559,
        2.094863 -4.527559 3.724840,
        2.038051 -4.527559 3.712561,
        1.998896 -4.527559 3.676115,
        2.012618 -4.527559 3.693437,
        2.017387 -4.527559 3.698017,
        1.991331 -4.527559 3.562009,
        1.985904 -4.527559 3.576044,
        1.978532 -4.527559 3.505953,
        1.981780 -4.527559 3.610474,
        1.982501 -4.527559 3.625783,
        1.978532 -4.527559 3.723074,
        1.988049 -4.527559 3.652887,
        1.991331 -4.527559 3.659916,
        2.024942 -4.527559 3.519945,
        2.009179 -4.527559 3.533298,
        1.991331 -4.527559 3.505953,
        2.007239 -4.527559 3.535423,
        1.994547 -4.527559 3.553693,
        2.082535 -4.527559 3.504152,
        2.067678 -4.527559 3.504968,
        2.063285 -4.527559 3.505953,
        2.044869 -4.527559 3.510081,
        2.104379 -4.527559 3.315198,
        2.063044 -4.527559 3.166955,
        2.049241 -4.527559 3.165425,
        2.395227 -4.527559 3.321526,
        2.422954 -4.527559 3.321526,
        2.437363 -4.527559 3.443349,
        2.519316 -4.527559 3.382546,
        2.519316 -4.527559 3.443349,
        2.362117 -4.527559 3.167226,
        2.346323 -4.527559 3.206907,
        2.349598 -4.527559 3.194353,
        2.350307 -4.527559 3.194353,
        2.319387 -4.527559 3.443349,
        2.319387 -4.527559 3.284392,
        2.353582 -4.527559 3.206688,
        2.351535 -4.527559 3.199579,
        2.319387 -4.527559 3.212604,
        2.276569 -4.527559 3.321526,
        2.306479 -4.527559 3.321526,
        2.335488 -4.527559 3.167226,
        2.336389 -4.527559 3.169355,
        2.319387 -4.527559 3.131989,
        2.319423 -4.527559 3.132029,
        2.319387 -4.527559 3.167226,
        2.324654 -4.527559 3.141628,
        2.282081 -4.527559 3.123180,
        2.282081 -4.527559 3.099383,
        2.287553 -4.527559 3.121387,
        2.297255 -4.527559 3.120124,
        2.303676 -4.527559 3.120843,
        2.319387 -4.527559 3.101967,
        2.310134 -4.527559 3.098443,
        2.319387 -4.527559 3.082646,
        2.299329 -4.527559 3.097200,
        2.293425 -4.527559 3.097412,
        2.309533 -4.527559 3.123039,
        2.314442 -4.527559 3.126447,
        2.353746 -4.527559 3.145995,
        2.341639 -4.527559 3.122416,
        2.437363 -4.527559 3.082646,
        2.331852 -4.527559 3.110663,
        2.330028 -4.527559 3.108991,
        2.320687 -4.527559 3.102463,
        -3.937008 -4.527559 0.393701,
        -3.937008 -4.527559 3.082646,
        -3.937008 -4.527559 3.167226,
        -3.937008 -4.527559 3.443349,
        -3.937008 -4.527559 3.505953,
        -3.937008 -4.527559 3.723074,
        -3.937008 -4.527559 4.527559,
        1.973047 -4.527559 3.532097,
        1.973047 -4.527559 3.507754,
        1.860447 -4.527559 3.507754,
        1.888011 -4.527559 3.721273,
        1.888011 -4.527559 3.532097,
        1.860447 -4.527559 3.721273,
        1.978532 -4.527559 3.167226,
        1.975285 -4.527559 3.169028,
        1.860447 -4.527559 3.169028,
        1.975285 -4.527559 3.193370,
        1.970427 -4.527559 3.357985,
        1.888011 -4.527559 3.265199,
        1.888011 -4.527559 3.193370,
        1.964369 -4.527559 3.265199,
        1.964369 -4.527559 3.289651,
        1.888011 -4.527559 3.289651,
        1.888011 -4.527559 3.357985,
        1.860447 -4.527559 3.382546,
        1.970427 -4.527559 3.382546,
        1.978532 -4.527559 4.527559,
        2.269610 -4.527559 4.527559,
        2.319387 -4.527559 4.527559,
        2.437363 -4.527559 4.527559,
        2.519316 -4.527559 4.527559,
        2.586777 -4.527559 4.527559,
        3.937008 -4.527559 4.527559,
        2.606944 -4.527559 3.169028,
        2.606944 -4.527559 3.382546,
        2.665673 -4.527559 3.169028,
        2.954294 -4.527559 3.169028,
        2.984750 -4.527559 3.169028,
        3.937008 -4.527559 3.167226,
        2.903426 -4.527559 3.382546,
        3.937008 -4.527559 3.443349,
        2.932517 -4.527559 3.227429,
        2.843606 -4.527559 3.227429,
        2.823083 -4.527559 3.169028,
        2.792627 -4.527559 3.169028,
        2.701625 -4.527559 3.173360,
        2.873952 -4.527559 3.382546,
        2.748581 -4.527559 3.354274,
        2.756253 -4.527559 3.346754,
        2.769434 -4.527559 3.328094,
        2.777290 -4.527559 3.307688,
        2.667856 -4.527559 3.382546,
        2.700457 -4.527559 3.378946,
        2.726226 -4.527559 3.369533,
        2.762862 -4.527559 3.215439,
        2.748581 -4.527559 3.198938,
        2.726024 -4.527559 3.182811,
        2.780783 -4.527559 3.278516,
        2.779785 -4.527559 3.261664,
        2.774014 -4.527559 3.237168,
        2.519316 -4.527559 3.082646,
        2.586777 -4.527559 3.082646,
        3.937008 -4.527559 3.082646,
        1.978532 -4.527559 0.393701,
        1.991331 -4.527559 0.393701,
        2.172020 -4.527559 0.393701,
        2.269610 -4.527559 0.393701,
        2.319387 -4.527559 0.393701,
        2.437363 -4.527559 0.393701,
        2.519316 -4.527559 0.393701,
        2.586777 -4.527559 0.393701,
        3.937008 -4.527559 0.393701,
      ]
    }
    coordIndex [
      0, 1, 2, -1,
      3, 4, 5, -1,
      6, 7, 8, -1,
      9, 10, 11, -1,
      12, 13, 14, -1,
      15, 16, 17, -1,
      18, 19, 20, -1,
      21, 22, 23, -1,
      24, 25, 26, -1,
      26, 25, 3, -1,
      27, 28, 26, -1,
      26, 28, 29, -1,
      29, 30, 26, -1,
      26, 30, 31, -1,
      26, 31, 24, -1,
      32, 33, 34, -1,
      34, 33, 35, -1,
      34, 35, 36, -1,
      32, 34, 37, -1,
      37, 34, 38, -1,
      37, 38, 39, -1,
      39, 38, 40, -1,
      39, 40, 41, -1,
      40, 42, 41, -1,
      41, 42, 43, -1,
      41, 43, 44, -1,
      44, 43, 45, -1,
      44, 45, 46, -1,
      47, 48, 40, -1,
      40, 48, 49, -1,
      40, 49, 42, -1,
      50, 51, 52, -1,
      52, 53, 50, -1,
      50, 53, 54, -1,
      50, 54, 40, -1,
      40, 54, 55, -1,
      40, 55, 47, -1,
      56, 57, 58, -1,
      58, 57, 59, -1,
      58, 59, 60, -1,
      60, 61, 58, -1,
      58, 61, 62, -1,
      58, 62, 51, -1,
      51, 62, 63, -1,
      51, 63, 52, -1,
      64, 56, 65, -1,
      65, 56, 58, -1,
      65, 58, 66, -1,
      66, 58, 67, -1,
      68, 69, 70, -1,
      70, 69, 71, -1,
      70, 71, 72, -1,
      71, 73, 72, -1,
      72, 73, 74, -1,
      72, 74, 75, -1,
      75, 74, 76, -1,
      75, 76, 58, -1,
      58, 76, 77, -1,
      58, 77, 67, -1,
      0, 78, 1, -1,
      1, 78, 79, -1,
      1, 79, 80, -1,
      80, 81, 1, -1,
      1, 81, 82, -1,
      1, 82, 68, -1,
      83, 84, 4, -1,
      85, 86, 87, -1,
      88, 89, 0, -1,
      90, 91, 92, -1,
      92, 91, 93, -1,
      85, 87, 94, -1,
      88, 0, 95, -1,
      96, 97, 91, -1,
      91, 97, 98, -1,
      91, 98, 99, -1,
      4, 84, 0, -1,
      0, 84, 100, -1,
      0, 100, 95, -1,
      86, 101, 87, -1,
      87, 101, 102, -1,
      87, 102, 103, -1,
      104, 105, 106, -1,
      106, 105, 107, -1,
      106, 107, 108, -1,
      109, 99, 110, -1,
      110, 99, 111, -1,
      110, 111, 106, -1,
      106, 111, 112, -1,
      106, 112, 104, -1,
      109, 113, 99, -1,
      99, 113, 114, -1,
      99, 114, 91, -1,
      91, 114, 115, -1,
      91, 115, 93, -1,
      116, 117, 118, -1,
      118, 117, 119, -1,
      118, 119, 87, -1,
      87, 119, 120, -1,
      87, 120, 94, -1,
      121, 122, 87, -1,
      87, 122, 123, -1,
      87, 123, 91, -1,
      91, 123, 124, -1,
      91, 124, 96, -1,
      125, 126, 78, -1,
      78, 126, 127, -1,
      78, 127, 128, -1,
      128, 129, 78, -1,
      78, 129, 130, -1,
      78, 130, 131, -1,
      131, 130, 116, -1,
      131, 116, 132, -1,
      132, 116, 118, -1,
      89, 133, 0, -1,
      0, 133, 134, -1,
      0, 134, 78, -1,
      78, 134, 135, -1,
      78, 135, 125, -1,
      103, 136, 87, -1,
      87, 136, 137, -1,
      87, 137, 138, -1,
      138, 139, 87, -1,
      87, 139, 140, -1,
      87, 140, 121, -1,
      141, 142, 143, -1,
      143, 99, 141, -1,
      141, 99, 98, -1,
      141, 98, 144, -1,
      144, 98, 145, -1,
      145, 146, 144, -1,
      144, 146, 147, -1,
      144, 147, 148, -1,
      149, 150, 151, -1,
      150, 152, 151, -1,
      151, 152, 153, -1,
      151, 153, 154, -1,
      155, 151, 156, -1,
      142, 141, 155, -1,
      155, 141, 157, -1,
      155, 157, 151, -1,
      151, 157, 158, -1,
      151, 158, 149, -1,
      156, 159, 155, -1,
      155, 159, 160, -1,
      155, 160, 161, -1,
      154, 153, 162, -1,
      162, 153, 163, -1,
      162, 163, 164, -1,
      164, 163, 165, -1,
      164, 165, 166, -1,
      167, 168, 161, -1,
      161, 168, 169, -1,
      161, 169, 155, -1,
      25, 170, 3, -1,
      3, 170, 171, -1,
      3, 171, 4, -1,
      4, 171, 172, -1,
      4, 172, 83, -1,
      173, 174, 175, -1,
      175, 174, 176, -1,
      177, 178, 179, -1,
      180, 181, 173, -1,
      173, 181, 23, -1,
      23, 181, 182, -1,
      23, 182, 21, -1,
      179, 183, 184, -1,
      184, 183, 185, -1,
      184, 185, 186, -1,
      174, 187, 176, -1,
      176, 187, 188, -1,
      176, 188, 189, -1,
      189, 188, 190, -1,
      191, 192, 193, -1,
      193, 192, 194, -1,
      195, 196, 197, -1,
      197, 196, 198, -1,
      197, 198, 19, -1,
      199, 200, 201, -1,
      201, 200, 202, -1,
      201, 202, 198, -1,
      203, 204, 205, -1,
      205, 204, 206, -1,
      205, 206, 207, -1,
      191, 208, 192, -1,
      192, 208, 209, -1,
      192, 209, 210, -1,
      210, 209, 211, -1,
      212, 213, 211, -1,
      211, 213, 214, -1,
      211, 214, 210, -1,
      207, 215, 205, -1,
      205, 215, 216, -1,
      205, 216, 217, -1,
      218, 219, 220, -1,
      221, 222, 223, -1,
      223, 222, 224, -1,
      225, 226, 201, -1,
      201, 226, 227, -1,
      201, 227, 199, -1,
      217, 228, 205, -1,
      205, 228, 229, -1,
      205, 229, 222, -1,
      222, 229, 194, -1,
      222, 194, 224, -1,
      224, 194, 192, -1,
      230, 231, 232, -1,
      233, 196, 234, -1,
      221, 235, 222, -1,
      222, 235, 236, -1,
      222, 236, 237, -1,
      220, 238, 218, -1,
      218, 238, 233, -1,
      218, 233, 239, -1,
      239, 233, 234, -1,
      240, 241, 211, -1,
      211, 241, 242, -1,
      211, 242, 243, -1,
      230, 232, 195, -1,
      232, 244, 195, -1,
      195, 244, 245, -1,
      195, 245, 196, -1,
      196, 245, 246, -1,
      196, 246, 234, -1,
      243, 247, 211, -1,
      211, 247, 248, -1,
      211, 248, 212, -1,
      18, 20, 249, -1,
      249, 20, 250, -1,
      249, 250, 251, -1,
      251, 250, 16, -1,
      16, 250, 252, -1,
      16, 252, 17, -1,
      253, 254, 17, -1,
      255, 256, 17, -1,
      17, 256, 257, -1,
      258, 259, 260, -1,
      260, 259, 261, -1,
      260, 261, 262, -1,
      262, 263, 260, -1,
      260, 263, 264, -1,
      260, 264, 265, -1,
      265, 264, 266, -1,
      265, 266, 253, -1,
      267, 268, 254, -1,
      254, 268, 269, -1,
      254, 269, 17, -1,
      17, 269, 270, -1,
      17, 270, 255, -1,
      257, 271, 17, -1,
      17, 271, 272, -1,
      17, 272, 15, -1,
      273, 274, 275, -1,
      275, 274, 276, -1,
      275, 276, 277, -1,
      275, 278, 273, -1,
      273, 278, 279, -1,
      273, 279, 280, -1,
      280, 281, 273, -1,
      273, 281, 282, -1,
      273, 282, 283, -1,
      283, 282, 284, -1,
      283, 284, 285, -1,
      285, 284, 286, -1,
      285, 286, 254, -1,
      254, 286, 287, -1,
      254, 287, 267, -1,
      288, 289, 277, -1,
      277, 289, 290, -1,
      277, 290, 275, -1,
      291, 292, 231, -1,
      231, 292, 293, -1,
      231, 293, 232, -1,
      291, 294, 292, -1,
      292, 294, 295, -1,
      292, 295, 296, -1,
      296, 295, 297, -1,
      296, 298, 299, -1,
      297, 300, 296, -1,
      296, 300, 301, -1,
      296, 301, 302, -1,
      302, 303, 296, -1,
      296, 303, 304, -1,
      296, 304, 298, -1,
      299, 305, 296, -1,
      296, 305, 306, -1,
      296, 306, 307, -1,
      308, 309, 310, -1,
      310, 309, 311, -1,
      310, 311, 312, -1,
      313, 314, 315, -1,
      315, 314, 316, -1,
      309, 317, 311, -1,
      311, 317, 318, -1,
      311, 318, 319, -1,
      319, 318, 320, -1,
      319, 320, 321, -1,
      321, 320, 322, -1,
      321, 322, 316, -1,
      316, 322, 323, -1,
      316, 323, 315, -1,
      324, 325, 326, -1,
      326, 325, 327, -1,
      327, 325, 328, -1,
      328, 325, 329, -1,
      328, 329, 330, -1,
      330, 329, 331, -1,
      330, 331, 332, -1,
      333, 334, 321, -1,
      333, 321, 335, -1,
      319, 336, 337, -1,
      326, 338, 324, -1,
      324, 338, 339, -1,
      324, 339, 321, -1,
      321, 339, 340, -1,
      321, 340, 335, -1,
      337, 341, 319, -1,
      319, 341, 342, -1,
      319, 342, 331, -1,
      331, 342, 343, -1,
      331, 343, 332, -1,
      334, 344, 321, -1,
      321, 344, 345, -1,
      321, 345, 319, -1,
      319, 345, 346, -1,
      319, 346, 336, -1,
      325, 347, 348, -1,
      348, 347, 349, -1,
      348, 350, 325, -1,
      325, 350, 351, -1,
      325, 351, 329, -1,
      329, 351, 352, -1,
      329, 352, 353, -1,
      354, 355, 356, -1,
      356, 355, 357, -1,
      357, 355, 358, -1,
      358, 355, 351, -1,
      358, 351, 359, -1,
      359, 351, 350, -1,
      359, 350, 14, -1,
      14, 350, 360, -1,
      14, 360, 12, -1,
      349, 347, 361, -1,
      361, 347, 362, -1,
      361, 362, 363, -1,
      364, 362, 365, -1,
      365, 362, 366, -1,
      352, 367, 353, -1,
      353, 367, 363, -1,
      353, 363, 11, -1,
      11, 363, 362, -1,
      11, 362, 368, -1,
      368, 362, 364, -1,
      369, 370, 368, -1,
      9, 11, 371, -1,
      370, 372, 368, -1,
      368, 372, 373, -1,
      368, 373, 11, -1,
      11, 373, 374, -1,
      11, 374, 371, -1,
      375, 376, 377, -1,
      378, 379, 368, -1,
      368, 379, 380, -1,
      368, 380, 381, -1,
      381, 382, 368, -1,
      368, 382, 383, -1,
      368, 383, 384, -1,
      385, 386, 368, -1,
      368, 386, 387, -1,
      368, 387, 369, -1,
      378, 388, 379, -1,
      379, 388, 389, -1,
      379, 389, 377, -1,
      377, 389, 390, -1,
      377, 390, 375, -1,
      384, 391, 368, -1,
      368, 391, 392, -1,
      368, 392, 385, -1,
      7, 393, 394, -1,
      394, 393, 395, -1,
      395, 393, 396, -1,
      395, 396, 366, -1,
      6, 8, 397, -1,
      398, 399, 8, -1,
      8, 399, 400, -1,
      8, 400, 397, -1,
      401, 402, 403, -1,
      404, 405, 406, -1,
      406, 405, 407, -1,
      406, 407, 8, -1,
      8, 407, 408, -1,
      8, 408, 398, -1,
      409, 410, 411, -1,
      411, 410, 412, -1,
      411, 412, 413, -1,
      414, 415, 222, -1,
      222, 415, 416, -1,
      222, 416, 411, -1,
      411, 416, 417, -1,
      411, 417, 409, -1,
      10, 414, 260, -1,
      260, 414, 222, -1,
      260, 222, 258, -1,
      258, 222, 237, -1,
      258, 237, 219, -1,
      219, 237, 418, -1,
      219, 418, 220, -1,
      19, 198, 20, -1,
      20, 198, 202, -1,
      20, 202, 250, -1,
      250, 202, 419, -1,
      250, 419, 203, -1,
      203, 419, 420, -1,
      203, 420, 204, -1,
      421, 422, 423, -1,
      178, 177, 424, -1,
      424, 177, 425, -1,
      424, 425, 190, -1,
      190, 425, 423, -1,
      190, 423, 189, -1,
      189, 423, 422, -1,
      189, 422, 426, -1,
      427, 428, 429, -1,
      423, 430, 421, -1,
      421, 430, 431, -1,
      421, 431, 432, -1,
      432, 431, 427, -1,
      432, 427, 433, -1,
      433, 427, 429, -1,
      434, 435, 17, -1,
      253, 17, 265, -1,
      265, 17, 435, -1,
      265, 435, 430, -1,
      430, 435, 436, -1,
      430, 436, 431, -1,
      437, 438, 434, -1,
      439, 440, 441, -1,
      441, 440, 442, -1,
      441, 442, 437, -1,
      437, 434, 441, -1,
      441, 434, 17, -1,
      441, 17, 443, -1,
      443, 17, 252, -1,
      443, 252, 444, -1,
      443, 445, 441, -1,
      441, 445, 446, -1,
      441, 446, 447, -1,
      448, 449, 450, -1,
      450, 449, 451, -1,
      450, 451, 252, -1,
      252, 451, 452, -1,
      252, 452, 444, -1,
      447, 453, 441, -1,
      441, 453, 454, -1,
      441, 454, 439, -1,
      455, 456, 457, -1,
      455, 457, 426, -1,
      456, 458, 457, -1,
      457, 458, 459, -1,
      457, 459, 450, -1,
      450, 459, 460, -1,
      450, 460, 448, -1,
      461, 72, 462, -1,
      462, 72, 75, -1,
      462, 75, 463, -1,
      463, 75, 58, -1,
      463, 58, 464, -1,
      464, 58, 51, -1,
      464, 51, 465, -1,
      465, 51, 50, -1,
      465, 50, 466, -1,
      466, 50, 40, -1,
      466, 40, 467, -1,
      467, 40, 38, -1,
      468, 469, 403, -1,
      403, 469, 470, -1,
      471, 406, 26, -1,
      402, 404, 403, -1,
      403, 404, 406, -1,
      403, 406, 468, -1,
      468, 406, 471, -1,
      468, 471, 472, -1,
      5, 403, 3, -1,
      3, 403, 470, -1,
      3, 470, 26, -1,
      26, 470, 473, -1,
      26, 473, 471, -1,
      474, 475, 476, -1,
      475, 474, 477, -1,
      477, 474, 5, -1,
      477, 5, 478, -1,
      479, 480, 481, -1,
      481, 480, 477, -1,
      481, 477, 482, -1,
      482, 477, 478, -1,
      482, 478, 483, -1,
      483, 478, 484, -1,
      2, 474, 0, -1,
      0, 474, 476, -1,
      0, 476, 4, -1,
      4, 476, 485, -1,
      4, 485, 5, -1,
      5, 485, 486, -1,
      5, 486, 478, -1,
      7, 394, 8, -1,
      8, 394, 487, -1,
      8, 487, 406, -1,
      406, 487, 34, -1,
      406, 34, 26, -1,
      26, 34, 36, -1,
      26, 36, 27, -1,
      2, 203, 474, -1,
      474, 203, 205, -1,
      474, 205, 5, -1,
      5, 205, 222, -1,
      5, 222, 403, -1,
      403, 222, 411, -1,
      403, 411, 401, -1,
      401, 411, 413, -1,
      10, 260, 11, -1,
      11, 260, 265, -1,
      11, 265, 353, -1,
      353, 265, 430, -1,
      353, 430, 329, -1,
      329, 430, 423, -1,
      329, 423, 331, -1,
      331, 423, 425, -1,
      331, 425, 319, -1,
      319, 425, 177, -1,
      319, 177, 311, -1,
      366, 362, 395, -1,
      395, 362, 347, -1,
      395, 347, 488, -1,
      488, 347, 325, -1,
      488, 325, 489, -1,
      489, 325, 324, -1,
      489, 324, 490, -1,
      490, 324, 321, -1,
      490, 321, 491, -1,
      491, 321, 316, -1,
      491, 316, 492, -1,
      492, 316, 314, -1,
      492, 314, 493, -1,
      494, 495, 177, -1,
      184, 180, 179, -1,
      179, 180, 173, -1,
      179, 173, 177, -1,
      177, 173, 175, -1,
      177, 175, 494, -1,
      494, 175, 496, -1,
      497, 175, 498, -1,
      498, 175, 499, -1,
      498, 499, 500, -1,
      500, 499, 501, -1,
      502, 503, 497, -1,
      497, 503, 504, -1,
      497, 504, 175, -1,
      175, 504, 505, -1,
      175, 505, 496, -1,
      496, 505, 506, -1,
      315, 312, 313, -1,
      313, 312, 311, -1,
      313, 311, 501, -1,
      501, 311, 177, -1,
      501, 177, 500, -1,
      500, 177, 507, -1,
      508, 509, 507, -1,
      507, 509, 510, -1,
      507, 510, 511, -1,
      495, 512, 177, -1,
      177, 512, 513, -1,
      177, 513, 507, -1,
      507, 513, 514, -1,
      507, 514, 508, -1,
      515, 516, 505, -1,
      505, 516, 517, -1,
      505, 517, 506, -1,
      511, 518, 507, -1,
      507, 518, 519, -1,
      507, 519, 505, -1,
      505, 519, 520, -1,
      505, 520, 515, -1,
      426, 457, 189, -1,
      189, 457, 521, -1,
      189, 521, 176, -1,
      176, 521, 522, -1,
      176, 522, 175, -1,
      175, 522, 523, -1,
      175, 523, 499, -1,
      68, 70, 1, -1,
      1, 70, 524, -1,
      1, 524, 2, -1,
      2, 524, 525, -1,
      2, 525, 203, -1,
      203, 525, 526, -1,
      203, 526, 250, -1,
      250, 526, 527, -1,
      250, 527, 252, -1,
      252, 527, 528, -1,
      252, 528, 450, -1,
      450, 528, 529, -1,
      450, 529, 457, -1,
      457, 529, 530, -1,
      457, 530, 521, -1,
      521, 530, 531, -1,
      521, 531, 522, -1,
      522, 531, 532, -1,
      522, 532, 523, -1,
    ]
  }
}

Shape {
  appearance Appearance {
    material Material {
      diffuseColor 0.2078 0.2078 0.2078
      specularColor 0.0157 0.0157 0.0157
      ambientIntensity 0.2
      transparency 0.0000
      shininess 0.5
    }
  }
  geometry IndexedFaceSet {
    ccw TRUE
    solid FALSE
    coord DEF co Coordinate {
      point [
        1.773014 -4.527559 0.393701,
        -1.609987 -4.527559 0.393701,
        -3.937008 -4.527559 0.393701,
        1.978532 -4.527559 0.393701,
        1.991331 -4.527559 0.393701,
        2.172020 -4.527559 0.393701,
        2.269610 -4.527559 0.393701,
        2.319387 -4.527559 0.393701,
        2.437363 -4.527559 0.393701,
        2.519316 -4.527559 0.393701,
        2.586777 -4.527559 0.393701,
        3.937008 -4.527559 0.393701,
        -4.354590 4.354590 0.393701,
        -4.232283 4.448440 0.393701,
        -4.554239 4.922022 0.393701,
        4.354590 4.354590 0.393701,
        4.828214 4.703535 0.393701,
        4.703535 4.828214 0.393701,
        4.232283 4.448440 0.393701,
        4.232283 -4.448440 0.393701,
        4.703535 -4.828214 0.393701,
        4.354590 -4.354590 0.393701,
        4.828214 -4.703535 0.393701,
        4.448440 -4.232283 0.393701,
        -4.354590 -4.354590 0.393701,
        -4.828214 -4.703535 0.393701,
        -4.703535 -4.828214 0.393701,
        4.212599 5.000000 0.393701,
        4.089854 4.507437 0.393701,
        4.387812 4.980258 0.393701,
        4.554239 4.922022 0.393701,
        -4.232283 -4.448440 0.393701,
        4.922022 4.554239 0.393701,
        4.448440 4.232283 0.393701,
        4.980258 4.387812 0.393701,
        4.507437 4.089854 0.393701,
        5.000000 4.212599 0.393701,
        4.527559 3.937008 0.393701,
        5.000000 -4.212599 0.393701,
        4.212599 -5.000000 0.393701,
        4.089854 -4.507437 0.393701,
        4.387812 -4.980258 0.393701,
        4.554239 -4.922022 0.393701,
        -5.000000 4.212599 0.393701,
        -4.507437 4.089854 0.393701,
        -4.980258 4.387812 0.393701,
        -4.448440 4.232283 0.393701,
        -4.387812 4.980258 0.393701,
        -4.089854 4.507437 0.393701,
        -4.212599 5.000000 0.393701,
        -3.937008 4.527559 0.393701,
        3.937008 4.527559 0.393701,
        4.527559 -3.937008 0.393701,
        4.507437 -4.089854 0.393701,
        4.980258 -4.387812 0.393701,
        4.922022 -4.554239 0.393701,
        -4.922022 -4.554239 0.393701,
        -4.448440 -4.232283 0.393701,
        -4.980258 -4.387812 0.393701,
        -4.507437 -4.089854 0.393701,
        -5.000000 -4.212599 0.393701,
        -4.527559 -3.937008 0.393701,
        -4.527559 3.937008 0.393701,
        -4.703535 4.828214 0.393701,
        -4.828214 4.703535 0.393701,
        -4.922022 4.554239 0.393701,
        -4.554239 -4.922022 0.393701,
        -4.387812 -4.980258 0.393701,
        -4.089854 -4.507437 0.393701,
        -4.212599 -5.000000 0.393701,
        -5.000000 -4.212599 0.000000,
        -4.980258 -4.387812 0.000000,
        -4.957533 -4.452756 0.000000,
        -4.922022 -4.554239 0.000000,
        -4.828214 -4.703535 0.000000,
        -4.703535 -4.828214 0.000000,
        -4.554239 -4.922022 0.000000,
        -4.387812 -4.980258 0.000000,
        -4.212599 -5.000000 0.000000,
        2.896609 -5.000000 0.000000,
        4.212599 -5.000000 0.000000,
        -2.896609 -5.000000 0.000000,
        -0.777188 -5.000000 0.000000,
        0.777188 -5.000000 0.000000,
        4.387812 -4.980258 0.000000,
        4.452756 -4.957533 0.000000,
        4.554239 -4.922022 0.000000,
        4.703535 -4.828214 0.000000,
        4.828214 -4.703535 0.000000,
        4.922022 -4.554239 0.000000,
        4.957533 -4.452756 0.000000,
        4.980258 -4.387812 0.000000,
        5.000000 -4.212599 0.000000,
        5.000000 -2.801699 0.000000,
        5.000000 0.000000 0.000000,
        5.000000 2.801699 0.000000,
        5.000000 4.212599 0.000000,
        4.980258 4.387812 0.000000,
        4.922022 4.554239 0.000000,
        4.828214 4.703535 0.000000,
        4.703535 4.828214 0.000000,
        4.554239 4.922022 0.000000,
        4.452756 4.957533 0.000000,
        4.387812 4.980258 0.000000,
        4.212599 5.000000 0.000000,
        -2.896609 5.000000 0.000000,
        -4.212599 5.000000 0.000000,
        2.896609 5.000000 0.000000,
        0.777188 5.000000 0.000000,
        -0.777188 5.000000 0.000000,
        -4.387812 4.980258 0.000000,
        -4.554239 4.922022 0.000000,
        -4.703535 4.828214 0.000000,
        -4.828214 4.703535 0.000000,
        -4.922022 4.554239 0.000000,
        -4.980258 4.387812 0.000000,
        -5.000000 4.212599 0.000000,
        -5.000000 2.801699 0.000000,
        -5.000000 0.000000 0.000000,
        -5.000000 -2.801699 0.000000,
        1.410624 1.714235 0.000000,
        1.396896 1.609961 0.000000,
        0.777188 2.801699 0.000000,
        4.452756 -4.452756 0.000000,
        2.896609 -4.452756 0.000000,
        3.595917 3.788791 0.000000,
        3.590551 3.748031 0.000000,
        2.896609 2.801699 0.000000,
        3.595917 3.707272 0.000000,
        3.826772 3.611650 0.000000,
        3.859387 3.636676 0.000000,
        4.452756 2.801699 0.000000,
        3.884413 3.669292 0.000000,
        3.611650 3.669292 0.000000,
        3.636676 3.636676 0.000000,
        3.669292 3.611650 0.000000,
        3.900146 3.707272 0.000000,
        3.905512 3.748031 0.000000,
        3.900146 3.788791 0.000000,
        3.884413 3.826772 0.000000,
        3.707272 3.595917 0.000000,
        3.748031 3.590551 0.000000,
        3.788791 3.595917 0.000000,
        3.859387 3.859387 0.000000,
        3.826772 3.884413 0.000000,
        3.788791 3.900146 0.000000,
        3.748031 3.905512 0.000000,
        3.707272 3.900146 0.000000,
        3.669292 3.884413 0.000000,
        3.636676 3.859387 0.000000,
        3.611650 3.826772 0.000000,
        -3.900146 3.707272 0.000000,
        -3.905512 3.748031 0.000000,
        -3.900146 3.788791 0.000000,
        -3.884413 3.669292 0.000000,
        -3.859387 3.636676 0.000000,
        -3.826772 3.611650 0.000000,
        -3.788791 3.595917 0.000000,
        -3.748031 3.590551 0.000000,
        -2.896609 2.801699 0.000000,
        -3.884413 3.826772 0.000000,
        -3.859387 3.859387 0.000000,
        -3.707272 3.900146 0.000000,
        -3.707272 3.595917 0.000000,
        -3.669292 3.611650 0.000000,
        -3.636676 3.636676 0.000000,
        -3.611650 3.669292 0.000000,
        -3.595917 3.707272 0.000000,
        -3.590551 3.748031 0.000000,
        -3.826772 3.884413 0.000000,
        -3.788791 3.900146 0.000000,
        -3.748031 3.905512 0.000000,
        -3.595917 3.788791 0.000000,
        -3.611650 3.826772 0.000000,
        -3.636676 3.859387 0.000000,
        -3.669292 3.884413 0.000000,
        -3.788791 -3.900146 0.000000,
        -3.748031 -3.905512 0.000000,
        -2.896609 -4.452756 0.000000,
        -3.707272 -3.900146 0.000000,
        -3.669292 -3.884413 0.000000,
        -3.636676 -3.859387 0.000000,
        -3.611650 -3.826772 0.000000,
        -3.595917 -3.788791 0.000000,
        -3.590551 -3.748031 0.000000,
        -3.748031 -3.590551 0.000000,
        -3.788791 -3.595917 0.000000,
        -3.826772 -3.611650 0.000000,
        -3.859387 -3.636676 0.000000,
        -3.884413 -3.669292 0.000000,
        -3.900146 -3.707272 0.000000,
        -3.905512 -3.748031 0.000000,
        -3.900146 -3.788791 0.000000,
        -3.884413 -3.826772 0.000000,
        -3.859387 -3.859387 0.000000,
        -3.826772 -3.884413 0.000000,
        -3.595917 -3.707272 0.000000,
        -2.896609 -2.801699 0.000000,
        -3.611650 -3.669292 0.000000,
        -3.636676 -3.636676 0.000000,
        -3.669292 -3.611650 0.000000,
        -3.707272 -3.595917 0.000000,
        -0.777188 2.801699 0.000000,
        -1.514899 1.894844 0.000000,
        -1.598339 1.958870 0.000000,
        -1.695507 1.220804 0.000000,
        -1.598339 1.261052 0.000000,
        -0.777188 0.000000 0.000000,
        -2.148691 1.408518 0.000000,
        -2.084665 1.325078 0.000000,
        -2.896609 0.000000 0.000000,
        -1.450873 1.811404 0.000000,
        -1.695507 1.999119 0.000000,
        -1.799782 2.012846 0.000000,
        -1.904056 1.999119 0.000000,
        -2.001224 1.958870 0.000000,
        -2.084665 1.894844 0.000000,
        -2.148691 1.811404 0.000000,
        -2.188939 1.714235 0.000000,
        -2.202667 1.609961 0.000000,
        -2.188939 1.505687 0.000000,
        -2.001224 1.261052 0.000000,
        -1.904056 1.220804 0.000000,
        -1.799782 1.207076 0.000000,
        -1.514899 1.325078 0.000000,
        -1.450873 1.408518 0.000000,
        -1.410624 1.505687 0.000000,
        -1.396896 1.609961 0.000000,
        -1.410624 1.714235 0.000000,
        0.777188 0.000000 0.000000,
        1.410624 1.505687 0.000000,
        2.084665 1.894844 0.000000,
        2.148691 1.811404 0.000000,
        2.188939 1.714235 0.000000,
        1.450873 1.408518 0.000000,
        1.514899 1.325078 0.000000,
        1.598339 1.261052 0.000000,
        2.896609 0.000000 0.000000,
        2.001224 1.261052 0.000000,
        2.084665 1.325078 0.000000,
        1.695507 1.999119 0.000000,
        1.598339 1.958870 0.000000,
        2.148691 1.408518 0.000000,
        2.188939 1.505687 0.000000,
        2.202667 1.609961 0.000000,
        1.514899 1.894844 0.000000,
        1.450873 1.811404 0.000000,
        1.695507 1.220804 0.000000,
        1.799782 1.207076 0.000000,
        1.904056 1.220804 0.000000,
        2.001224 1.958870 0.000000,
        1.904056 1.999119 0.000000,
        1.799782 2.012846 0.000000,
        -2.148691 -1.811404 0.000000,
        -2.084665 -1.894844 0.000000,
        -1.396896 -1.609961 0.000000,
        -1.410624 -1.505687 0.000000,
        -2.188939 -1.714235 0.000000,
        -1.450873 -1.811404 0.000000,
        -1.410624 -1.714235 0.000000,
        -0.777188 -2.801699 0.000000,
        -2.001224 -1.261052 0.000000,
        -2.084665 -1.325078 0.000000,
        -2.148691 -1.408518 0.000000,
        -2.188939 -1.505687 0.000000,
        -2.202667 -1.609961 0.000000,
        -1.695507 -1.999119 0.000000,
        -1.598339 -1.958870 0.000000,
        -1.514899 -1.894844 0.000000,
        -1.450873 -1.408518 0.000000,
        -1.514899 -1.325078 0.000000,
        -1.598339 -1.261052 0.000000,
        -2.001224 -1.958870 0.000000,
        -1.904056 -1.999119 0.000000,
        -1.799782 -2.012846 0.000000,
        -1.695507 -1.220804 0.000000,
        -1.799782 -1.207076 0.000000,
        -1.904056 -1.220804 0.000000,
        0.777188 -2.801699 0.000000,
        1.396896 -1.609961 0.000000,
        1.410624 -1.714235 0.000000,
        2.896609 -2.801699 0.000000,
        2.188939 -1.714235 0.000000,
        2.202667 -1.609961 0.000000,
        2.148691 -1.408518 0.000000,
        2.084665 -1.325078 0.000000,
        2.188939 -1.505687 0.000000,
        1.410624 -1.505687 0.000000,
        2.001224 -1.958870 0.000000,
        2.084665 -1.894844 0.000000,
        2.148691 -1.811404 0.000000,
        1.450873 -1.811404 0.000000,
        1.514899 -1.894844 0.000000,
        1.598339 -1.958870 0.000000,
        1.695507 -1.999119 0.000000,
        1.799782 -2.012846 0.000000,
        1.904056 -1.999119 0.000000,
        1.695507 -1.220804 0.000000,
        1.598339 -1.261052 0.000000,
        2.001224 -1.261052 0.000000,
        1.904056 -1.220804 0.000000,
        1.799782 -1.207076 0.000000,
        1.514899 -1.325078 0.000000,
        1.450873 -1.408518 0.000000,
        4.452756 0.000000 0.000000,
        4.452756 -2.801699 0.000000,
        -0.777188 -4.452756 0.000000,
        -0.157480 -3.748031 0.000000,
        -0.152114 -3.788791 0.000000,
        0.157480 -3.748031 0.000000,
        0.152114 -3.707272 0.000000,
        -0.136382 -3.826772 0.000000,
        -0.111356 -3.859387 0.000000,
        -0.078740 -3.884413 0.000000,
        0.078740 -3.884413 0.000000,
        0.111356 -3.859387 0.000000,
        0.777188 -4.452756 0.000000,
        -0.040759 -3.900146 0.000000,
        0.000000 -3.905512 0.000000,
        0.040759 -3.900146 0.000000,
        0.136382 -3.826772 0.000000,
        0.152114 -3.788791 0.000000,
        0.136382 -3.669292 0.000000,
        0.111356 -3.636676 0.000000,
        0.078740 -3.611650 0.000000,
        -0.152114 -3.707272 0.000000,
        0.040759 -3.595917 0.000000,
        0.000000 -3.590551 0.000000,
        -0.040759 -3.595917 0.000000,
        -0.078740 -3.611650 0.000000,
        -0.111356 -3.636676 0.000000,
        -0.136382 -3.669292 0.000000,
        3.590551 -3.748031 0.000000,
        3.595917 -3.788791 0.000000,
        3.611650 -3.826772 0.000000,
        3.636676 -3.859387 0.000000,
        3.595917 -3.707272 0.000000,
        3.669292 -3.884413 0.000000,
        3.707272 -3.900146 0.000000,
        3.748031 -3.905512 0.000000,
        3.788791 -3.900146 0.000000,
        3.826772 -3.884413 0.000000,
        3.859387 -3.859387 0.000000,
        3.884413 -3.826772 0.000000,
        3.788791 -3.595917 0.000000,
        3.748031 -3.590551 0.000000,
        3.900146 -3.788791 0.000000,
        3.905512 -3.748031 0.000000,
        3.900146 -3.707272 0.000000,
        3.884413 -3.669292 0.000000,
        3.707272 -3.595917 0.000000,
        3.669292 -3.611650 0.000000,
        3.859387 -3.636676 0.000000,
        3.826772 -3.611650 0.000000,
        3.636676 -3.636676 0.000000,
        3.611650 -3.669292 0.000000,
      ]
    }
    coordIndex [
      12, 13, 14, -1,
      15, 16, 17, -1,
      15, 17, 18, -1,
      19, 20, 21, -1,
      21, 20, 22, -1,
      21, 22, 23, -1,
      24, 25, 26, -1,
      27, 28, 29, -1,
      29, 28, 18, -1,
      29, 18, 30, -1,
      30, 18, 17, -1,
      24, 26, 31, -1,
      16, 15, 32, -1,
      32, 15, 33, -1,
      32, 33, 34, -1,
      34, 33, 35, -1,
      34, 35, 36, -1,
      36, 35, 37, -1,
      36, 37, 38, -1,
      11, 39, 40, -1,
      40, 39, 41, -1,
      40, 41, 19, -1,
      19, 41, 42, -1,
      19, 42, 20, -1,
      43, 44, 45, -1,
      45, 44, 46, -1,
      14, 13, 47, -1,
      47, 13, 48, -1,
      47, 48, 49, -1,
      49, 48, 50, -1,
      49, 50, 27, -1,
      27, 50, 51, -1,
      27, 51, 28, -1,
      37, 52, 38, -1,
      38, 52, 53, -1,
      38, 53, 54, -1,
      54, 53, 23, -1,
      54, 23, 55, -1,
      55, 23, 22, -1,
      25, 24, 56, -1,
      56, 24, 57, -1,
      56, 57, 58, -1,
      58, 57, 59, -1,
      58, 59, 60, -1,
      60, 59, 61, -1,
      60, 61, 43, -1,
      43, 61, 62, -1,
      43, 62, 44, -1,
      14, 63, 12, -1,
      12, 63, 64, -1,
      12, 64, 46, -1,
      46, 64, 65, -1,
      46, 65, 45, -1,
      11, 10, 39, -1,
      39, 10, 9, -1,
      39, 9, 8, -1,
      8, 7, 39, -1,
      39, 7, 6, -1,
      39, 6, 5, -1,
      26, 66, 31, -1,
      31, 66, 67, -1,
      31, 67, 68, -1,
      68, 67, 69, -1,
      68, 69, 2, -1,
      2, 69, 1, -1,
      5, 4, 39, -1,
      39, 4, 3, -1,
      39, 3, 69, -1,
      69, 3, 0, -1,
      69, 0, 1, -1,
      60, 70, 71, -1,
      60, 71, 58, -1,
      58, 71, 72, -1,
      58, 72, 56, -1,
      72, 73, 56, -1,
      56, 73, 74, -1,
      56, 74, 25, -1,
      25, 74, 75, -1,
      25, 75, 26, -1,
      26, 75, 76, -1,
      26, 76, 66, -1,
      66, 76, 77, -1,
      66, 77, 67, -1,
      67, 77, 78, -1,
      67, 78, 69, -1,
      79, 80, 39, -1,
      78, 81, 69, -1,
      69, 81, 82, -1,
      69, 82, 39, -1,
      39, 82, 83, -1,
      39, 83, 79, -1,
      39, 80, 84, -1,
      39, 84, 41, -1,
      41, 84, 85, -1,
      41, 85, 42, -1,
      85, 86, 42, -1,
      42, 86, 87, -1,
      42, 87, 20, -1,
      20, 87, 88, -1,
      20, 88, 22, -1,
      22, 88, 89, -1,
      22, 89, 55, -1,
      55, 89, 90, -1,
      55, 90, 54, -1,
      90, 91, 54, -1,
      54, 91, 92, -1,
      54, 92, 38, -1,
      92, 93, 38, -1,
      38, 93, 94, -1,
      38, 94, 36, -1,
      36, 94, 95, -1,
      36, 95, 96, -1,
      36, 96, 97, -1,
      36, 97, 34, -1,
      34, 97, 98, -1,
      34, 98, 32, -1,
      32, 98, 99, -1,
      32, 99, 16, -1,
      16, 99, 100, -1,
      16, 100, 17, -1,
      17, 100, 101, -1,
      17, 101, 30, -1,
      30, 101, 102, -1,
      30, 102, 29, -1,
      102, 103, 29, -1,
      29, 103, 104, -1,
      29, 104, 27, -1,
      105, 106, 49, -1,
      104, 107, 27, -1,
      27, 107, 108, -1,
      27, 108, 49, -1,
      49, 108, 109, -1,
      49, 109, 105, -1,
      49, 106, 110, -1,
      49, 110, 47, -1,
      47, 110, 111, -1,
      47, 111, 14, -1,
      14, 111, 112, -1,
      14, 112, 63, -1,
      63, 112, 113, -1,
      63, 113, 64, -1,
      64, 113, 114, -1,
      64, 114, 65, -1,
      65, 114, 115, -1,
      65, 115, 45, -1,
      45, 115, 116, -1,
      45, 116, 43, -1,
      116, 117, 43, -1,
      43, 117, 118, -1,
      43, 118, 60, -1,
      60, 118, 119, -1,
      60, 119, 70, -1,
      120, 121, 122, -1,
      85, 84, 123, -1,
      123, 84, 80, -1,
      123, 80, 124, -1,
      91, 90, 123, -1,
      123, 90, 89, -1,
      123, 89, 88, -1,
      88, 87, 123, -1,
      123, 87, 86, -1,
      123, 86, 85, -1,
      102, 101, 98, -1,
      98, 101, 100, -1,
      98, 100, 99, -1,
      125, 126, 127, -1,
      127, 126, 128, -1,
      129, 130, 131, -1,
      131, 130, 132, -1,
      128, 133, 127, -1,
      127, 133, 134, -1,
      127, 134, 135, -1,
      132, 136, 131, -1,
      131, 136, 137, -1,
      131, 137, 102, -1,
      102, 137, 138, -1,
      102, 138, 139, -1,
      140, 141, 131, -1,
      131, 141, 142, -1,
      131, 142, 129, -1,
      139, 143, 102, -1,
      102, 143, 144, -1,
      102, 144, 103, -1,
      103, 144, 145, -1,
      103, 145, 104, -1,
      104, 145, 146, -1,
      104, 146, 107, -1,
      107, 146, 147, -1,
      107, 147, 148, -1,
      148, 149, 107, -1,
      107, 149, 150, -1,
      107, 150, 125, -1,
      151, 117, 152, -1,
      152, 117, 116, -1,
      152, 116, 153, -1,
      151, 154, 117, -1,
      117, 154, 155, -1,
      117, 155, 156, -1,
      157, 158, 159, -1,
      153, 116, 160, -1,
      160, 116, 115, -1,
      160, 115, 161, -1,
      161, 115, 114, -1,
      161, 114, 113, -1,
      106, 105, 162, -1,
      158, 163, 159, -1,
      159, 163, 164, -1,
      159, 164, 165, -1,
      165, 166, 159, -1,
      159, 166, 167, -1,
      159, 167, 168, -1,
      113, 112, 161, -1,
      161, 112, 111, -1,
      161, 111, 169, -1,
      169, 111, 110, -1,
      169, 110, 170, -1,
      170, 110, 106, -1,
      170, 106, 171, -1,
      171, 106, 162, -1,
      105, 172, 173, -1,
      173, 174, 105, -1,
      105, 174, 175, -1,
      105, 175, 162, -1,
      176, 177, 178, -1,
      177, 179, 178, -1,
      178, 179, 180, -1,
      178, 180, 181, -1,
      181, 182, 178, -1,
      178, 182, 183, -1,
      178, 183, 184, -1,
      185, 186, 119, -1,
      119, 186, 187, -1,
      119, 187, 188, -1,
      188, 189, 119, -1,
      119, 189, 190, -1,
      119, 190, 70, -1,
      190, 191, 70, -1,
      70, 191, 192, -1,
      70, 192, 71, -1,
      71, 192, 193, -1,
      71, 193, 72, -1,
      72, 193, 194, -1,
      72, 194, 195, -1,
      184, 196, 197, -1,
      197, 196, 198, -1,
      198, 199, 197, -1,
      197, 199, 200, -1,
      197, 200, 201, -1,
      77, 76, 78, -1,
      78, 76, 75, -1,
      78, 75, 74, -1,
      74, 73, 78, -1,
      78, 73, 72, -1,
      78, 72, 81, -1,
      125, 127, 107, -1,
      107, 127, 122, -1,
      107, 122, 108, -1,
      108, 122, 202, -1,
      108, 202, 109, -1,
      109, 202, 159, -1,
      109, 159, 105, -1,
      105, 159, 168, -1,
      105, 168, 172, -1,
      203, 204, 202, -1,
      205, 206, 207, -1,
      208, 209, 210, -1,
      203, 202, 211, -1,
      204, 212, 202, -1,
      202, 212, 213, -1,
      202, 213, 159, -1,
      159, 213, 214, -1,
      214, 215, 159, -1,
      159, 215, 216, -1,
      159, 216, 217, -1,
      217, 218, 159, -1,
      159, 218, 219, -1,
      159, 219, 210, -1,
      210, 219, 220, -1,
      210, 220, 208, -1,
      209, 221, 210, -1,
      210, 221, 222, -1,
      210, 222, 207, -1,
      207, 222, 223, -1,
      207, 223, 205, -1,
      206, 224, 207, -1,
      207, 224, 225, -1,
      207, 225, 226, -1,
      226, 227, 202, -1,
      202, 227, 228, -1,
      202, 228, 211, -1,
      226, 202, 207, -1,
      207, 202, 122, -1,
      207, 122, 229, -1,
      229, 122, 121, -1,
      229, 121, 230, -1,
      231, 127, 232, -1,
      232, 127, 233, -1,
      230, 234, 229, -1,
      229, 234, 235, -1,
      229, 235, 236, -1,
      237, 238, 239, -1,
      240, 241, 122, -1,
      239, 242, 237, -1,
      237, 242, 243, -1,
      237, 243, 127, -1,
      127, 243, 244, -1,
      127, 244, 233, -1,
      241, 245, 122, -1,
      122, 245, 246, -1,
      122, 246, 120, -1,
      236, 247, 229, -1,
      229, 247, 248, -1,
      229, 248, 237, -1,
      237, 248, 249, -1,
      237, 249, 238, -1,
      231, 250, 127, -1,
      127, 250, 251, -1,
      127, 251, 122, -1,
      122, 251, 252, -1,
      122, 252, 240, -1,
      156, 157, 117, -1,
      117, 157, 159, -1,
      117, 159, 118, -1,
      118, 159, 210, -1,
      118, 210, 119, -1,
      119, 210, 197, -1,
      119, 197, 185, -1,
      185, 197, 201, -1,
      253, 254, 197, -1,
      255, 256, 207, -1,
      253, 197, 257, -1,
      258, 259, 260, -1,
      260, 259, 255, -1,
      210, 261, 262, -1,
      262, 263, 210, -1,
      210, 263, 264, -1,
      210, 264, 197, -1,
      197, 264, 265, -1,
      197, 265, 257, -1,
      266, 267, 260, -1,
      260, 267, 268, -1,
      260, 268, 258, -1,
      256, 269, 207, -1,
      207, 269, 270, -1,
      207, 270, 271, -1,
      254, 272, 197, -1,
      197, 272, 273, -1,
      197, 273, 260, -1,
      260, 273, 274, -1,
      260, 274, 266, -1,
      271, 275, 207, -1,
      207, 275, 276, -1,
      207, 276, 210, -1,
      210, 276, 277, -1,
      210, 277, 261, -1,
      278, 279, 280, -1,
      281, 282, 283, -1,
      284, 285, 237, -1,
      281, 283, 237, -1,
      237, 283, 286, -1,
      237, 286, 284, -1,
      255, 207, 260, -1,
      260, 207, 229, -1,
      260, 229, 278, -1,
      278, 229, 287, -1,
      278, 287, 279, -1,
      288, 289, 281, -1,
      281, 289, 290, -1,
      281, 290, 282, -1,
      280, 291, 278, -1,
      278, 291, 292, -1,
      278, 292, 293, -1,
      293, 294, 278, -1,
      278, 294, 295, -1,
      278, 295, 281, -1,
      281, 295, 296, -1,
      281, 296, 288, -1,
      229, 297, 298, -1,
      285, 299, 237, -1,
      237, 299, 300, -1,
      237, 300, 229, -1,
      229, 300, 301, -1,
      229, 301, 297, -1,
      298, 302, 229, -1,
      229, 302, 303, -1,
      229, 303, 287, -1,
      135, 140, 127, -1,
      127, 140, 131, -1,
      127, 131, 237, -1,
      237, 131, 304, -1,
      237, 304, 281, -1,
      281, 304, 305, -1,
      98, 97, 102, -1,
      102, 97, 96, -1,
      102, 96, 131, -1,
      131, 96, 95, -1,
      131, 95, 304, -1,
      304, 95, 94, -1,
      304, 94, 305, -1,
      305, 94, 93, -1,
      305, 93, 123, -1,
      123, 93, 92, -1,
      123, 92, 91, -1,
      306, 307, 308, -1,
      309, 310, 278, -1,
      308, 311, 306, -1,
      306, 311, 312, -1,
      306, 312, 313, -1,
      314, 315, 316, -1,
      313, 317, 306, -1,
      306, 317, 318, -1,
      306, 318, 316, -1,
      316, 318, 319, -1,
      316, 319, 314, -1,
      315, 320, 316, -1,
      316, 320, 321, -1,
      316, 321, 309, -1,
      310, 322, 278, -1,
      278, 322, 323, -1,
      278, 323, 324, -1,
      184, 197, 178, -1,
      178, 197, 260, -1,
      178, 260, 306, -1,
      306, 260, 325, -1,
      306, 325, 307, -1,
      324, 326, 278, -1,
      278, 326, 327, -1,
      278, 327, 260, -1,
      260, 327, 328, -1,
      260, 328, 329, -1,
      329, 330, 260, -1,
      260, 330, 331, -1,
      260, 331, 325, -1,
      332, 333, 124, -1,
      124, 333, 334, -1,
      124, 334, 335, -1,
      309, 278, 316, -1,
      316, 278, 281, -1,
      316, 281, 124, -1,
      124, 281, 336, -1,
      124, 336, 332, -1,
      335, 337, 124, -1,
      124, 337, 338, -1,
      124, 338, 123, -1,
      123, 338, 339, -1,
      123, 339, 340, -1,
      340, 341, 123, -1,
      123, 341, 342, -1,
      123, 342, 343, -1,
      305, 344, 345, -1,
      343, 346, 123, -1,
      123, 346, 347, -1,
      123, 347, 305, -1,
      305, 347, 348, -1,
      305, 348, 349, -1,
      305, 345, 281, -1,
      281, 345, 350, -1,
      281, 350, 351, -1,
      349, 352, 305, -1,
      305, 352, 353, -1,
      305, 353, 344, -1,
      351, 354, 281, -1,
      281, 354, 355, -1,
      281, 355, 336, -1,
      80, 79, 124, -1,
      124, 79, 83, -1,
      124, 83, 316, -1,
      316, 83, 82, -1,
      316, 82, 306, -1,
      306, 82, 81, -1,
      306, 81, 178, -1,
      178, 81, 72, -1,
      178, 72, 176, -1,
      176, 72, 195, -1,
    ]
  }
}

Shape {
  appearance Appearance {
    material Material {
      diffuseColor 0.6471 0.6196 0.5882
      specularColor 0.4510 0.4353 0.4118
      ambientIntensity 0.2
      transparency 0.0000
      shininess 0.5
    }
  }
  geometry IndexedFaceSet {
    ccw TRUE
    solid FALSE
    coord DEF co Coordinate {
      point [
        1.773014 -4.527559 4.527559,
        -1.609987 -4.527559 4.527559,
        3.937008 -4.527559 3.505953,
        3.937008 -4.527559 3.723074,
        1.991331 -4.527559 4.527559,
        2.172020 -4.527559 4.527559,
        -3.937008 -4.527559 0.393701,
        -3.937008 -4.527559 3.082646,
        -3.937008 -4.527559 3.167226,
        -3.937008 -4.527559 3.443349,
        -3.937008 -4.527559 3.505953,
        -3.937008 -4.527559 3.723074,
        -3.937008 -4.527559 4.527559,
        1.978532 -4.527559 4.527559,
        2.269610 -4.527559 4.527559,
        2.319387 -4.527559 4.527559,
        2.437363 -4.527559 4.527559,
        2.519316 -4.527559 4.527559,
        2.586777 -4.527559 4.527559,
        3.937008 -4.527559 4.527559,
        3.937008 -4.527559 3.167226,
        3.937008 -4.527559 3.443349,
        3.937008 -4.527559 3.082646,
        3.937008 -4.527559 0.393701,
        -4.354590 4.354590 0.393701,
        -4.232283 4.448440 0.393701,
        4.354590 4.354590 0.393701,
        4.232283 4.448440 0.393701,
        4.232283 -4.448440 0.393701,
        4.354590 -4.354590 0.393701,
        4.448440 -4.232283 0.393701,
        -4.354590 -4.354590 0.393701,
        4.089854 4.507437 0.393701,
        -4.232283 -4.448440 0.393701,
        4.448440 4.232283 0.393701,
        4.507437 4.089854 0.393701,
        4.527559 3.937008 0.393701,
        4.089854 -4.507437 0.393701,
        -4.507437 4.089854 0.393701,
        -4.448440 4.232283 0.393701,
        -4.089854 4.507437 0.393701,
        -3.937008 4.527559 0.393701,
        3.937008 4.527559 0.393701,
        4.527559 -3.937008 0.393701,
        4.507437 -4.089854 0.393701,
        -4.448440 -4.232283 0.393701,
        -4.507437 -4.089854 0.393701,
        -4.527559 -3.937008 0.393701,
        -4.527559 3.937008 0.393701,
        -4.089854 -4.507437 0.393701,
        -4.527559 3.937008 4.527559,
        -4.527559 -3.937008 4.527559,
        4.527559 3.937008 4.527559,
        4.527559 -3.937008 4.527559,
        -3.937008 4.527559 4.527559,
        3.937008 4.527559 4.527559,
        -1.831840 -2.580156 5.118110,
        -1.852308 -2.735622 5.118110,
        3.937008 -3.937008 5.118110,
        -1.912316 -2.880494 5.118110,
        -2.007774 -3.004899 5.118110,
        -2.857261 -2.155413 5.118110,
        -2.732856 -2.059954 5.118110,
        -3.937008 3.937008 5.118110,
        -2.587984 -1.999946 5.118110,
        -2.132179 -3.100358 5.118110,
        -2.277051 -3.160366 5.118110,
        -3.937008 -3.937008 5.118110,
        -2.432518 -3.180833 5.118110,
        -2.587984 -3.160366 5.118110,
        -2.732856 -3.100358 5.118110,
        -2.857261 -3.004899 5.118110,
        -2.952719 -2.880494 5.118110,
        -3.012728 -2.735622 5.118110,
        -3.033195 -2.580156 5.118110,
        -3.012728 -2.424689 5.118110,
        -2.952719 -2.279817 5.118110,
        -2.132179 -2.059954 5.118110,
        3.937008 3.937008 5.118110,
        -2.277051 -1.999946 5.118110,
        -2.432518 -1.979478 5.118110,
        -2.007774 -2.155413 5.118110,
        -1.912316 -2.279817 5.118110,
        -1.852308 -2.424689 5.118110,
        4.512753 4.068418 4.527559,
        4.505491 4.089172 4.527559,
        4.469076 4.193239 4.527559,
        4.445646 4.230528 4.527559,
        4.398720 4.305211 4.527559,
        4.351965 4.351965 4.527559,
        4.305211 4.398720 4.527559,
        4.230528 4.445646 4.527559,
        4.193239 4.469076 4.527559,
        4.089172 4.505491 4.527559,
        4.068418 4.512753 4.527559,
        4.068418 3.937008 5.103304,
        4.068418 -3.937008 5.103304,
        4.089172 3.937008 5.096041,
        4.089172 -3.937008 5.096041,
        4.193239 3.937008 5.059628,
        4.193239 -3.937008 5.059628,
        4.230528 3.937008 5.036197,
        4.230528 -3.937008 5.036197,
        4.305211 3.937008 4.989271,
        4.305211 -3.937008 4.989271,
        4.351965 3.937008 4.942516,
        4.351965 -3.937008 4.942516,
        4.398720 3.937008 4.895762,
        4.398720 -3.937008 4.895762,
        4.445646 3.937008 4.821079,
        4.445646 -3.937008 4.821079,
        4.469076 3.937008 4.783790,
        4.469076 -3.937008 4.783790,
        4.505491 3.937008 4.679724,
        4.505491 -3.937008 4.679724,
        4.512753 3.937008 4.658969,
        4.512753 -3.937008 4.658969,
        4.089172 -4.505491 4.527559,
        4.068418 -4.512753 4.527559,
        4.193239 -4.469076 4.527559,
        4.230528 -4.445646 4.527559,
        4.305211 -4.398720 4.527559,
        4.351965 -4.351965 4.527559,
        4.398720 -4.305211 4.527559,
        4.445646 -4.230528 4.527559,
        4.469076 -4.193239 4.527559,
        4.505491 -4.089172 4.527559,
        4.512753 -4.068418 4.527559,
        4.455736 4.186814 4.658969,
        4.387144 4.295979 4.658969,
        4.295979 4.387144 4.658969,
        4.186814 4.455736 4.658969,
        4.065123 4.498318 4.658969,
        3.966250 4.065123 5.103304,
        3.937008 4.068418 5.103304,
        3.994024 4.186814 5.059628,
        3.937008 4.193239 5.059628,
        3.937008 4.089172 5.096041,
        4.065123 3.966250 5.103304,
        4.186814 3.994024 5.059628,
        4.295979 4.018941 4.989271,
        4.039748 4.387144 4.895762,
        3.937008 4.351965 4.942516,
        4.018941 4.295979 4.989271,
        3.937008 4.305211 4.989271,
        3.937008 4.230528 5.036197,
        4.387144 4.039748 4.895762,
        4.055404 4.455736 4.783790,
        3.937008 4.445646 4.821079,
        3.937008 4.398720 4.895762,
        4.455736 4.055404 4.783790,
        3.937008 4.505491 4.679724,
        3.937008 4.469076 4.783790,
        3.937008 4.512753 4.658969,
        4.167863 4.416385 4.783790,
        4.137337 4.352995 4.895762,
        4.096765 4.268747 4.989271,
        4.048182 4.167863 5.059628,
        3.994024 4.055404 5.103304,
        4.268747 4.352995 4.783790,
        4.224880 4.297988 4.895762,
        4.166578 4.224880 4.989271,
        4.096765 4.137337 5.059628,
        4.018941 4.039748 5.103304,
        4.352995 4.268747 4.783790,
        4.297988 4.224880 4.895762,
        4.224880 4.166578 4.989271,
        4.137337 4.096765 5.059628,
        4.039748 4.018941 5.103304,
        4.416385 4.167863 4.783790,
        4.352995 4.137337 4.895762,
        4.268747 4.096765 4.989271,
        4.167863 4.048182 5.059628,
        4.055404 3.994024 5.103304,
        4.498318 4.065123 4.658969,
        4.186814 -4.455736 4.658969,
        4.295979 -4.387144 4.658969,
        4.387144 -4.295979 4.658969,
        4.455736 -4.186814 4.658969,
        4.498318 -4.065123 4.658969,
        4.065123 -3.966250 5.103304,
        4.186814 -3.994024 5.059628,
        3.937008 -4.068418 5.103304,
        3.966250 -4.065123 5.103304,
        3.937008 -4.089172 5.096041,
        3.994024 -4.186814 5.059628,
        3.937008 -4.193239 5.059628,
        3.937008 -4.230528 5.036197,
        4.018941 -4.295979 4.989271,
        4.387144 -4.039748 4.895762,
        4.295979 -4.018941 4.989271,
        3.937008 -4.305211 4.989271,
        3.937008 -4.351965 4.942516,
        4.039748 -4.387144 4.895762,
        4.455736 -4.055404 4.783790,
        3.937008 -4.398720 4.895762,
        3.937008 -4.445646 4.821079,
        4.055404 -4.455736 4.783790,
        4.416385 -4.167863 4.783790,
        4.352995 -4.137337 4.895762,
        4.268747 -4.096765 4.989271,
        4.167863 -4.048182 5.059628,
        4.055404 -3.994024 5.103304,
        4.352995 -4.268747 4.783790,
        4.297988 -4.224880 4.895762,
        4.224880 -4.166578 4.989271,
        4.137337 -4.096765 5.059628,
        4.039748 -4.018941 5.103304,
        4.268747 -4.352995 4.783790,
        4.224880 -4.297988 4.895762,
        4.166578 -4.224880 4.989271,
        4.096765 -4.137337 5.059628,
        4.018941 -4.039748 5.103304,
        4.167863 -4.416385 4.783790,
        4.137337 -4.352995 4.895762,
        4.096765 -4.268747 4.989271,
        4.048182 -4.167863 5.059628,
        3.994024 -4.055404 5.103304,
        4.065123 -4.498318 4.658969,
        3.937008 -4.469076 4.783790,
        3.937008 -4.505491 4.679724,
        3.937008 -4.512753 4.658969,
        -4.068418 4.512753 4.527559,
        -4.089172 4.505491 4.527559,
        -4.193239 4.469076 4.527559,
        -4.230528 4.445646 4.527559,
        -4.305211 4.398720 4.527559,
        -4.351965 4.351965 4.527559,
        -4.398720 4.305211 4.527559,
        -4.445646 4.230528 4.527559,
        -4.469076 4.193239 4.527559,
        -4.505491 4.089172 4.527559,
        -4.512753 4.068418 4.527559,
        -3.937008 4.068418 5.103304,
        -3.937008 4.089172 5.096041,
        -3.937008 4.193239 5.059628,
        -3.937008 4.230528 5.036197,
        -3.937008 4.305211 4.989271,
        -3.937008 4.351965 4.942516,
        -3.937008 4.398720 4.895762,
        -3.937008 4.445646 4.821079,
        -3.937008 4.469076 4.783790,
        -3.937008 4.505491 4.679724,
        -3.937008 4.512753 4.658969,
        -3.937008 -4.068418 5.103304,
        -3.937008 -4.089172 5.096041,
        -3.937008 -4.193239 5.059628,
        -3.937008 -4.230528 5.036197,
        -3.937008 -4.305211 4.989271,
        -3.937008 -4.351965 4.942516,
        -3.937008 -4.398720 4.895762,
        -3.937008 -4.445646 4.821079,
        -3.937008 -4.469076 4.783790,
        -3.937008 -4.505491 4.679724,
        -3.937008 -4.512753 4.658969,
        -4.512753 -4.068418 4.527559,
        -4.505491 -4.089172 4.527559,
        -4.469076 -4.193239 4.527559,
        -4.445646 -4.230528 4.527559,
        -4.398720 -4.305211 4.527559,
        -4.351965 -4.351965 4.527559,
        -4.305211 -4.398720 4.527559,
        -4.230528 -4.445646 4.527559,
        -4.193239 -4.469076 4.527559,
        -4.089172 -4.505491 4.527559,
        -4.068418 -4.512753 4.527559,
        -4.186814 4.455736 4.658969,
        -4.295979 4.387144 4.658969,
        -4.387144 4.295979 4.658969,
        -4.455736 4.186814 4.658969,
        -4.498318 4.065123 4.658969,
        -4.065123 3.966250 5.103304,
        -4.068418 3.937008 5.103304,
        -4.186814 3.994024 5.059628,
        -4.193239 3.937008 5.059628,
        -4.089172 3.937008 5.096041,
        -3.966250 4.065123 5.103304,
        -3.994024 4.186814 5.059628,
        -4.018941 4.295979 4.989271,
        -4.387144 4.039748 4.895762,
        -4.351965 3.937008 4.942516,
        -4.295979 4.018941 4.989271,
        -4.305211 3.937008 4.989271,
        -4.230528 3.937008 5.036197,
        -4.039748 4.387144 4.895762,
        -4.455736 4.055404 4.783790,
        -4.445646 3.937008 4.821079,
        -4.398720 3.937008 4.895762,
        -4.055404 4.455736 4.783790,
        -4.505491 3.937008 4.679724,
        -4.469076 3.937008 4.783790,
        -4.512753 3.937008 4.658969,
        -4.416385 4.167863 4.783790,
        -4.352995 4.137337 4.895762,
        -4.268747 4.096765 4.989271,
        -4.167863 4.048182 5.059628,
        -4.055404 3.994024 5.103304,
        -4.352995 4.268747 4.783790,
        -4.297988 4.224880 4.895762,
        -4.224880 4.166578 4.989271,
        -4.137337 4.096765 5.059628,
        -4.039748 4.018941 5.103304,
        -4.268747 4.352995 4.783790,
        -4.224880 4.297988 4.895762,
        -4.166578 4.224880 4.989271,
        -4.096765 4.137337 5.059628,
        -4.018941 4.039748 5.103304,
        -4.167863 4.416385 4.783790,
        -4.137337 4.352995 4.895762,
        -4.096765 4.268747 4.989271,
        -4.048182 4.167863 5.059628,
        -3.994024 4.055404 5.103304,
        -4.065123 4.498318 4.658969,
        -4.455736 -4.186814 4.658969,
        -4.387144 -4.295979 4.658969,
        -4.295979 -4.387144 4.658969,
        -4.186814 -4.455736 4.658969,
        -4.065123 -4.498318 4.658969,
        -3.966250 -4.065123 5.103304,
        -3.994024 -4.186814 5.059628,
        -4.068418 -3.937008 5.103304,
        -4.065123 -3.966250 5.103304,
        -4.089172 -3.937008 5.096041,
        -4.186814 -3.994024 5.059628,
        -4.193239 -3.937008 5.059628,
        -4.230528 -3.937008 5.036197,
        -4.295979 -4.018941 4.989271,
        -4.039748 -4.387144 4.895762,
        -4.018941 -4.295979 4.989271,
        -4.305211 -3.937008 4.989271,
        -4.351965 -3.937008 4.942516,
        -4.387144 -4.039748 4.895762,
        -4.055404 -4.455736 4.783790,
        -4.398720 -3.937008 4.895762,
        -4.445646 -3.937008 4.821079,
        -4.455736 -4.055404 4.783790,
        -4.167863 -4.416385 4.783790,
        -4.137337 -4.352995 4.895762,
        -4.096765 -4.268747 4.989271,
        -4.048182 -4.167863 5.059628,
        -3.994024 -4.055404 5.103304,
        -4.268747 -4.352995 4.783790,
        -4.224880 -4.297988 4.895762,
        -4.166578 -4.224880 4.989271,
        -4.096765 -4.137337 5.059628,
        -4.018941 -4.039748 5.103304,
        -4.352995 -4.268747 4.783790,
        -4.297988 -4.224880 4.895762,
        -4.224880 -4.166578 4.989271,
        -4.137337 -4.096765 5.059628,
        -4.039748 -4.018941 5.103304,
        -4.416385 -4.167863 4.783790,
        -4.352995 -4.137337 4.895762,
        -4.268747 -4.096765 4.989271,
        -4.167863 -4.048182 5.059628,
        -4.055404 -3.994024 5.103304,
        -4.498318 -4.065123 4.658969,
        -4.469076 -3.937008 4.783790,
        -4.505491 -3.937008 4.679724,
        -4.512753 -3.937008 4.658969,
      ]
    }
    coordIndex [
      48, 47, 50, -1,
      50, 47, 51, -1,
      52, 53, 36, -1,
      36, 53, 43, -1,
      54, 55, 41, -1,
      41, 55, 42, -1,
      56, 57, 58, -1,
      58, 57, 59, -1,
      58, 59, 60, -1,
      61, 62, 63, -1,
      63, 62, 64, -1,
      60, 65, 58, -1,
      58, 65, 66, -1,
      58, 66, 67, -1,
      66, 68, 67, -1,
      67, 68, 69, -1,
      67, 69, 70, -1,
      70, 71, 67, -1,
      67, 71, 72, -1,
      67, 72, 73, -1,
      73, 74, 67, -1,
      67, 74, 75, -1,
      67, 75, 63, -1,
      63, 75, 76, -1,
      63, 76, 61, -1,
      77, 78, 79, -1,
      79, 78, 63, -1,
      79, 63, 80, -1,
      80, 63, 64, -1,
      77, 81, 78, -1,
      78, 81, 82, -1,
      78, 82, 58, -1,
      58, 82, 83, -1,
      58, 83, 56, -1,
      52, 36, 84, -1,
      84, 36, 35, -1,
      84, 35, 85, -1,
      85, 35, 86, -1,
      86, 35, 34, -1,
      86, 34, 87, -1,
      87, 34, 88, -1,
      88, 34, 26, -1,
      88, 26, 89, -1,
      89, 26, 90, -1,
      90, 26, 27, -1,
      90, 27, 91, -1,
      91, 27, 92, -1,
      92, 27, 32, -1,
      92, 32, 93, -1,
      93, 32, 94, -1,
      94, 32, 42, -1,
      94, 42, 55, -1,
      78, 58, 95, -1,
      95, 58, 96, -1,
      95, 96, 97, -1,
      97, 96, 98, -1,
      97, 98, 99, -1,
      99, 98, 100, -1,
      99, 100, 101, -1,
      101, 100, 102, -1,
      101, 102, 103, -1,
      103, 102, 104, -1,
      103, 104, 105, -1,
      105, 104, 106, -1,
      105, 106, 107, -1,
      107, 106, 108, -1,
      107, 108, 109, -1,
      109, 108, 110, -1,
      109, 110, 111, -1,
      111, 110, 112, -1,
      111, 112, 113, -1,
      113, 112, 114, -1,
      113, 114, 115, -1,
      115, 114, 116, -1,
      115, 116, 52, -1,
      52, 116, 53, -1,
      37, 117, 118, -1,
      19, 3, 118, -1,
      118, 3, 2, -1,
      118, 2, 21, -1,
      23, 37, 22, -1,
      22, 37, 118, -1,
      22, 118, 20, -1,
      20, 118, 21, -1,
      117, 37, 119, -1,
      119, 37, 28, -1,
      119, 28, 120, -1,
      120, 28, 121, -1,
      121, 28, 29, -1,
      121, 29, 122, -1,
      122, 29, 123, -1,
      123, 29, 30, -1,
      123, 30, 124, -1,
      124, 30, 125, -1,
      125, 30, 44, -1,
      125, 44, 126, -1,
      126, 44, 127, -1,
      127, 44, 43, -1,
      127, 43, 53, -1,
      85, 86, 128, -1,
      87, 88, 129, -1,
      89, 90, 130, -1,
      91, 92, 131, -1,
      93, 94, 132, -1,
      78, 133, 134, -1,
      135, 136, 133, -1,
      133, 136, 137, -1,
      133, 137, 134, -1,
      78, 95, 138, -1,
      138, 95, 97, -1,
      138, 97, 139, -1,
      97, 99, 139, -1,
      139, 99, 101, -1,
      139, 101, 140, -1,
      141, 142, 143, -1,
      143, 142, 144, -1,
      143, 144, 135, -1,
      135, 144, 145, -1,
      135, 145, 136, -1,
      101, 103, 140, -1,
      140, 103, 105, -1,
      140, 105, 146, -1,
      147, 148, 141, -1,
      141, 148, 149, -1,
      141, 149, 142, -1,
      105, 107, 146, -1,
      146, 107, 109, -1,
      146, 109, 150, -1,
      132, 151, 147, -1,
      147, 151, 152, -1,
      147, 152, 148, -1,
      94, 55, 132, -1,
      132, 55, 153, -1,
      132, 153, 151, -1,
      92, 93, 131, -1,
      131, 93, 132, -1,
      131, 132, 154, -1,
      154, 132, 147, -1,
      154, 147, 155, -1,
      155, 147, 141, -1,
      155, 141, 156, -1,
      156, 141, 143, -1,
      156, 143, 157, -1,
      157, 143, 135, -1,
      157, 135, 158, -1,
      158, 135, 133, -1,
      158, 133, 78, -1,
      90, 91, 130, -1,
      130, 91, 131, -1,
      130, 131, 159, -1,
      159, 131, 154, -1,
      159, 154, 160, -1,
      160, 154, 155, -1,
      160, 155, 161, -1,
      161, 155, 156, -1,
      161, 156, 162, -1,
      162, 156, 157, -1,
      162, 157, 163, -1,
      163, 157, 158, -1,
      163, 158, 78, -1,
      88, 89, 129, -1,
      129, 89, 130, -1,
      129, 130, 164, -1,
      164, 130, 159, -1,
      164, 159, 165, -1,
      165, 159, 160, -1,
      165, 160, 166, -1,
      166, 160, 161, -1,
      166, 161, 167, -1,
      167, 161, 162, -1,
      167, 162, 168, -1,
      168, 162, 163, -1,
      168, 163, 78, -1,
      86, 87, 128, -1,
      128, 87, 129, -1,
      128, 129, 169, -1,
      169, 129, 164, -1,
      169, 164, 170, -1,
      170, 164, 165, -1,
      170, 165, 171, -1,
      171, 165, 166, -1,
      171, 166, 172, -1,
      172, 166, 167, -1,
      172, 167, 173, -1,
      173, 167, 168, -1,
      173, 168, 78, -1,
      84, 85, 174, -1,
      174, 85, 128, -1,
      174, 128, 150, -1,
      150, 128, 169, -1,
      150, 169, 146, -1,
      146, 169, 170, -1,
      146, 170, 140, -1,
      140, 170, 171, -1,
      140, 171, 139, -1,
      139, 171, 172, -1,
      139, 172, 138, -1,
      138, 172, 173, -1,
      138, 173, 78, -1,
      109, 111, 150, -1,
      150, 111, 113, -1,
      150, 113, 174, -1,
      174, 113, 115, -1,
      174, 115, 84, -1,
      84, 115, 52, -1,
      117, 119, 175, -1,
      120, 121, 176, -1,
      122, 123, 177, -1,
      124, 125, 178, -1,
      126, 127, 179, -1,
      58, 180, 96, -1,
      181, 100, 180, -1,
      180, 100, 98, -1,
      180, 98, 96, -1,
      58, 182, 183, -1,
      183, 182, 184, -1,
      183, 184, 185, -1,
      184, 186, 185, -1,
      185, 186, 187, -1,
      185, 187, 188, -1,
      189, 106, 190, -1,
      190, 106, 104, -1,
      190, 104, 181, -1,
      181, 104, 102, -1,
      181, 102, 100, -1,
      187, 191, 188, -1,
      188, 191, 192, -1,
      188, 192, 193, -1,
      194, 110, 189, -1,
      189, 110, 108, -1,
      189, 108, 106, -1,
      192, 195, 193, -1,
      193, 195, 196, -1,
      193, 196, 197, -1,
      179, 114, 194, -1,
      194, 114, 112, -1,
      194, 112, 110, -1,
      127, 53, 179, -1,
      179, 53, 116, -1,
      179, 116, 114, -1,
      125, 126, 178, -1,
      178, 126, 179, -1,
      178, 179, 198, -1,
      198, 179, 194, -1,
      198, 194, 199, -1,
      199, 194, 189, -1,
      199, 189, 200, -1,
      200, 189, 190, -1,
      200, 190, 201, -1,
      201, 190, 181, -1,
      201, 181, 202, -1,
      202, 181, 180, -1,
      202, 180, 58, -1,
      123, 124, 177, -1,
      177, 124, 178, -1,
      177, 178, 203, -1,
      203, 178, 198, -1,
      203, 198, 204, -1,
      204, 198, 199, -1,
      204, 199, 205, -1,
      205, 199, 200, -1,
      205, 200, 206, -1,
      206, 200, 201, -1,
      206, 201, 207, -1,
      207, 201, 202, -1,
      207, 202, 58, -1,
      121, 122, 176, -1,
      176, 122, 177, -1,
      176, 177, 208, -1,
      208, 177, 203, -1,
      208, 203, 209, -1,
      209, 203, 204, -1,
      209, 204, 210, -1,
      210, 204, 205, -1,
      210, 205, 211, -1,
      211, 205, 206, -1,
      211, 206, 212, -1,
      212, 206, 207, -1,
      212, 207, 58, -1,
      119, 120, 175, -1,
      175, 120, 176, -1,
      175, 176, 213, -1,
      213, 176, 208, -1,
      213, 208, 214, -1,
      214, 208, 209, -1,
      214, 209, 215, -1,
      215, 209, 210, -1,
      215, 210, 216, -1,
      216, 210, 211, -1,
      216, 211, 217, -1,
      217, 211, 212, -1,
      217, 212, 58, -1,
      118, 117, 218, -1,
      218, 117, 175, -1,
      218, 175, 197, -1,
      197, 175, 213, -1,
      197, 213, 193, -1,
      193, 213, 214, -1,
      193, 214, 188, -1,
      188, 214, 215, -1,
      188, 215, 185, -1,
      185, 215, 216, -1,
      185, 216, 183, -1,
      183, 216, 217, -1,
      183, 217, 58, -1,
      196, 219, 197, -1,
      197, 219, 220, -1,
      197, 220, 218, -1,
      218, 220, 221, -1,
      218, 221, 118, -1,
      118, 221, 19, -1,
      54, 41, 222, -1,
      222, 41, 40, -1,
      222, 40, 223, -1,
      223, 40, 224, -1,
      224, 40, 25, -1,
      224, 25, 225, -1,
      225, 25, 226, -1,
      226, 25, 24, -1,
      226, 24, 227, -1,
      227, 24, 228, -1,
      228, 24, 39, -1,
      228, 39, 229, -1,
      229, 39, 230, -1,
      230, 39, 38, -1,
      230, 38, 231, -1,
      231, 38, 232, -1,
      232, 38, 48, -1,
      232, 48, 50, -1,
      63, 78, 233, -1,
      233, 78, 134, -1,
      233, 134, 234, -1,
      234, 134, 137, -1,
      234, 137, 235, -1,
      235, 137, 136, -1,
      235, 136, 236, -1,
      236, 136, 145, -1,
      236, 145, 237, -1,
      237, 145, 144, -1,
      237, 144, 238, -1,
      238, 144, 142, -1,
      238, 142, 239, -1,
      239, 142, 149, -1,
      239, 149, 240, -1,
      240, 149, 148, -1,
      240, 148, 241, -1,
      241, 148, 152, -1,
      241, 152, 242, -1,
      242, 152, 151, -1,
      242, 151, 243, -1,
      243, 151, 153, -1,
      243, 153, 54, -1,
      54, 153, 55, -1,
      1, 0, 220, -1,
      58, 67, 182, -1,
      182, 67, 244, -1,
      182, 244, 184, -1,
      184, 244, 245, -1,
      184, 245, 186, -1,
      186, 245, 246, -1,
      186, 246, 187, -1,
      187, 246, 247, -1,
      187, 247, 191, -1,
      191, 247, 248, -1,
      191, 248, 192, -1,
      192, 248, 249, -1,
      192, 249, 195, -1,
      195, 249, 250, -1,
      195, 250, 196, -1,
      196, 250, 251, -1,
      196, 251, 219, -1,
      219, 251, 252, -1,
      219, 252, 220, -1,
      220, 252, 253, -1,
      220, 253, 1, -1,
      1, 253, 254, -1,
      1, 254, 12, -1,
      0, 13, 220, -1,
      220, 13, 4, -1,
      220, 4, 221, -1,
      221, 4, 5, -1,
      5, 14, 221, -1,
      221, 14, 15, -1,
      221, 15, 16, -1,
      16, 17, 221, -1,
      221, 17, 18, -1,
      221, 18, 19, -1,
      51, 47, 255, -1,
      255, 47, 46, -1,
      255, 46, 256, -1,
      256, 46, 257, -1,
      257, 46, 45, -1,
      257, 45, 258, -1,
      258, 45, 259, -1,
      259, 45, 31, -1,
      259, 31, 260, -1,
      260, 31, 261, -1,
      261, 31, 33, -1,
      261, 33, 262, -1,
      262, 33, 263, -1,
      263, 33, 49, -1,
      263, 49, 264, -1,
      49, 6, 7, -1,
      49, 7, 264, -1,
      264, 7, 8, -1,
      264, 8, 9, -1,
      9, 10, 264, -1,
      264, 10, 11, -1,
      264, 11, 265, -1,
      265, 11, 12, -1,
      223, 224, 266, -1,
      225, 226, 267, -1,
      227, 228, 268, -1,
      229, 230, 269, -1,
      231, 232, 270, -1,
      63, 271, 272, -1,
      273, 274, 271, -1,
      271, 274, 275, -1,
      271, 275, 272, -1,
      63, 233, 276, -1,
      276, 233, 234, -1,
      276, 234, 277, -1,
      234, 235, 277, -1,
      277, 235, 236, -1,
      277, 236, 278, -1,
      279, 280, 281, -1,
      281, 280, 282, -1,
      281, 282, 273, -1,
      273, 282, 283, -1,
      273, 283, 274, -1,
      236, 237, 278, -1,
      278, 237, 238, -1,
      278, 238, 284, -1,
      285, 286, 279, -1,
      279, 286, 287, -1,
      279, 287, 280, -1,
      238, 239, 284, -1,
      284, 239, 240, -1,
      284, 240, 288, -1,
      270, 289, 285, -1,
      285, 289, 290, -1,
      285, 290, 286, -1,
      232, 50, 270, -1,
      270, 50, 291, -1,
      270, 291, 289, -1,
      230, 231, 269, -1,
      269, 231, 270, -1,
      269, 270, 292, -1,
      292, 270, 285, -1,
      292, 285, 293, -1,
      293, 285, 279, -1,
      293, 279, 294, -1,
      294, 279, 281, -1,
      294, 281, 295, -1,
      295, 281, 273, -1,
      295, 273, 296, -1,
      296, 273, 271, -1,
      296, 271, 63, -1,
      228, 229, 268, -1,
      268, 229, 269, -1,
      268, 269, 297, -1,
      297, 269, 292, -1,
      297, 292, 298, -1,
      298, 292, 293, -1,
      298, 293, 299, -1,
      299, 293, 294, -1,
      299, 294, 300, -1,
      300, 294, 295, -1,
      300, 295, 301, -1,
      301, 295, 296, -1,
      301, 296, 63, -1,
      226, 227, 267, -1,
      267, 227, 268, -1,
      267, 268, 302, -1,
      302, 268, 297, -1,
      302, 297, 303, -1,
      303, 297, 298, -1,
      303, 298, 304, -1,
      304, 298, 299, -1,
      304, 299, 305, -1,
      305, 299, 300, -1,
      305, 300, 306, -1,
      306, 300, 301, -1,
      306, 301, 63, -1,
      224, 225, 266, -1,
      266, 225, 267, -1,
      266, 267, 307, -1,
      307, 267, 302, -1,
      307, 302, 308, -1,
      308, 302, 303, -1,
      308, 303, 309, -1,
      309, 303, 304, -1,
      309, 304, 310, -1,
      310, 304, 305, -1,
      310, 305, 311, -1,
      311, 305, 306, -1,
      311, 306, 63, -1,
      222, 223, 312, -1,
      312, 223, 266, -1,
      312, 266, 288, -1,
      288, 266, 307, -1,
      288, 307, 284, -1,
      284, 307, 308, -1,
      284, 308, 278, -1,
      278, 308, 309, -1,
      278, 309, 277, -1,
      277, 309, 310, -1,
      277, 310, 276, -1,
      276, 310, 311, -1,
      276, 311, 63, -1,
      240, 241, 288, -1,
      288, 241, 242, -1,
      288, 242, 312, -1,
      312, 242, 243, -1,
      312, 243, 222, -1,
      222, 243, 54, -1,
      256, 257, 313, -1,
      258, 259, 314, -1,
      260, 261, 315, -1,
      262, 263, 316, -1,
      264, 265, 317, -1,
      67, 318, 244, -1,
      319, 246, 318, -1,
      318, 246, 245, -1,
      318, 245, 244, -1,
      67, 320, 321, -1,
      321, 320, 322, -1,
      321, 322, 323, -1,
      322, 324, 323, -1,
      323, 324, 325, -1,
      323, 325, 326, -1,
      327, 249, 328, -1,
      328, 249, 248, -1,
      328, 248, 319, -1,
      319, 248, 247, -1,
      319, 247, 246, -1,
      325, 329, 326, -1,
      326, 329, 330, -1,
      326, 330, 331, -1,
      332, 251, 327, -1,
      327, 251, 250, -1,
      327, 250, 249, -1,
      330, 333, 331, -1,
      331, 333, 334, -1,
      331, 334, 335, -1,
      317, 253, 332, -1,
      332, 253, 252, -1,
      332, 252, 251, -1,
      265, 12, 317, -1,
      317, 12, 254, -1,
      317, 254, 253, -1,
      263, 264, 316, -1,
      316, 264, 317, -1,
      316, 317, 336, -1,
      336, 317, 332, -1,
      336, 332, 337, -1,
      337, 332, 327, -1,
      337, 327, 338, -1,
      338, 327, 328, -1,
      338, 328, 339, -1,
      339, 328, 319, -1,
      339, 319, 340, -1,
      340, 319, 318, -1,
      340, 318, 67, -1,
      261, 262, 315, -1,
      315, 262, 316, -1,
      315, 316, 341, -1,
      341, 316, 336, -1,
      341, 336, 342, -1,
      342, 336, 337, -1,
      342, 337, 343, -1,
      343, 337, 338, -1,
      343, 338, 344, -1,
      344, 338, 339, -1,
      344, 339, 345, -1,
      345, 339, 340, -1,
      345, 340, 67, -1,
      259, 260, 314, -1,
      314, 260, 315, -1,
      314, 315, 346, -1,
      346, 315, 341, -1,
      346, 341, 347, -1,
      347, 341, 342, -1,
      347, 342, 348, -1,
      348, 342, 343, -1,
      348, 343, 349, -1,
      349, 343, 344, -1,
      349, 344, 350, -1,
      350, 344, 345, -1,
      350, 345, 67, -1,
      257, 258, 313, -1,
      313, 258, 314, -1,
      313, 314, 351, -1,
      351, 314, 346, -1,
      351, 346, 352, -1,
      352, 346, 347, -1,
      352, 347, 353, -1,
      353, 347, 348, -1,
      353, 348, 354, -1,
      354, 348, 349, -1,
      354, 349, 355, -1,
      355, 349, 350, -1,
      355, 350, 67, -1,
      255, 256, 356, -1,
      356, 256, 313, -1,
      356, 313, 335, -1,
      335, 313, 351, -1,
      335, 351, 331, -1,
      331, 351, 352, -1,
      331, 352, 326, -1,
      326, 352, 353, -1,
      326, 353, 323, -1,
      323, 353, 354, -1,
      323, 354, 321, -1,
      321, 354, 355, -1,
      321, 355, 67, -1,
      334, 357, 335, -1,
      335, 357, 358, -1,
      335, 358, 356, -1,
      356, 358, 359, -1,
      356, 359, 255, -1,
      255, 359, 51, -1,
      67, 63, 320, -1,
      320, 63, 272, -1,
      320, 272, 322, -1,
      322, 272, 275, -1,
      322, 275, 324, -1,
      324, 275, 274, -1,
      324, 274, 325, -1,
      325, 274, 283, -1,
      325, 283, 329, -1,
      329, 283, 282, -1,
      329, 282, 330, -1,
      330, 282, 280, -1,
      330, 280, 333, -1,
      333, 280, 287, -1,
      333, 287, 334, -1,
      334, 287, 286, -1,
      334, 286, 357, -1,
      357, 286, 290, -1,
      357, 290, 358, -1,
      358, 290, 289, -1,
      358, 289, 359, -1,
      359, 289, 291, -1,
      359, 291, 51, -1,
      51, 291, 50, -1,
    ]
  }
}

Shape {
  appearance Appearance {
    material Material {
      diffuseColor 1.0000 1.0000 1.0000
      specularColor 0.5020 0.5020 0.5020
      ambientIntensity 0.2
      transparency 0.0000
      shininess 0.5
    }
  }
  geometry IndexedFaceSet {
    ccw TRUE
    solid FALSE
    coord DEF co Coordinate {
      point [
        3.595917 3.788791 0.000000,
        3.590551 3.748031 0.000000,
        3.595917 3.707272 0.000000,
        3.826772 3.611650 0.000000,
        3.859387 3.636676 0.000000,
        3.884413 3.669292 0.000000,
        3.611650 3.669292 0.000000,
        3.636676 3.636676 0.000000,
        3.669292 3.611650 0.000000,
        3.900146 3.707272 0.000000,
        3.905512 3.748031 0.000000,
        3.900146 3.788791 0.000000,
        3.884413 3.826772 0.000000,
        3.707272 3.595917 0.000000,
        3.748031 3.590551 0.000000,
        3.788791 3.595917 0.000000,
        3.859387 3.859387 0.000000,
        3.826772 3.884413 0.000000,
        3.788791 3.900146 0.000000,
        3.748031 3.905512 0.000000,
        3.707272 3.900146 0.000000,
        3.669292 3.884413 0.000000,
        3.636676 3.859387 0.000000,
        3.611650 3.826772 0.000000,
        -3.900146 3.707272 0.000000,
        -3.905512 3.748031 0.000000,
        -3.900146 3.788791 0.000000,
        -3.884413 3.669292 0.000000,
        -3.859387 3.636676 0.000000,
        -3.826772 3.611650 0.000000,
        -3.788791 3.595917 0.000000,
        -3.748031 3.590551 0.000000,
        -3.884413 3.826772 0.000000,
        -3.859387 3.859387 0.000000,
        -3.707272 3.900146 0.000000,
        -3.707272 3.595917 0.000000,
        -3.669292 3.611650 0.000000,
        -3.636676 3.636676 0.000000,
        -3.611650 3.669292 0.000000,
        -3.595917 3.707272 0.000000,
        -3.590551 3.748031 0.000000,
        -3.826772 3.884413 0.000000,
        -3.788791 3.900146 0.000000,
        -3.748031 3.905512 0.000000,
        -3.595917 3.788791 0.000000,
        -3.611650 3.826772 0.000000,
        -3.636676 3.859387 0.000000,
        -3.669292 3.884413 0.000000,
        -3.788791 -3.900146 0.000000,
        -3.748031 -3.905512 0.000000,
        -3.707272 -3.900146 0.000000,
        -3.669292 -3.884413 0.000000,
        -3.636676 -3.859387 0.000000,
        -3.611650 -3.826772 0.000000,
        -3.595917 -3.788791 0.000000,
        -3.590551 -3.748031 0.000000,
        -3.748031 -3.590551 0.000000,
        -3.788791 -3.595917 0.000000,
        -3.826772 -3.611650 0.000000,
        -3.859387 -3.636676 0.000000,
        -3.884413 -3.669292 0.000000,
        -3.900146 -3.707272 0.000000,
        -3.905512 -3.748031 0.000000,
        -3.900146 -3.788791 0.000000,
        -3.884413 -3.826772 0.000000,
        -3.859387 -3.859387 0.000000,
        -3.826772 -3.884413 0.000000,
        -3.595917 -3.707272 0.000000,
        -3.611650 -3.669292 0.000000,
        -3.636676 -3.636676 0.000000,
        -3.669292 -3.611650 0.000000,
        -3.707272 -3.595917 0.000000,
        -0.157480 -3.748031 0.000000,
        -0.152114 -3.788791 0.000000,
        0.157480 -3.748031 0.000000,
        0.152114 -3.707272 0.000000,
        -0.136382 -3.826772 0.000000,
        -0.111356 -3.859387 0.000000,
        -0.078740 -3.884413 0.000000,
        0.078740 -3.884413 0.000000,
        0.111356 -3.859387 0.000000,
        -0.040759 -3.900146 0.000000,
        0.000000 -3.905512 0.000000,
        0.040759 -3.900146 0.000000,
        0.136382 -3.826772 0.000000,
        0.152114 -3.788791 0.000000,
        0.136382 -3.669292 0.000000,
        0.111356 -3.636676 0.000000,
        0.078740 -3.611650 0.000000,
        -0.152114 -3.707272 0.000000,
        0.040759 -3.595917 0.000000,
        0.000000 -3.590551 0.000000,
        -0.040759 -3.595917 0.000000,
        -0.078740 -3.611650 0.000000,
        -0.111356 -3.636676 0.000000,
        -0.136382 -3.669292 0.000000,
        3.590551 -3.748031 0.000000,
        3.595917 -3.788791 0.000000,
        3.611650 -3.826772 0.000000,
        3.636676 -3.859387 0.000000,
        3.595917 -3.707272 0.000000,
        3.669292 -3.884413 0.000000,
        3.707272 -3.900146 0.000000,
        3.748031 -3.905512 0.000000,
        3.788791 -3.900146 0.000000,
        3.826772 -3.884413 0.000000,
        3.859387 -3.859387 0.000000,
        3.884413 -3.826772 0.000000,
        3.788791 -3.595917 0.000000,
        3.748031 -3.590551 0.000000,
        3.900146 -3.788791 0.000000,
        3.905512 -3.748031 0.000000,
        3.900146 -3.707272 0.000000,
        3.884413 -3.669292 0.000000,
        3.707272 -3.595917 0.000000,
        3.669292 -3.611650 0.000000,
        3.859387 -3.636676 0.000000,
        3.826772 -3.611650 0.000000,
        3.636676 -3.636676 0.000000,
        3.611650 -3.669292 0.000000,
        -3.595917 -3.707272 -2.165354,
        -3.611650 -3.669292 -2.165354,
        -3.636676 -3.636676 -2.165354,
        -3.669292 -3.611650 -2.165354,
        -3.707272 -3.595917 -2.165354,
        -3.748031 -3.590551 -2.165354,
        -3.788791 -3.595917 -2.165354,
        -3.826772 -3.611650 -2.165354,
        -3.859387 -3.636676 -2.165354,
        -3.884413 -3.669292 -2.165354,
        -3.900146 -3.707272 -2.165354,
        -3.905512 -3.748031 -2.165354,
        -3.900146 -3.788791 -2.165354,
        -3.884413 -3.826772 -2.165354,
        -3.859387 -3.859387 -2.165354,
        -3.826772 -3.884413 -2.165354,
        -3.788791 -3.900146 -2.165354,
        -3.748031 -3.905512 -2.165354,
        -3.707272 -3.900146 -2.165354,
        -3.669292 -3.884413 -2.165354,
        -3.636676 -3.859387 -2.165354,
        -3.611650 -3.826772 -2.165354,
        -3.595917 -3.788791 -2.165354,
        -3.590551 -3.748031 -2.165354,
        -3.748031 -3.748031 -2.165354,
        0.152114 -3.707272 -2.165354,
        0.136382 -3.669292 -2.165354,
        0.111356 -3.636676 -2.165354,
        0.078740 -3.611650 -2.165354,
        0.040759 -3.595917 -2.165354,
        0.000000 -3.590551 -2.165354,
        -0.040759 -3.595917 -2.165354,
        -0.078740 -3.611650 -2.165354,
        -0.111356 -3.636676 -2.165354,
        -0.136382 -3.669292 -2.165354,
        -0.152114 -3.707272 -2.165354,
        -0.157480 -3.748031 -2.165354,
        -0.152114 -3.788791 -2.165354,
        -0.136382 -3.826772 -2.165354,
        -0.111356 -3.859387 -2.165354,
        -0.078740 -3.884413 -2.165354,
        -0.040759 -3.900146 -2.165354,
        -0.000000 -3.905512 -2.165354,
        0.040759 -3.900146 -2.165354,
        0.078740 -3.884413 -2.165354,
        0.111356 -3.859387 -2.165354,
        0.136382 -3.826772 -2.165354,
        0.152114 -3.788791 -2.165354,
        0.157480 -3.748031 -2.165354,
        0.000000 -3.748031 -2.165354,
        3.900146 -3.707272 -2.165354,
        3.884413 -3.669292 -2.165354,
        3.859387 -3.636676 -2.165354,
        3.826772 -3.611650 -2.165354,
        3.788791 -3.595917 -2.165354,
        3.748031 -3.590551 -2.165354,
        3.707272 -3.595917 -2.165354,
        3.669292 -3.611650 -2.165354,
        3.636676 -3.636676 -2.165354,
        3.611650 -3.669292 -2.165354,
        3.595917 -3.707272 -2.165354,
        3.590551 -3.748031 -2.165354,
        3.595917 -3.788791 -2.165354,
        3.611650 -3.826772 -2.165354,
        3.636676 -3.859387 -2.165354,
        3.669292 -3.884413 -2.165354,
        3.707272 -3.900146 -2.165354,
        3.748031 -3.905512 -2.165354,
        3.788791 -3.900146 -2.165354,
        3.826772 -3.884413 -2.165354,
        3.859387 -3.859387 -2.165354,
        3.884413 -3.826772 -2.165354,
        3.900146 -3.788791 -2.165354,
        3.905512 -3.748031 -2.165354,
        3.748031 -3.748031 -2.165354,
        3.900146 3.788791 -2.165354,
        3.884413 3.826772 -2.165354,
        3.859387 3.859387 -2.165354,
        3.826772 3.884413 -2.165354,
        3.788791 3.900146 -2.165354,
        3.748031 3.905512 -2.165354,
        3.707272 3.900146 -2.165354,
        3.669292 3.884413 -2.165354,
        3.636676 3.859387 -2.165354,
        3.611650 3.826772 -2.165354,
        3.595917 3.788791 -2.165354,
        3.590551 3.748031 -2.165354,
        3.595917 3.707272 -2.165354,
        3.611650 3.669292 -2.165354,
        3.636676 3.636676 -2.165354,
        3.669292 3.611650 -2.165354,
        3.707272 3.595917 -2.165354,
        3.748031 3.590551 -2.165354,
        3.788791 3.595917 -2.165354,
        3.826772 3.611650 -2.165354,
        3.859387 3.636676 -2.165354,
        3.884413 3.669292 -2.165354,
        3.900146 3.707272 -2.165354,
        3.905512 3.748031 -2.165354,
        3.748031 3.748031 -2.165354,
        -3.595917 3.788791 -2.165354,
        -3.611650 3.826772 -2.165354,
        -3.636676 3.859387 -2.165354,
        -3.669292 3.884413 -2.165354,
        -3.707272 3.900146 -2.165354,
        -3.748031 3.905512 -2.165354,
        -3.788791 3.900146 -2.165354,
        -3.826772 3.884413 -2.165354,
        -3.859387 3.859387 -2.165354,
        -3.884413 3.826772 -2.165354,
        -3.900146 3.788791 -2.165354,
        -3.905512 3.748031 -2.165354,
        -3.900146 3.707272 -2.165354,
        -3.884413 3.669292 -2.165354,
        -3.859387 3.636676 -2.165354,
        -3.826772 3.611650 -2.165354,
        -3.788791 3.595917 -2.165354,
        -3.748031 3.590551 -2.165354,
        -3.707272 3.595917 -2.165354,
        -3.669292 3.611650 -2.165354,
        -3.636676 3.636676 -2.165354,
        -3.611650 3.669292 -2.165354,
        -3.595917 3.707272 -2.165354,
        -3.590551 3.748031 -2.165354,
        -3.748031 3.748031 -2.165354,
      ]
    }
    coordIndex [
      55, 120, 67, -1,
      67, 120, 121, -1,
      67, 121, 68, -1,
      68, 121, 122, -1,
      68, 122, 69, -1,
      69, 122, 123, -1,
      69, 123, 70, -1,
      70, 123, 124, -1,
      70, 124, 71, -1,
      71, 124, 125, -1,
      71, 125, 56, -1,
      56, 125, 126, -1,
      56, 126, 57, -1,
      57, 126, 127, -1,
      57, 127, 58, -1,
      58, 127, 128, -1,
      58, 128, 59, -1,
      59, 128, 129, -1,
      59, 129, 60, -1,
      60, 129, 130, -1,
      60, 130, 61, -1,
      61, 130, 131, -1,
      61, 131, 62, -1,
      62, 131, 132, -1,
      62, 132, 63, -1,
      63, 132, 133, -1,
      63, 133, 64, -1,
      64, 133, 134, -1,
      64, 134, 65, -1,
      65, 134, 135, -1,
      65, 135, 66, -1,
      66, 135, 136, -1,
      66, 136, 48, -1,
      48, 136, 137, -1,
      48, 137, 49, -1,
      49, 137, 138, -1,
      49, 138, 50, -1,
      50, 138, 139, -1,
      50, 139, 51, -1,
      51, 139, 140, -1,
      51, 140, 52, -1,
      52, 140, 141, -1,
      52, 141, 53, -1,
      53, 141, 142, -1,
      53, 142, 54, -1,
      54, 142, 143, -1,
      54, 143, 55, -1,
      55, 143, 120, -1,
      133, 132, 144, -1,
      144, 132, 131, -1,
      144, 131, 130, -1,
      136, 135, 144, -1,
      144, 135, 134, -1,
      144, 134, 133, -1,
      139, 138, 144, -1,
      144, 138, 137, -1,
      144, 137, 136, -1,
      142, 141, 144, -1,
      144, 141, 140, -1,
      144, 140, 139, -1,
      121, 120, 144, -1,
      144, 120, 143, -1,
      144, 143, 142, -1,
      124, 123, 144, -1,
      144, 123, 122, -1,
      144, 122, 121, -1,
      127, 126, 144, -1,
      144, 126, 125, -1,
      144, 125, 124, -1,
      130, 129, 144, -1,
      144, 129, 128, -1,
      144, 128, 127, -1,
      74, 145, 75, -1,
      75, 145, 146, -1,
      75, 146, 86, -1,
      86, 146, 147, -1,
      86, 147, 87, -1,
      87, 147, 148, -1,
      87, 148, 88, -1,
      88, 148, 149, -1,
      88, 149, 90, -1,
      90, 149, 150, -1,
      90, 150, 91, -1,
      91, 150, 151, -1,
      91, 151, 92, -1,
      92, 151, 152, -1,
      92, 152, 93, -1,
      93, 152, 153, -1,
      93, 153, 94, -1,
      94, 153, 154, -1,
      94, 154, 95, -1,
      95, 154, 155, -1,
      95, 155, 89, -1,
      89, 155, 156, -1,
      89, 156, 72, -1,
      72, 156, 157, -1,
      72, 157, 73, -1,
      73, 157, 158, -1,
      73, 158, 76, -1,
      76, 158, 159, -1,
      76, 159, 77, -1,
      77, 159, 160, -1,
      77, 160, 78, -1,
      78, 160, 161, -1,
      78, 161, 81, -1,
      81, 161, 162, -1,
      81, 162, 82, -1,
      82, 162, 163, -1,
      82, 163, 83, -1,
      83, 163, 164, -1,
      83, 164, 79, -1,
      79, 164, 165, -1,
      79, 165, 80, -1,
      80, 165, 166, -1,
      80, 166, 84, -1,
      84, 166, 167, -1,
      84, 167, 85, -1,
      85, 167, 168, -1,
      85, 168, 74, -1,
      74, 168, 145, -1,
      158, 157, 169, -1,
      169, 157, 156, -1,
      169, 156, 155, -1,
      161, 160, 169, -1,
      169, 160, 159, -1,
      169, 159, 158, -1,
      164, 163, 169, -1,
      169, 163, 162, -1,
      169, 162, 161, -1,
      167, 166, 169, -1,
      169, 166, 165, -1,
      169, 165, 164, -1,
      146, 145, 169, -1,
      169, 145, 168, -1,
      169, 168, 167, -1,
      149, 148, 169, -1,
      169, 148, 147, -1,
      169, 147, 146, -1,
      152, 151, 169, -1,
      169, 151, 150, -1,
      169, 150, 149, -1,
      155, 154, 169, -1,
      169, 154, 153, -1,
      169, 153, 152, -1,
      111, 170, 112, -1,
      112, 170, 171, -1,
      112, 171, 113, -1,
      113, 171, 172, -1,
      113, 172, 116, -1,
      116, 172, 173, -1,
      116, 173, 117, -1,
      117, 173, 174, -1,
      117, 174, 108, -1,
      108, 174, 175, -1,
      108, 175, 109, -1,
      109, 175, 176, -1,
      109, 176, 114, -1,
      114, 176, 177, -1,
      114, 177, 115, -1,
      115, 177, 178, -1,
      115, 178, 118, -1,
      118, 178, 179, -1,
      118, 179, 119, -1,
      119, 179, 180, -1,
      119, 180, 100, -1,
      100, 180, 181, -1,
      100, 181, 96, -1,
      96, 181, 182, -1,
      96, 182, 97, -1,
      97, 182, 183, -1,
      97, 183, 98, -1,
      98, 183, 184, -1,
      98, 184, 99, -1,
      99, 184, 185, -1,
      99, 185, 101, -1,
      101, 185, 186, -1,
      101, 186, 102, -1,
      102, 186, 187, -1,
      102, 187, 103, -1,
      103, 187, 188, -1,
      103, 188, 104, -1,
      104, 188, 189, -1,
      104, 189, 105, -1,
      105, 189, 190, -1,
      105, 190, 106, -1,
      106, 190, 191, -1,
      106, 191, 107, -1,
      107, 191, 192, -1,
      107, 192, 110, -1,
      110, 192, 193, -1,
      110, 193, 111, -1,
      111, 193, 170, -1,
      183, 182, 194, -1,
      194, 182, 181, -1,
      194, 181, 180, -1,
      186, 185, 194, -1,
      194, 185, 184, -1,
      194, 184, 183, -1,
      189, 188, 194, -1,
      194, 188, 187, -1,
      194, 187, 186, -1,
      192, 191, 194, -1,
      194, 191, 190, -1,
      194, 190, 189, -1,
      171, 170, 194, -1,
      194, 170, 193, -1,
      194, 193, 192, -1,
      174, 173, 194, -1,
      194, 173, 172, -1,
      194, 172, 171, -1,
      177, 176, 194, -1,
      194, 176, 175, -1,
      194, 175, 174, -1,
      180, 179, 194, -1,
      194, 179, 178, -1,
      194, 178, 177, -1,
      10, 195, 11, -1,
      11, 195, 196, -1,
      11, 196, 12, -1,
      12, 196, 197, -1,
      12, 197, 16, -1,
      16, 197, 198, -1,
      16, 198, 17, -1,
      17, 198, 199, -1,
      17, 199, 18, -1,
      18, 199, 200, -1,
      18, 200, 19, -1,
      19, 200, 201, -1,
      19, 201, 20, -1,
      20, 201, 202, -1,
      20, 202, 21, -1,
      21, 202, 203, -1,
      21, 203, 22, -1,
      22, 203, 204, -1,
      22, 204, 23, -1,
      23, 204, 205, -1,
      23, 205, 0, -1,
      0, 205, 206, -1,
      0, 206, 1, -1,
      1, 206, 207, -1,
      1, 207, 2, -1,
      2, 207, 208, -1,
      2, 208, 6, -1,
      6, 208, 209, -1,
      6, 209, 7, -1,
      7, 209, 210, -1,
      7, 210, 8, -1,
      8, 210, 211, -1,
      8, 211, 13, -1,
      13, 211, 212, -1,
      13, 212, 14, -1,
      14, 212, 213, -1,
      14, 213, 15, -1,
      15, 213, 214, -1,
      15, 214, 3, -1,
      3, 214, 215, -1,
      3, 215, 4, -1,
      4, 215, 216, -1,
      4, 216, 5, -1,
      5, 216, 217, -1,
      5, 217, 9, -1,
      9, 217, 218, -1,
      9, 218, 10, -1,
      10, 218, 195, -1,
      196, 195, 219, -1,
      219, 195, 218, -1,
      219, 218, 217, -1,
      199, 198, 219, -1,
      219, 198, 197, -1,
      219, 197, 196, -1,
      202, 201, 219, -1,
      219, 201, 200, -1,
      219, 200, 199, -1,
      205, 204, 219, -1,
      219, 204, 203, -1,
      219, 203, 202, -1,
      208, 207, 219, -1,
      219, 207, 206, -1,
      219, 206, 205, -1,
      211, 210, 219, -1,
      219, 210, 209, -1,
      219, 209, 208, -1,
      214, 213, 219, -1,
      219, 213, 212, -1,
      219, 212, 211, -1,
      217, 216, 219, -1,
      219, 216, 215, -1,
      219, 215, 214, -1,
      40, 220, 44, -1,
      44, 220, 221, -1,
      44, 221, 45, -1,
      45, 221, 222, -1,
      45, 222, 46, -1,
      46, 222, 223, -1,
      46, 223, 47, -1,
      47, 223, 224, -1,
      47, 224, 34, -1,
      34, 224, 225, -1,
      34, 225, 43, -1,
      43, 225, 226, -1,
      43, 226, 42, -1,
      42, 226, 227, -1,
      42, 227, 41, -1,
      41, 227, 228, -1,
      41, 228, 33, -1,
      33, 228, 229, -1,
      33, 229, 32, -1,
      32, 229, 230, -1,
      32, 230, 26, -1,
      26, 230, 231, -1,
      26, 231, 25, -1,
      25, 231, 232, -1,
      25, 232, 24, -1,
      24, 232, 233, -1,
      24, 233, 27, -1,
      27, 233, 234, -1,
      27, 234, 28, -1,
      28, 234, 235, -1,
      28, 235, 29, -1,
      29, 235, 236, -1,
      29, 236, 30, -1,
      30, 236, 237, -1,
      30, 237, 31, -1,
      31, 237, 238, -1,
      31, 238, 35, -1,
      35, 238, 239, -1,
      35, 239, 36, -1,
      36, 239, 240, -1,
      36, 240, 37, -1,
      37, 240, 241, -1,
      37, 241, 38, -1,
      38, 241, 242, -1,
      38, 242, 39, -1,
      39, 242, 243, -1,
      39, 243, 40, -1,
      40, 243, 220, -1,
      221, 220, 244, -1,
      244, 220, 243, -1,
      244, 243, 242, -1,
      224, 223, 244, -1,
      244, 223, 222, -1,
      244, 222, 221, -1,
      227, 226, 244, -1,
      244, 226, 225, -1,
      244, 225, 224, -1,
      230, 229, 244, -1,
      244, 229, 228, -1,
      244, 228, 227, -1,
      233, 232, 244, -1,
      244, 232, 231, -1,
      244, 231, 230, -1,
      236, 235, 244, -1,
      244, 235, 234, -1,
      244, 234, 233, -1,
      239, 238, 244, -1,
      244, 238, 237, -1,
      244, 237, 236, -1,
      242, 241, 244, -1,
      244, 241, 240, -1,
      244, 240, 239, -1,
    ]
  }
}

Shape {
  appearance Appearance {
    material Material {
      diffuseColor 0.2078 0.2078 0.2078
      specularColor 0.0157 0.0157 0.0157
      ambientIntensity 0.2
      transparency 0.0000
      shininess 0.5
    }
  }
  geometry IndexedFaceSet {
    ccw TRUE
    solid FALSE
    coord DEF co Coordinate {
      point [
        2.060396 -4.527559 3.721180,
        2.076110 -4.527559 3.723074,
        2.115079 -4.527559 3.507263,
        2.101376 -4.527559 3.505953,
        2.211946 -4.527559 3.696711,
        2.211946 -4.527559 3.628377,
        2.269610 -4.527559 3.628377,
        2.400467 -4.527559 3.721273,
        2.339555 -4.527559 3.721273,
        2.339555 -4.527559 3.507754,
        2.398283 -4.527559 3.507754,
        2.434235 -4.527559 3.512087,
        2.488863 -4.527559 3.685480,
        2.502044 -4.527559 3.666821,
        2.481191 -4.527559 3.693000,
        2.506624 -4.527559 3.575895,
        2.495472 -4.527559 3.554165,
        2.433068 -4.527559 3.717673,
        2.437363 -4.527559 3.716104,
        2.458837 -4.527559 3.708260,
        2.481191 -4.527559 3.537664,
        2.458634 -4.527559 3.521538,
        2.437363 -4.527559 3.513299,
        2.509900 -4.527559 3.646414,
        2.513394 -4.527559 3.617243,
        2.512395 -4.527559 3.600390,
        2.294362 -4.527559 3.721273,
        2.269610 -4.527559 3.721273,
        2.294362 -4.527559 3.696711,
        2.299220 -4.527559 3.532097,
        2.299220 -4.527559 3.507754,
        2.211946 -4.527559 3.532097,
        2.269610 -4.527559 3.532097,
        2.211946 -4.527559 3.603925,
        2.269610 -4.527559 3.603925,
        2.288304 -4.527559 3.603925,
        2.288304 -4.527559 3.628377,
        2.269610 -4.527559 3.696711,
        2.184382 -4.527559 3.721273,
        2.184382 -4.527559 3.507754,
        2.141646 -4.527559 3.716143,
        2.122152 -4.527559 3.722093,
        2.112404 -4.527559 3.723074,
        2.269610 -4.527559 3.507754,
        2.141646 -4.527559 3.687324,
        2.086520 -4.527559 3.528713,
        2.099079 -4.527559 3.529309,
        2.138004 -4.527559 3.514781,
        2.122821 -4.527559 3.534283,
        2.141646 -4.527559 3.543013,
        2.141646 -4.527559 3.516596,
        2.064534 -4.527559 3.696097,
        2.047737 -4.527559 3.688337,
        2.033140 -4.527559 3.676299,
        2.136345 -4.527559 3.690074,
        2.031528 -4.527559 3.674526,
        2.021250 -4.527559 3.659646,
        2.014144 -4.527559 3.641135,
        2.010707 -4.527559 3.612112,
        2.010739 -4.527559 3.609145,
        2.014250 -4.527559 3.583263,
        2.036539 -4.527559 3.546441,
        2.050669 -4.527559 3.536738,
        2.066060 -4.527559 3.531046,
        2.114323 -4.527559 3.697613,
        2.091323 -4.527559 3.699986,
        2.083121 -4.527559 3.699661,
        2.021082 -4.527559 3.565978,
        2.031667 -4.527559 3.551200,
        2.091050 -4.527559 3.724876,
        2.094863 -4.527559 3.724840,
        2.038051 -4.527559 3.712561,
        1.998896 -4.527559 3.676115,
        2.012618 -4.527559 3.693437,
        2.017387 -4.527559 3.698017,
        1.991331 -4.527559 3.562009,
        1.985904 -4.527559 3.576044,
        1.981780 -4.527559 3.610474,
        1.982501 -4.527559 3.625783,
        1.988049 -4.527559 3.652887,
        1.991331 -4.527559 3.659916,
        2.024942 -4.527559 3.519945,
        2.009179 -4.527559 3.533298,
        2.007239 -4.527559 3.535423,
        1.994547 -4.527559 3.553693,
        2.082535 -4.527559 3.504152,
        2.067678 -4.527559 3.504968,
        2.063285 -4.527559 3.505953,
        2.044869 -4.527559 3.510081,
        1.973047 -4.527559 3.532097,
        1.973047 -4.527559 3.507754,
        1.860447 -4.527559 3.507754,
        1.888011 -4.527559 3.721273,
        1.888011 -4.527559 3.532097,
        1.860447 -4.527559 3.721273,
        -1.831840 -2.580156 5.118110,
        -1.852308 -2.735622 5.118110,
        -1.912316 -2.880494 5.118110,
        -2.007774 -3.004899 5.118110,
        -2.857261 -2.155413 5.118110,
        -2.732856 -2.059954 5.118110,
        -2.587984 -1.999946 5.118110,
        -2.132179 -3.100358 5.118110,
        -2.277051 -3.160366 5.118110,
        -2.432518 -3.180833 5.118110,
        -2.587984 -3.160366 5.118110,
        -2.732856 -3.100358 5.118110,
        -2.857261 -3.004899 5.118110,
        -2.952719 -2.880494 5.118110,
        -3.012728 -2.735622 5.118110,
        -3.033195 -2.580156 5.118110,
        -3.012728 -2.424689 5.118110,
        -2.952719 -2.279817 5.118110,
        -2.132179 -2.059954 5.118110,
        -2.277051 -1.999946 5.118110,
        -2.432518 -1.979478 5.118110,
        -2.007774 -2.155413 5.118110,
        -1.912316 -2.279817 5.118110,
        -1.852308 -2.424689 5.118110,
        -1.831840 -2.580156 5.114173,
        -1.852308 -2.424689 5.114173,
        -1.912316 -2.279817 5.114173,
        -2.007774 -2.155413 5.114173,
        -2.132179 -2.059954 5.114173,
        -2.277051 -1.999946 5.114173,
        -2.432518 -1.979478 5.114173,
        -2.587984 -1.999946 5.114173,
        -2.732856 -2.059954 5.114173,
        -2.857261 -2.155413 5.114173,
        -2.952719 -2.279817 5.114173,
        -3.012728 -2.424689 5.114173,
        -3.033195 -2.580156 5.114173,
        -3.012728 -2.735622 5.114173,
        -2.952719 -2.880494 5.114173,
        -2.857261 -3.004899 5.114173,
        -2.732856 -3.100358 5.114173,
        -2.587984 -3.160366 5.114173,
        -2.432518 -3.180833 5.114173,
        -2.277051 -3.160366 5.114173,
        -2.132179 -3.100358 5.114173,
        -2.007774 -3.004899 5.114173,
        -1.912316 -2.880494 5.114173,
        -1.852308 -2.735622 5.114173,
        -2.432518 -2.580156 5.114173,
        1.973047 -4.531496 3.532097,
        1.973047 -4.531496 3.507754,
        1.888011 -4.531496 3.532097,
        1.888011 -4.531496 3.721273,
        1.860447 -4.531496 3.721273,
        1.860447 -4.531496 3.507754,
        2.115079 -4.531496 3.507263,
        2.082535 -4.531496 3.504152,
        2.138004 -4.531496 3.514781,
        2.141646 -4.531496 3.516596,
        2.141646 -4.531496 3.543013,
        2.122821 -4.531496 3.534283,
        2.099079 -4.531496 3.529309,
        2.086520 -4.531496 3.528713,
        2.066060 -4.531496 3.531046,
        2.050669 -4.531496 3.536738,
        2.036539 -4.531496 3.546441,
        2.031667 -4.531496 3.551200,
        2.021082 -4.531496 3.565978,
        2.014250 -4.531496 3.583263,
        2.010739 -4.531496 3.609145,
        2.010707 -4.531496 3.612112,
        2.014144 -4.531496 3.641135,
        2.021250 -4.531496 3.659646,
        2.031528 -4.531496 3.674526,
        2.033140 -4.531496 3.676299,
        2.047737 -4.531496 3.688337,
        2.064534 -4.531496 3.696097,
        2.083121 -4.531496 3.699661,
        2.091323 -4.531496 3.699986,
        2.114323 -4.531496 3.697613,
        2.136345 -4.531496 3.690074,
        2.141646 -4.531496 3.687324,
        2.141646 -4.531496 3.716143,
        2.091050 -4.531496 3.724876,
        2.094863 -4.531496 3.724840,
        2.122152 -4.531496 3.722093,
        2.060396 -4.531496 3.721180,
        2.038051 -4.531496 3.712561,
        2.017387 -4.531496 3.698017,
        2.012618 -4.531496 3.693437,
        1.988049 -4.531496 3.652887,
        1.998896 -4.531496 3.676115,
        1.982501 -4.531496 3.625783,
        1.981780 -4.531496 3.610474,
        1.994547 -4.531496 3.553693,
        1.985904 -4.531496 3.576044,
        2.007239 -4.531496 3.535423,
        2.009179 -4.531496 3.533298,
        2.024942 -4.531496 3.519945,
        2.067678 -4.531496 3.504968,
        2.044869 -4.531496 3.510081,
        2.299220 -4.531496 3.532097,
        2.299220 -4.531496 3.507754,
        2.211946 -4.531496 3.532097,
        2.211946 -4.531496 3.603925,
        2.288304 -4.531496 3.603925,
        2.288304 -4.531496 3.628377,
        2.211946 -4.531496 3.628377,
        2.211946 -4.531496 3.696711,
        2.294362 -4.531496 3.696711,
        2.294362 -4.531496 3.721273,
        2.184382 -4.531496 3.721273,
        2.184382 -4.531496 3.507754,
        2.472629 -4.531496 3.568215,
        2.461597 -4.531496 3.554366,
        2.481191 -4.531496 3.537664,
        2.458895 -4.531496 3.551857,
        2.458634 -4.531496 3.521538,
        2.445071 -4.531496 3.542332,
        2.434235 -4.531496 3.512087,
        2.427350 -4.531496 3.535539,
        2.398283 -4.531496 3.507754,
        2.398120 -4.531496 3.532097,
        2.339555 -4.531496 3.507754,
        2.367118 -4.531496 3.532097,
        2.339555 -4.531496 3.721273,
        2.367118 -4.531496 3.696711,
        2.400467 -4.531496 3.721273,
        2.399375 -4.531496 3.696711,
        2.433068 -4.531496 3.717673,
        2.426972 -4.531496 3.693652,
        2.458837 -4.531496 3.708260,
        2.445475 -4.531496 3.686953,
        2.481191 -4.531496 3.693000,
        2.460996 -4.531496 3.676626,
        2.488863 -4.531496 3.685480,
        2.468565 -4.531496 3.668854,
        2.502044 -4.531496 3.666821,
        2.476443 -4.531496 3.656385,
        2.509900 -4.531496 3.646414,
        2.482045 -4.531496 3.639892,
        2.513394 -4.531496 3.617243,
        2.484411 -4.531496 3.616478,
        2.512395 -4.531496 3.600390,
        2.483816 -4.531496 3.604020,
        2.506624 -4.531496 3.575895,
        2.479831 -4.531496 3.584216,
        2.495472 -4.531496 3.554165,
        2.399375 -4.527559 3.696711,
        2.367118 -4.527559 3.696711,
        2.367118 -4.527559 3.532097,
        2.398120 -4.527559 3.532097,
        2.461597 -4.527559 3.554366,
        2.458895 -4.527559 3.551857,
        2.445071 -4.527559 3.542332,
        2.427350 -4.527559 3.535539,
        2.484411 -4.527559 3.616478,
        2.483816 -4.527559 3.604020,
        2.479831 -4.527559 3.584216,
        2.472629 -4.527559 3.568215,
        2.460996 -4.527559 3.676626,
        2.468565 -4.527559 3.668854,
        2.476443 -4.527559 3.656385,
        2.482045 -4.527559 3.639892,
        2.426972 -4.527559 3.693652,
        2.445475 -4.527559 3.686953,
      ]
    }
    coordIndex [
      119, 95, 120, -1,
      120, 95, 118, -1,
      120, 118, 121, -1,
      121, 118, 117, -1,
      121, 117, 122, -1,
      122, 117, 116, -1,
      122, 116, 123, -1,
      123, 116, 113, -1,
      123, 113, 124, -1,
      124, 113, 114, -1,
      124, 114, 125, -1,
      125, 114, 115, -1,
      125, 115, 126, -1,
      126, 115, 101, -1,
      126, 101, 127, -1,
      127, 101, 100, -1,
      127, 100, 128, -1,
      128, 100, 99, -1,
      128, 99, 129, -1,
      129, 99, 112, -1,
      129, 112, 130, -1,
      130, 112, 111, -1,
      130, 111, 131, -1,
      131, 111, 110, -1,
      131, 110, 132, -1,
      132, 110, 109, -1,
      132, 109, 133, -1,
      133, 109, 108, -1,
      133, 108, 134, -1,
      134, 108, 107, -1,
      134, 107, 135, -1,
      135, 107, 106, -1,
      135, 106, 136, -1,
      136, 106, 105, -1,
      136, 105, 137, -1,
      137, 105, 104, -1,
      137, 104, 138, -1,
      138, 104, 103, -1,
      138, 103, 139, -1,
      139, 103, 102, -1,
      139, 102, 140, -1,
      140, 102, 98, -1,
      140, 98, 141, -1,
      141, 98, 97, -1,
      141, 97, 142, -1,
      142, 97, 96, -1,
      142, 96, 119, -1,
      119, 96, 95, -1,
      141, 142, 143, -1,
      143, 142, 119, -1,
      143, 119, 120, -1,
      138, 139, 143, -1,
      143, 139, 140, -1,
      143, 140, 141, -1,
      135, 136, 143, -1,
      143, 136, 137, -1,
      143, 137, 138, -1,
      132, 133, 143, -1,
      143, 133, 134, -1,
      143, 134, 135, -1,
      129, 130, 143, -1,
      143, 130, 131, -1,
      143, 131, 132, -1,
      126, 127, 143, -1,
      143, 127, 128, -1,
      143, 128, 129, -1,
      123, 124, 143, -1,
      143, 124, 125, -1,
      143, 125, 126, -1,
      120, 121, 143, -1,
      143, 121, 122, -1,
      143, 122, 123, -1,
      144, 145, 89, -1,
      89, 145, 90, -1,
      146, 144, 93, -1,
      93, 144, 89, -1,
      147, 146, 92, -1,
      92, 146, 93, -1,
      148, 147, 94, -1,
      94, 147, 92, -1,
      149, 148, 91, -1,
      91, 148, 94, -1,
      145, 149, 90, -1,
      90, 149, 91, -1,
      147, 148, 146, -1,
      146, 148, 149, -1,
      146, 149, 144, -1,
      144, 149, 145, -1,
      150, 151, 3, -1,
      3, 151, 85, -1,
      3, 2, 150, -1,
      150, 2, 47, -1,
      150, 47, 152, -1,
      152, 47, 50, -1,
      152, 50, 153, -1,
      154, 153, 49, -1,
      49, 153, 50, -1,
      154, 49, 48, -1,
      154, 48, 155, -1,
      155, 48, 46, -1,
      155, 46, 156, -1,
      156, 46, 45, -1,
      156, 45, 157, -1,
      157, 45, 63, -1,
      157, 63, 158, -1,
      158, 63, 62, -1,
      158, 62, 159, -1,
      159, 62, 61, -1,
      159, 61, 160, -1,
      160, 61, 68, -1,
      160, 68, 161, -1,
      161, 68, 67, -1,
      161, 67, 162, -1,
      162, 67, 60, -1,
      162, 60, 163, -1,
      163, 60, 59, -1,
      163, 59, 164, -1,
      164, 59, 58, -1,
      164, 58, 165, -1,
      165, 58, 57, -1,
      165, 57, 166, -1,
      166, 57, 56, -1,
      166, 56, 167, -1,
      167, 56, 55, -1,
      167, 55, 168, -1,
      168, 55, 53, -1,
      168, 53, 169, -1,
      169, 53, 52, -1,
      169, 52, 170, -1,
      170, 52, 51, -1,
      170, 51, 171, -1,
      171, 51, 66, -1,
      171, 66, 172, -1,
      172, 66, 65, -1,
      172, 65, 173, -1,
      173, 65, 64, -1,
      173, 64, 174, -1,
      174, 64, 54, -1,
      174, 54, 175, -1,
      175, 54, 44, -1,
      175, 44, 176, -1,
      177, 176, 40, -1,
      40, 176, 44, -1,
      69, 178, 179, -1,
      177, 40, 41, -1,
      177, 41, 180, -1,
      180, 41, 42, -1,
      180, 42, 179, -1,
      179, 42, 70, -1,
      179, 70, 69, -1,
      178, 69, 1, -1,
      178, 1, 181, -1,
      1, 0, 181, -1,
      181, 0, 71, -1,
      181, 71, 182, -1,
      182, 71, 74, -1,
      182, 74, 183, -1,
      183, 74, 73, -1,
      183, 73, 184, -1,
      184, 73, 72, -1,
      80, 185, 72, -1,
      72, 185, 186, -1,
      72, 186, 184, -1,
      80, 79, 185, -1,
      185, 79, 78, -1,
      185, 78, 187, -1,
      187, 78, 77, -1,
      187, 77, 188, -1,
      188, 77, 76, -1,
      75, 189, 76, -1,
      76, 189, 190, -1,
      76, 190, 188, -1,
      75, 84, 189, -1,
      189, 84, 83, -1,
      189, 83, 191, -1,
      191, 83, 82, -1,
      191, 82, 192, -1,
      88, 193, 81, -1,
      81, 193, 192, -1,
      81, 192, 82, -1,
      87, 194, 88, -1,
      88, 194, 195, -1,
      88, 195, 193, -1,
      87, 86, 194, -1,
      194, 86, 85, -1,
      194, 85, 151, -1,
      175, 176, 177, -1,
      170, 171, 181, -1,
      166, 167, 186, -1,
      181, 171, 178, -1,
      186, 167, 184, -1,
      175, 177, 174, -1,
      181, 182, 170, -1,
      170, 182, 183, -1,
      170, 183, 169, -1,
      169, 183, 184, -1,
      169, 184, 168, -1,
      168, 184, 167, -1,
      171, 172, 178, -1,
      178, 172, 173, -1,
      178, 173, 179, -1,
      179, 173, 174, -1,
      179, 174, 180, -1,
      180, 174, 177, -1,
      188, 165, 187, -1,
      187, 165, 166, -1,
      187, 166, 185, -1,
      185, 166, 186, -1,
      153, 154, 152, -1,
      152, 154, 155, -1,
      152, 155, 150, -1,
      150, 155, 156, -1,
      150, 156, 151, -1,
      151, 156, 157, -1,
      151, 157, 194, -1,
      194, 157, 158, -1,
      194, 158, 195, -1,
      195, 158, 159, -1,
      195, 159, 193, -1,
      193, 159, 160, -1,
      193, 160, 192, -1,
      192, 160, 161, -1,
      192, 161, 191, -1,
      191, 161, 162, -1,
      191, 162, 189, -1,
      189, 162, 190, -1,
      190, 162, 163, -1,
      190, 163, 188, -1,
      188, 163, 164, -1,
      188, 164, 165, -1,
      196, 197, 29, -1,
      29, 197, 30, -1,
      31, 198, 32, -1,
      32, 198, 196, -1,
      32, 196, 29, -1,
      199, 198, 33, -1,
      33, 198, 31, -1,
      35, 200, 34, -1,
      34, 200, 199, -1,
      34, 199, 33, -1,
      201, 200, 36, -1,
      36, 200, 35, -1,
      5, 202, 6, -1,
      6, 202, 201, -1,
      6, 201, 36, -1,
      203, 202, 4, -1,
      4, 202, 5, -1,
      28, 204, 37, -1,
      37, 204, 203, -1,
      37, 203, 4, -1,
      205, 204, 26, -1,
      26, 204, 28, -1,
      38, 206, 27, -1,
      27, 206, 205, -1,
      27, 205, 26, -1,
      207, 206, 39, -1,
      39, 206, 38, -1,
      30, 197, 43, -1,
      43, 197, 207, -1,
      43, 207, 39, -1,
      207, 197, 196, -1,
      196, 198, 207, -1,
      207, 198, 199, -1,
      207, 199, 206, -1,
      204, 205, 203, -1,
      203, 205, 206, -1,
      203, 206, 202, -1,
      202, 206, 199, -1,
      202, 199, 201, -1,
      201, 199, 200, -1,
      208, 209, 210, -1,
      210, 209, 211, -1,
      210, 211, 212, -1,
      212, 211, 213, -1,
      212, 213, 214, -1,
      214, 213, 215, -1,
      214, 215, 216, -1,
      216, 215, 217, -1,
      216, 217, 218, -1,
      218, 217, 219, -1,
      218, 219, 220, -1,
      220, 219, 221, -1,
      220, 221, 222, -1,
      222, 221, 223, -1,
      222, 223, 224, -1,
      224, 223, 225, -1,
      224, 225, 226, -1,
      226, 225, 227, -1,
      226, 227, 228, -1,
      228, 227, 229, -1,
      228, 229, 230, -1,
      230, 229, 231, -1,
      230, 231, 232, -1,
      232, 231, 233, -1,
      232, 233, 234, -1,
      234, 233, 235, -1,
      234, 235, 236, -1,
      236, 235, 237, -1,
      236, 237, 238, -1,
      238, 237, 239, -1,
      238, 239, 240, -1,
      240, 239, 241, -1,
      240, 241, 242, -1,
      242, 241, 208, -1,
      242, 208, 210, -1,
      216, 218, 10, -1,
      10, 218, 9, -1,
      20, 210, 212, -1,
      216, 10, 11, -1,
      216, 11, 214, -1,
      214, 11, 22, -1,
      214, 22, 212, -1,
      212, 22, 21, -1,
      212, 21, 20, -1,
      210, 20, 16, -1,
      210, 16, 242, -1,
      242, 16, 15, -1,
      242, 15, 240, -1,
      240, 15, 25, -1,
      240, 25, 238, -1,
      238, 25, 24, -1,
      238, 24, 236, -1,
      236, 24, 23, -1,
      236, 23, 234, -1,
      234, 23, 13, -1,
      234, 13, 232, -1,
      232, 13, 12, -1,
      232, 12, 230, -1,
      230, 12, 14, -1,
      230, 14, 228, -1,
      228, 14, 19, -1,
      18, 224, 19, -1,
      19, 224, 226, -1,
      19, 226, 228, -1,
      18, 17, 224, -1,
      224, 17, 7, -1,
      224, 7, 222, -1,
      220, 222, 8, -1,
      8, 222, 7, -1,
      218, 220, 9, -1,
      9, 220, 8, -1,
      223, 221, 243, -1,
      243, 221, 244, -1,
      221, 219, 244, -1,
      244, 219, 245, -1,
      219, 217, 245, -1,
      245, 217, 246, -1,
      209, 247, 248, -1,
      209, 248, 211, -1,
      211, 248, 249, -1,
      211, 249, 213, -1,
      213, 249, 250, -1,
      213, 250, 215, -1,
      215, 250, 246, -1,
      215, 246, 217, -1,
      237, 251, 252, -1,
      237, 252, 239, -1,
      239, 252, 253, -1,
      239, 253, 241, -1,
      241, 253, 254, -1,
      241, 254, 208, -1,
      208, 254, 247, -1,
      208, 247, 209, -1,
      229, 255, 256, -1,
      229, 256, 231, -1,
      231, 256, 257, -1,
      231, 257, 233, -1,
      233, 257, 258, -1,
      233, 258, 235, -1,
      235, 258, 251, -1,
      235, 251, 237, -1,
      223, 243, 259, -1,
      223, 259, 225, -1,
      225, 259, 260, -1,
      225, 260, 227, -1,
      227, 260, 255, -1,
      227, 255, 229, -1,
    ]
  }
}

Shape {
  appearance Appearance {
    material Material {
      diffuseColor 0.6471 0.6196 0.5882
      specularColor 0.4510 0.4353 0.4118
      ambientIntensity 0.2
      transparency 0.0000
      shininess 0.5
    }
  }
  geometry IndexedFaceSet {
    ccw TRUE
    solid FALSE
    coord DEF co Coordinate {
      point [
        2.399375 -4.527559 3.696711,
        2.367118 -4.527559 3.696711,
        2.367118 -4.527559 3.532097,
        2.398120 -4.527559 3.532097,
        2.461597 -4.527559 3.554366,
        2.458895 -4.527559 3.551857,
        2.445071 -4.527559 3.542332,
        2.427350 -4.527559 3.535539,
        2.484411 -4.527559 3.616478,
        2.483816 -4.527559 3.604020,
        2.479831 -4.527559 3.584216,
        2.472629 -4.527559 3.568215,
        2.460996 -4.527559 3.676626,
        2.468565 -4.527559 3.668854,
        2.476443 -4.527559 3.656385,
        2.482045 -4.527559 3.639892,
        2.426972 -4.527559 3.693652,
        2.445475 -4.527559 3.686953,
      ]
    }
    coordIndex [
      1, 2, 0, -1,
      0, 2, 3, -1,
      0, 3, 7, -1,
      7, 6, 0, -1,
      0, 6, 5, -1,
      0, 5, 4, -1,
      9, 8, 0, -1,
      0, 8, 15, -1,
      0, 15, 14, -1,
      14, 13, 0, -1,
      0, 13, 12, -1,
      0, 12, 16, -1,
      16, 12, 17, -1,
      4, 11, 0, -1,
      0, 11, 10, -1,
      0, 10, 9, -1,
    ]
  }
}

Shape {
  appearance Appearance {
    material Material {
      diffuseColor 0.2078 0.2078 0.2078
      specularColor 0.0157 0.0157 0.0157
      ambientIntensity 0.2
      transparency 0.0000
      shininess 0.5
    }
  }
  geometry IndexedFaceSet {
    ccw TRUE
    solid FALSE
    coord DEF co Coordinate {
      point [
        2.665127 -4.527559 3.566155,
        2.586777 -4.527559 3.566155,
        2.686905 -4.527559 3.507754,
        2.717361 -4.527559 3.507754,
        2.636036 -4.527559 3.721273,
        2.576216 -4.527559 3.566155,
        2.555693 -4.527559 3.507754,
        2.525238 -4.527559 3.507754,
        2.586777 -4.527559 3.669326,
        2.606563 -4.527559 3.721273,
        2.584948 -4.531496 3.590280,
        2.576216 -4.531496 3.566155,
        2.656613 -4.531496 3.590280,
        2.665127 -4.531496 3.566155,
        2.616878 -4.531496 3.679027,
        2.606563 -4.531496 3.721273,
        2.525238 -4.531496 3.507754,
        2.555693 -4.531496 3.507754,
        2.618727 -4.531496 3.685400,
        2.620371 -4.531496 3.693982,
        2.636036 -4.531496 3.721273,
        2.621026 -4.531496 3.693982,
        2.622752 -4.531496 3.684950,
        2.624356 -4.531496 3.679027,
        2.717361 -4.531496 3.507754,
        2.686905 -4.531496 3.507754,
        2.584948 -4.527559 3.590280,
        2.656613 -4.527559 3.590280,
        2.624356 -4.527559 3.679027,
        2.621026 -4.527559 3.693982,
        2.622752 -4.527559 3.684950,
        2.620371 -4.527559 3.693982,
        2.616878 -4.527559 3.679027,
        2.618727 -4.527559 3.685400,
      ]
    }
    coordIndex [
      10, 11, 12, -1,
      12, 11, 13, -1,
      14, 15, 10, -1,
      10, 15, 16, -1,
      10, 16, 11, -1,
      11, 16, 17, -1,
      14, 18, 15, -1,
      15, 18, 19, -1,
      15, 19, 20, -1,
      20, 19, 21, -1,
      20, 21, 22, -1,
      22, 23, 20, -1,
      20, 23, 12, -1,
      20, 12, 24, -1,
      24, 12, 13, -1,
      24, 13, 25, -1,
      20, 24, 4, -1,
      4, 24, 3, -1,
      15, 20, 9, -1,
      9, 20, 4, -1,
      7, 16, 8, -1,
      8, 16, 15, -1,
      8, 15, 9, -1,
      17, 16, 6, -1,
      6, 16, 7, -1,
      11, 17, 5, -1,
      5, 17, 6, -1,
      0, 13, 1, -1,
      1, 13, 11, -1,
      1, 11, 5, -1,
      25, 13, 2, -1,
      2, 13, 0, -1,
      24, 25, 3, -1,
      3, 25, 2, -1,
      10, 12, 26, -1,
      26, 12, 27, -1,
      12, 23, 27, -1,
      27, 23, 28, -1,
      21, 29, 30, -1,
      21, 30, 22, -1,
      22, 30, 28, -1,
      22, 28, 23, -1,
      21, 19, 29, -1,
      29, 19, 31, -1,
      14, 32, 33, -1,
      14, 33, 18, -1,
      18, 33, 31, -1,
      18, 31, 19, -1,
      14, 10, 32, -1,
      32, 10, 26, -1,
    ]
  }
}

Shape {
  appearance Appearance {
    material Material {
      diffuseColor 0.6471 0.6196 0.5882
      specularColor 0.4510 0.4353 0.4118
      ambientIntensity 0.2
      transparency 0.0000
      shininess 0.5
    }
  }
  geometry IndexedFaceSet {
    ccw TRUE
    solid FALSE
    coord DEF co Coordinate {
      point [
        2.584948 -4.527559 3.590280,
        2.656613 -4.527559 3.590280,
        2.624356 -4.527559 3.679027,
        2.621026 -4.527559 3.693982,
        2.622752 -4.527559 3.684950,
        2.620371 -4.527559 3.693982,
        2.616878 -4.527559 3.679027,
        2.618727 -4.527559 3.685400,
      ]
    }
    coordIndex [
      3, 5, 4, -1,
      4, 5, 7, -1,
      4, 7, 2, -1,
      2, 7, 6, -1,
      2, 6, 1, -1,
      1, 6, 0, -1,
    ]
  }
}

Shape {
  appearance Appearance {
    material Material {
      diffuseColor 0.2078 0.2078 0.2078
      specularColor 0.0157 0.0157 0.0157
      ambientIntensity 0.2
      transparency 0.0000
      shininess 0.5
    }
  }
  geometry IndexedFaceSet {
    ccw TRUE
    solid FALSE
    coord DEF co Coordinate {
      point [
        2.011294 -4.527559 3.241281,
        2.015783 -4.527559 3.284848,
        2.005599 -4.527559 3.232622,
        2.002245 -4.527559 3.222919,
        2.123416 -4.527559 3.267163,
        2.123416 -4.527559 3.169028,
        2.083322 -4.527559 3.177147,
        2.073885 -4.527559 3.170875,
        2.096672 -4.527559 3.169028,
        2.063796 -4.527559 3.167226,
        2.033731 -4.527559 3.167226,
        2.033243 -4.527559 3.167283,
        2.022989 -4.527559 3.171149,
        2.019319 -4.527559 3.248442,
        2.030417 -4.527559 3.254320,
        2.033196 -4.527559 3.295959,
        2.051479 -4.527559 3.259631,
        2.074839 -4.527559 3.302346,
        2.065779 -4.527559 3.303295,
        2.049914 -4.527559 3.301654,
        2.013982 -4.527559 3.177433,
        2.010991 -4.527559 3.180465,
        2.005434 -4.527559 3.188683,
        2.111190 -4.527559 3.308846,
        2.045077 -4.527559 3.322652,
        2.024572 -4.527559 3.315679,
        2.015783 -4.527559 3.310828,
        2.096672 -4.527559 3.192607,
        2.095962 -4.527559 3.192607,
        2.091771 -4.527559 3.186232,
        2.002200 -4.527559 3.197731,
        2.000883 -4.527559 3.209854,
        2.121061 -4.527559 3.288631,
        2.068290 -4.527559 3.325019,
        2.084128 -4.527559 3.323618,
        2.095470 -4.527559 3.320230,
        2.116758 -4.527559 3.300413,
        2.096672 -4.527559 3.265963,
        2.095741 -4.527559 3.277789,
        2.092976 -4.527559 3.287311,
        2.089834 -4.527559 3.292819,
        2.085791 -4.527559 3.297119,
        2.081043 -4.527559 3.300180,
        2.104379 -4.527559 3.315198,
        2.063044 -4.527559 3.166955,
        2.049241 -4.527559 3.165425,
        1.975285 -4.527559 3.169028,
        1.860447 -4.527559 3.169028,
        1.975285 -4.527559 3.193370,
        1.970427 -4.527559 3.357985,
        1.888011 -4.527559 3.265199,
        1.888011 -4.527559 3.193370,
        1.964369 -4.527559 3.265199,
        1.964369 -4.527559 3.289651,
        1.888011 -4.527559 3.289651,
        1.888011 -4.527559 3.357985,
        1.860447 -4.527559 3.382546,
        1.970427 -4.527559 3.382546,
        1.975285 -4.531496 3.193370,
        1.975285 -4.531496 3.169028,
        1.888011 -4.531496 3.193370,
        1.888011 -4.531496 3.265199,
        1.964369 -4.531496 3.265199,
        1.964369 -4.531496 3.289651,
        1.888011 -4.531496 3.289651,
        1.888011 -4.531496 3.357985,
        1.970427 -4.531496 3.357985,
        1.970427 -4.531496 3.382546,
        1.860447 -4.531496 3.382546,
        1.860447 -4.531496 3.169028,
        2.095962 -4.531496 3.192607,
        2.096672 -4.531496 3.192607,
        2.094924 -4.531496 3.217214,
        2.096646 -4.531496 3.229147,
        2.123416 -4.531496 3.267163,
        2.096672 -4.531496 3.230922,
        2.096672 -4.531496 3.245550,
        2.096672 -4.531496 3.169028,
        2.123416 -4.531496 3.169028,
        2.038663 -4.531496 3.234080,
        2.045051 -4.531496 3.237087,
        2.030417 -4.531496 3.254320,
        2.091001 -4.531496 3.207673,
        2.085210 -4.531496 3.199811,
        2.091771 -4.531496 3.186232,
        2.081856 -4.531496 3.196534,
        2.083322 -4.531496 3.177147,
        2.074298 -4.531496 3.191434,
        2.073885 -4.531496 3.170875,
        2.066184 -4.531496 3.188486,
        2.063044 -4.531496 3.166955,
        2.056173 -4.531496 3.187367,
        2.049241 -4.531496 3.165425,
        2.047140 -4.531496 3.188384,
        2.033243 -4.531496 3.167283,
        2.041089 -4.531496 3.190604,
        2.022989 -4.531496 3.171149,
        2.035760 -4.531496 3.194244,
        2.013982 -4.531496 3.177433,
        2.033486 -4.531496 3.196530,
        2.051479 -4.531496 3.259631,
        2.060976 -4.531496 3.240746,
        2.096672 -4.531496 3.265963,
        2.035105 -4.531496 3.231359,
        2.019319 -4.531496 3.248442,
        2.031904 -4.531496 3.227395,
        2.011294 -4.531496 3.241281,
        2.029557 -4.531496 3.222407,
        2.005599 -4.531496 3.232622,
        2.028236 -4.531496 3.216281,
        2.002245 -4.531496 3.222919,
        2.028009 -4.531496 3.212037,
        2.000883 -4.531496 3.209854,
        2.028689 -4.531496 3.205897,
        2.002200 -4.531496 3.197731,
        2.030446 -4.531496 3.201038,
        2.005434 -4.531496 3.188683,
        2.010991 -4.531496 3.180465,
        2.015783 -4.531496 3.310828,
        2.015783 -4.531496 3.284848,
        2.024572 -4.531496 3.315679,
        2.033196 -4.531496 3.295959,
        2.045077 -4.531496 3.322652,
        2.049914 -4.531496 3.301654,
        2.068290 -4.531496 3.325019,
        2.065779 -4.531496 3.303295,
        2.084128 -4.531496 3.323618,
        2.074839 -4.531496 3.302346,
        2.095470 -4.531496 3.320230,
        2.081043 -4.531496 3.300180,
        2.104379 -4.531496 3.315198,
        2.085791 -4.531496 3.297119,
        2.111190 -4.531496 3.308846,
        2.089834 -4.531496 3.292819,
        2.116758 -4.531496 3.300413,
        2.092976 -4.531496 3.287311,
        2.121061 -4.531496 3.288631,
        2.095741 -4.531496 3.277789,
        2.035105 -4.527559 3.231359,
        2.038663 -4.527559 3.234080,
        2.045051 -4.527559 3.237087,
        2.060976 -4.527559 3.240746,
        2.028009 -4.527559 3.212037,
        2.028236 -4.527559 3.216281,
        2.029557 -4.527559 3.222407,
        2.031904 -4.527559 3.227395,
        2.035760 -4.527559 3.194244,
        2.033486 -4.527559 3.196530,
        2.030446 -4.527559 3.201038,
        2.028689 -4.527559 3.205897,
        2.056173 -4.527559 3.187367,
        2.047140 -4.527559 3.188384,
        2.041089 -4.527559 3.190604,
        2.085210 -4.527559 3.199811,
        2.081856 -4.527559 3.196534,
        2.074298 -4.527559 3.191434,
        2.066184 -4.527559 3.188486,
        2.096672 -4.527559 3.230922,
        2.096646 -4.527559 3.229147,
        2.094924 -4.527559 3.217214,
        2.091001 -4.527559 3.207673,
        2.096672 -4.527559 3.245550,
      ]
    }
    coordIndex [
      58, 59, 48, -1,
      48, 59, 46, -1,
      60, 58, 51, -1,
      51, 58, 48, -1,
      61, 60, 50, -1,
      50, 60, 51, -1,
      62, 61, 52, -1,
      52, 61, 50, -1,
      63, 62, 53, -1,
      53, 62, 52, -1,
      64, 63, 54, -1,
      54, 63, 53, -1,
      65, 64, 55, -1,
      55, 64, 54, -1,
      66, 65, 49, -1,
      49, 65, 55, -1,
      67, 66, 57, -1,
      57, 66, 49, -1,
      68, 67, 56, -1,
      56, 67, 57, -1,
      69, 68, 47, -1,
      47, 68, 56, -1,
      59, 69, 46, -1,
      46, 69, 47, -1,
      69, 59, 58, -1,
      58, 60, 69, -1,
      69, 60, 61, -1,
      69, 61, 68, -1,
      66, 67, 65, -1,
      65, 67, 68, -1,
      65, 68, 64, -1,
      64, 68, 61, -1,
      64, 61, 63, -1,
      63, 61, 62, -1,
      70, 71, 72, -1,
      73, 74, 75, -1,
      75, 74, 76, -1,
      77, 78, 71, -1,
      71, 78, 74, -1,
      71, 74, 72, -1,
      72, 74, 73, -1,
      79, 80, 81, -1,
      72, 82, 70, -1,
      70, 82, 83, -1,
      70, 83, 84, -1,
      84, 83, 85, -1,
      84, 85, 86, -1,
      86, 85, 87, -1,
      86, 87, 88, -1,
      88, 87, 89, -1,
      88, 89, 90, -1,
      90, 89, 91, -1,
      90, 91, 92, -1,
      92, 91, 93, -1,
      92, 93, 94, -1,
      94, 93, 95, -1,
      94, 95, 96, -1,
      96, 95, 97, -1,
      96, 97, 98, -1,
      98, 97, 99, -1,
      81, 80, 100, -1,
      100, 80, 101, -1,
      100, 101, 102, -1,
      79, 81, 103, -1,
      103, 81, 104, -1,
      103, 104, 105, -1,
      105, 104, 106, -1,
      105, 106, 107, -1,
      107, 106, 108, -1,
      107, 108, 109, -1,
      109, 108, 110, -1,
      109, 110, 111, -1,
      111, 110, 112, -1,
      111, 112, 113, -1,
      113, 112, 114, -1,
      113, 114, 115, -1,
      115, 114, 116, -1,
      115, 116, 99, -1,
      99, 116, 117, -1,
      99, 117, 98, -1,
      118, 119, 120, -1,
      120, 119, 121, -1,
      120, 121, 122, -1,
      122, 121, 123, -1,
      122, 123, 124, -1,
      124, 123, 125, -1,
      124, 125, 126, -1,
      126, 125, 127, -1,
      126, 127, 128, -1,
      128, 127, 129, -1,
      128, 129, 130, -1,
      130, 129, 131, -1,
      130, 131, 132, -1,
      132, 131, 133, -1,
      132, 133, 134, -1,
      134, 133, 135, -1,
      134, 135, 136, -1,
      136, 135, 137, -1,
      136, 137, 74, -1,
      74, 137, 102, -1,
      74, 102, 76, -1,
      76, 102, 101, -1,
      124, 33, 24, -1,
      124, 24, 122, -1,
      122, 24, 25, -1,
      122, 25, 120, -1,
      120, 25, 26, -1,
      120, 26, 118, -1,
      119, 118, 1, -1,
      1, 118, 26, -1,
      119, 1, 15, -1,
      119, 15, 121, -1,
      121, 15, 19, -1,
      121, 19, 123, -1,
      123, 19, 18, -1,
      123, 18, 125, -1,
      125, 18, 17, -1,
      125, 17, 127, -1,
      127, 17, 42, -1,
      127, 42, 129, -1,
      129, 42, 41, -1,
      129, 41, 131, -1,
      131, 41, 40, -1,
      131, 40, 133, -1,
      133, 40, 39, -1,
      133, 39, 135, -1,
      135, 39, 38, -1,
      135, 38, 137, -1,
      137, 38, 37, -1,
      137, 37, 102, -1,
      100, 102, 16, -1,
      16, 102, 37, -1,
      100, 16, 14, -1,
      100, 14, 81, -1,
      81, 14, 13, -1,
      81, 13, 104, -1,
      104, 13, 0, -1,
      104, 0, 106, -1,
      106, 0, 2, -1,
      106, 2, 108, -1,
      108, 2, 3, -1,
      108, 3, 110, -1,
      110, 3, 31, -1,
      110, 31, 112, -1,
      112, 31, 30, -1,
      112, 30, 114, -1,
      114, 30, 22, -1,
      114, 22, 116, -1,
      116, 22, 21, -1,
      116, 21, 117, -1,
      117, 21, 20, -1,
      117, 20, 98, -1,
      45, 92, 10, -1,
      10, 92, 94, -1,
      10, 94, 11, -1,
      11, 94, 96, -1,
      11, 96, 12, -1,
      12, 96, 98, -1,
      12, 98, 20, -1,
      92, 45, 44, -1,
      92, 44, 90, -1,
      90, 44, 9, -1,
      90, 9, 88, -1,
      9, 7, 88, -1,
      88, 7, 6, -1,
      88, 6, 86, -1,
      86, 6, 29, -1,
      86, 29, 84, -1,
      84, 29, 28, -1,
      84, 28, 70, -1,
      71, 70, 27, -1,
      27, 70, 28, -1,
      77, 71, 8, -1,
      8, 71, 27, -1,
      78, 77, 5, -1,
      5, 77, 8, -1,
      74, 78, 4, -1,
      4, 78, 5, -1,
      74, 4, 32, -1,
      74, 32, 136, -1,
      136, 32, 36, -1,
      136, 36, 134, -1,
      134, 36, 23, -1,
      134, 23, 132, -1,
      132, 23, 43, -1,
      132, 43, 130, -1,
      130, 43, 35, -1,
      130, 35, 128, -1,
      128, 35, 34, -1,
      128, 34, 126, -1,
      126, 34, 33, -1,
      126, 33, 124, -1,
      103, 138, 139, -1,
      103, 139, 79, -1,
      79, 139, 140, -1,
      79, 140, 80, -1,
      80, 140, 141, -1,
      80, 141, 101, -1,
      111, 142, 143, -1,
      111, 143, 109, -1,
      109, 143, 144, -1,
      109, 144, 107, -1,
      107, 144, 145, -1,
      107, 145, 105, -1,
      105, 145, 138, -1,
      105, 138, 103, -1,
      97, 146, 147, -1,
      97, 147, 99, -1,
      99, 147, 148, -1,
      99, 148, 115, -1,
      115, 148, 149, -1,
      115, 149, 113, -1,
      113, 149, 142, -1,
      113, 142, 111, -1,
      91, 150, 151, -1,
      91, 151, 93, -1,
      93, 151, 152, -1,
      93, 152, 95, -1,
      95, 152, 146, -1,
      95, 146, 97, -1,
      83, 153, 154, -1,
      83, 154, 85, -1,
      85, 154, 155, -1,
      85, 155, 87, -1,
      87, 155, 156, -1,
      87, 156, 89, -1,
      89, 156, 150, -1,
      89, 150, 91, -1,
      75, 157, 158, -1,
      75, 158, 73, -1,
      73, 158, 159, -1,
      73, 159, 72, -1,
      72, 159, 160, -1,
      72, 160, 82, -1,
      82, 160, 153, -1,
      82, 153, 83, -1,
      75, 76, 157, -1,
      157, 76, 161, -1,
      76, 101, 161, -1,
      161, 101, 141, -1,
    ]
  }
}

Shape {
  appearance Appearance {
    material Material {
      diffuseColor 0.6471 0.6196 0.5882
      specularColor 0.4510 0.4353 0.4118
      ambientIntensity 0.2
      transparency 0.0000
      shininess 0.5
    }
  }
  geometry IndexedFaceSet {
    ccw TRUE
    solid FALSE
    coord DEF co Coordinate {
      point [
        2.035105 -4.527559 3.231359,
        2.038663 -4.527559 3.234080,
        2.045051 -4.527559 3.237087,
        2.060976 -4.527559 3.240746,
        2.028009 -4.527559 3.212037,
        2.028236 -4.527559 3.216281,
        2.029557 -4.527559 3.222407,
        2.031904 -4.527559 3.227395,
        2.035760 -4.527559 3.194244,
        2.033486 -4.527559 3.196530,
        2.030446 -4.527559 3.201038,
        2.028689 -4.527559 3.205897,
        2.056173 -4.527559 3.187367,
        2.047140 -4.527559 3.188384,
        2.041089 -4.527559 3.190604,
        2.085210 -4.527559 3.199811,
        2.081856 -4.527559 3.196534,
        2.074298 -4.527559 3.191434,
        2.066184 -4.527559 3.188486,
        2.096672 -4.527559 3.230922,
        2.096646 -4.527559 3.229147,
        2.094924 -4.527559 3.217214,
        2.091001 -4.527559 3.207673,
        2.096672 -4.527559 3.245550,
      ]
    }
    coordIndex [
      20, 19, 0, -1,
      19, 23, 3, -1,
      3, 2, 19, -1,
      19, 2, 1, -1,
      19, 1, 0, -1,
      20, 0, 21, -1,
      21, 0, 7, -1,
      21, 7, 22, -1,
      9, 8, 16, -1,
      9, 16, 10, -1,
      17, 16, 18, -1,
      18, 16, 12, -1,
      7, 6, 22, -1,
      22, 6, 5, -1,
      22, 5, 15, -1,
      15, 5, 4, -1,
      15, 4, 16, -1,
      16, 4, 11, -1,
      16, 11, 10, -1,
      8, 14, 16, -1,
      16, 14, 13, -1,
      16, 13, 12, -1,
    ]
  }
}

Shape {
  appearance Appearance {
    material Material {
      diffuseColor 0.2078 0.2078 0.2078
      specularColor 0.0157 0.0157 0.0157
      ambientIntensity 0.2
      transparency 0.0000
      shininess 0.5
    }
  }
  geometry IndexedFaceSet {
    ccw TRUE
    solid FALSE
    coord DEF co Coordinate {
      point [
        2.223124 -4.527559 3.167782,
        2.217916 -4.527559 3.167226,
        2.177730 -4.527559 3.167937,
        2.172020 -4.527559 3.169972,
        2.479335 -4.527559 3.265199,
        2.479335 -4.527559 3.193370,
        2.519316 -4.527559 3.193370,
        2.566609 -4.527559 3.193370,
        2.566609 -4.527559 3.169028,
        2.561752 -4.527559 3.382546,
        2.561752 -4.527559 3.357985,
        2.555693 -4.527559 3.289651,
        2.555693 -4.527559 3.265199,
        2.519316 -4.527559 3.265199,
        2.519316 -4.527559 3.357985,
        2.519316 -4.527559 3.289651,
        2.479335 -4.527559 3.357985,
        2.479335 -4.527559 3.289651,
        2.519316 -4.527559 3.169028,
        2.451772 -4.527559 3.169028,
        2.451772 -4.527559 3.382546,
        2.159657 -4.527559 3.201994,
        2.159657 -4.527559 3.174377,
        2.160876 -4.527559 3.289935,
        2.164061 -4.527559 3.298545,
        2.168835 -4.527559 3.196209,
        2.172020 -4.527559 3.194940,
        2.172020 -4.527559 3.251515,
        2.160971 -4.527559 3.269988,
        2.159821 -4.527559 3.280372,
        2.171783 -4.527559 3.251671,
        2.167408 -4.527559 3.256247,
        2.163920 -4.527559 3.261821,
        2.184321 -4.527559 3.167226,
        2.201030 -4.527559 3.165425,
        2.255337 -4.527559 3.318250,
        2.255337 -4.527559 3.292270,
        2.261379 -4.527559 3.199763,
        2.258094 -4.527559 3.191287,
        2.253109 -4.527559 3.184234,
        2.169031 -4.527559 3.305774,
        2.172020 -4.527559 3.308461,
        2.176959 -4.527559 3.312902,
        2.184212 -4.527559 3.317296,
        2.198710 -4.527559 3.322680,
        2.219205 -4.527559 3.325019,
        2.236170 -4.527559 3.323670,
        2.253700 -4.527559 3.235725,
        2.258691 -4.527559 3.228358,
        2.261545 -4.527559 3.220472,
        2.262651 -4.527559 3.210509,
        2.245458 -4.527559 3.177542,
        2.237690 -4.527559 3.172924,
        2.216585 -4.527559 3.303295,
        2.208669 -4.527559 3.302702,
        2.187385 -4.527559 3.282773,
        2.201514 -4.527559 3.300808,
        2.195517 -4.527559 3.297619,
        2.187628 -4.527559 3.279216,
        2.188689 -4.527559 3.275061,
        2.190616 -4.527559 3.271453,
        2.193224 -4.527559 3.268582,
        2.202653 -4.527559 3.262688,
        2.235383 -4.527559 3.300994,
        2.219205 -4.527559 3.255483,
        2.250502 -4.527559 3.295108,
        2.229561 -4.527559 3.251293,
        2.247323 -4.527559 3.241415,
        2.191482 -4.527559 3.294053,
        2.189189 -4.527559 3.290650,
        2.187869 -4.527559 3.287039,
        2.185543 -4.527559 3.189553,
        2.200320 -4.527559 3.236053,
        2.184379 -4.527559 3.243359,
        2.203650 -4.527559 3.187257,
        2.204831 -4.527559 3.187265,
        2.217881 -4.527559 3.228698,
        2.218541 -4.527559 3.188801,
        2.235197 -4.527559 3.207889,
        2.234935 -4.527559 3.211216,
        2.225441 -4.527559 3.191327,
        2.227880 -4.527559 3.192807,
        2.230949 -4.527559 3.195531,
        2.233284 -4.527559 3.198983,
        2.234643 -4.527559 3.202787,
        2.233720 -4.527559 3.215392,
        2.231652 -4.527559 3.218937,
        2.228320 -4.527559 3.222407,
        2.395227 -4.527559 3.321526,
        2.422954 -4.527559 3.321526,
        2.519316 -4.527559 3.382546,
        2.362117 -4.527559 3.167226,
        2.346323 -4.527559 3.206907,
        2.349598 -4.527559 3.194353,
        2.350307 -4.527559 3.194353,
        2.319387 -4.527559 3.284392,
        2.353582 -4.527559 3.206688,
        2.351535 -4.527559 3.199579,
        2.319387 -4.527559 3.212604,
        2.276569 -4.527559 3.321526,
        2.306479 -4.527559 3.321526,
        2.335488 -4.527559 3.167226,
        2.336389 -4.527559 3.169355,
        2.319387 -4.527559 3.131989,
        2.319423 -4.527559 3.132029,
        2.324654 -4.527559 3.141628,
        2.282081 -4.527559 3.123180,
        2.282081 -4.527559 3.099383,
        2.287553 -4.527559 3.121387,
        2.297255 -4.527559 3.120124,
        2.303676 -4.527559 3.120843,
        2.319387 -4.527559 3.101967,
        2.310134 -4.527559 3.098443,
        2.299329 -4.527559 3.097200,
        2.293425 -4.527559 3.097412,
        2.309533 -4.527559 3.123039,
        2.314442 -4.527559 3.126447,
        2.353746 -4.527559 3.145995,
        2.341639 -4.527559 3.122416,
        2.331852 -4.527559 3.110663,
        2.330028 -4.527559 3.108991,
        2.320687 -4.527559 3.102463,
        2.606944 -4.527559 3.169028,
        2.606944 -4.527559 3.382546,
        2.665673 -4.527559 3.169028,
        2.701625 -4.527559 3.173360,
        2.748581 -4.527559 3.354274,
        2.756253 -4.527559 3.346754,
        2.769434 -4.527559 3.328094,
        2.777290 -4.527559 3.307688,
        2.667856 -4.527559 3.382546,
        2.700457 -4.527559 3.378946,
        2.726226 -4.527559 3.369533,
        2.762862 -4.527559 3.215439,
        2.748581 -4.527559 3.198938,
        2.726024 -4.527559 3.182811,
        2.780783 -4.527559 3.278516,
        2.779785 -4.527559 3.261664,
        2.774014 -4.527559 3.237168,
        2.203650 -4.531496 3.187257,
        2.168835 -4.531496 3.196209,
        2.185543 -4.531496 3.189553,
        2.159657 -4.531496 3.201994,
        2.159657 -4.531496 3.174377,
        2.177730 -4.531496 3.167937,
        2.201030 -4.531496 3.165425,
        2.223124 -4.531496 3.167782,
        2.237690 -4.531496 3.172924,
        2.245458 -4.531496 3.177542,
        2.253109 -4.531496 3.184234,
        2.258094 -4.531496 3.191287,
        2.261379 -4.531496 3.199763,
        2.262651 -4.531496 3.210509,
        2.261545 -4.531496 3.220472,
        2.258691 -4.531496 3.228358,
        2.253700 -4.531496 3.235725,
        2.247323 -4.531496 3.241415,
        2.229561 -4.531496 3.251293,
        2.219205 -4.531496 3.255483,
        2.202653 -4.531496 3.262688,
        2.193224 -4.531496 3.268582,
        2.190616 -4.531496 3.271453,
        2.188689 -4.531496 3.275061,
        2.187628 -4.531496 3.279216,
        2.187385 -4.531496 3.282773,
        2.187869 -4.531496 3.287039,
        2.189189 -4.531496 3.290650,
        2.191482 -4.531496 3.294053,
        2.195517 -4.531496 3.297619,
        2.201514 -4.531496 3.300808,
        2.208669 -4.531496 3.302702,
        2.216585 -4.531496 3.303295,
        2.235383 -4.531496 3.300994,
        2.250502 -4.531496 3.295108,
        2.255337 -4.531496 3.292270,
        2.255337 -4.531496 3.318250,
        2.236170 -4.531496 3.323670,
        2.219205 -4.531496 3.325019,
        2.198710 -4.531496 3.322680,
        2.184212 -4.531496 3.317296,
        2.176959 -4.531496 3.312902,
        2.169031 -4.531496 3.305774,
        2.164061 -4.531496 3.298545,
        2.160876 -4.531496 3.289935,
        2.159821 -4.531496 3.280372,
        2.160971 -4.531496 3.269988,
        2.163920 -4.531496 3.261821,
        2.167408 -4.531496 3.256247,
        2.200320 -4.531496 3.236053,
        2.184379 -4.531496 3.243359,
        2.171783 -4.531496 3.251671,
        2.217881 -4.531496 3.228698,
        2.228320 -4.531496 3.222407,
        2.231652 -4.531496 3.218937,
        2.233720 -4.531496 3.215392,
        2.234935 -4.531496 3.211216,
        2.235197 -4.531496 3.207889,
        2.234643 -4.531496 3.202787,
        2.233284 -4.531496 3.198983,
        2.230949 -4.531496 3.195531,
        2.227880 -4.531496 3.192807,
        2.225441 -4.531496 3.191327,
        2.218541 -4.531496 3.188801,
        2.204831 -4.531496 3.187265,
        2.395227 -4.531496 3.321526,
        2.422954 -4.531496 3.321526,
        2.353582 -4.531496 3.206688,
        2.351535 -4.531496 3.199579,
        2.350307 -4.531496 3.194353,
        2.349598 -4.531496 3.194353,
        2.346323 -4.531496 3.206907,
        2.306479 -4.531496 3.321526,
        2.276569 -4.531496 3.321526,
        2.336389 -4.531496 3.169355,
        2.324654 -4.531496 3.141628,
        2.319423 -4.531496 3.132029,
        2.314442 -4.531496 3.126447,
        2.309533 -4.531496 3.123039,
        2.303676 -4.531496 3.120843,
        2.297255 -4.531496 3.120124,
        2.287553 -4.531496 3.121387,
        2.282081 -4.531496 3.123180,
        2.282081 -4.531496 3.099383,
        2.293425 -4.531496 3.097412,
        2.299329 -4.531496 3.097200,
        2.310134 -4.531496 3.098443,
        2.320687 -4.531496 3.102463,
        2.330028 -4.531496 3.108991,
        2.331852 -4.531496 3.110663,
        2.341639 -4.531496 3.122416,
        2.353746 -4.531496 3.145995,
        2.566609 -4.531496 3.193370,
        2.566609 -4.531496 3.169028,
        2.479335 -4.531496 3.193370,
        2.479335 -4.531496 3.265199,
        2.555693 -4.531496 3.265199,
        2.555693 -4.531496 3.289651,
        2.479335 -4.531496 3.289651,
        2.479335 -4.531496 3.357985,
        2.561752 -4.531496 3.357985,
        2.561752 -4.531496 3.382546,
        2.451772 -4.531496 3.382546,
        2.451772 -4.531496 3.169028,
        2.740019 -4.531496 3.229488,
        2.728986 -4.531496 3.215639,
        2.748581 -4.531496 3.198938,
        2.726285 -4.531496 3.213130,
        2.726024 -4.531496 3.182811,
        2.712461 -4.531496 3.203606,
        2.701625 -4.531496 3.173360,
        2.694739 -4.531496 3.196812,
        2.665673 -4.531496 3.169028,
        2.665509 -4.531496 3.193370,
        2.606944 -4.531496 3.169028,
        2.634507 -4.531496 3.193370,
        2.606944 -4.531496 3.382546,
        2.634507 -4.531496 3.357985,
        2.667856 -4.531496 3.382546,
        2.666765 -4.531496 3.357985,
        2.700457 -4.531496 3.378946,
        2.694362 -4.531496 3.354925,
        2.726226 -4.531496 3.369533,
        2.712865 -4.531496 3.348227,
        2.748581 -4.531496 3.354274,
        2.728386 -4.531496 3.337900,
        2.756253 -4.531496 3.346754,
        2.735955 -4.531496 3.330128,
        2.769434 -4.531496 3.328094,
        2.743832 -4.531496 3.317658,
        2.777290 -4.531496 3.307688,
        2.749435 -4.531496 3.301165,
        2.780783 -4.531496 3.278516,
        2.751801 -4.531496 3.277752,
        2.779785 -4.531496 3.261664,
        2.751206 -4.531496 3.265294,
        2.774014 -4.531496 3.237168,
        2.747221 -4.531496 3.245490,
        2.762862 -4.531496 3.215439,
        2.666765 -4.527559 3.357985,
        2.634507 -4.527559 3.357985,
        2.634507 -4.527559 3.193370,
        2.665509 -4.527559 3.193370,
        2.728986 -4.527559 3.215639,
        2.726285 -4.527559 3.213130,
        2.712461 -4.527559 3.203606,
        2.694739 -4.527559 3.196812,
        2.751801 -4.527559 3.277752,
        2.751206 -4.527559 3.265294,
        2.747221 -4.527559 3.245490,
        2.740019 -4.527559 3.229488,
        2.728386 -4.527559 3.337900,
        2.735955 -4.527559 3.330128,
        2.743832 -4.527559 3.317658,
        2.749435 -4.527559 3.301165,
        2.694362 -4.527559 3.354925,
        2.712865 -4.527559 3.348227,
      ]
    }
    coordIndex [
      139, 74, 71, -1,
      26, 140, 71, -1,
      71, 140, 141, -1,
      71, 141, 139, -1,
      26, 25, 140, -1,
      140, 25, 21, -1,
      140, 21, 142, -1,
      143, 142, 22, -1,
      22, 142, 21, -1,
      143, 22, 144, -1,
      144, 22, 3, -1,
      34, 145, 33, -1,
      33, 145, 144, -1,
      33, 144, 2, -1,
      2, 144, 3, -1,
      145, 34, 146, -1,
      146, 34, 1, -1,
      1, 0, 146, -1,
      146, 0, 52, -1,
      146, 52, 147, -1,
      147, 52, 51, -1,
      147, 51, 148, -1,
      148, 51, 39, -1,
      148, 39, 149, -1,
      149, 39, 38, -1,
      149, 38, 150, -1,
      150, 38, 37, -1,
      150, 37, 151, -1,
      151, 37, 50, -1,
      151, 50, 152, -1,
      152, 50, 49, -1,
      152, 49, 153, -1,
      153, 49, 48, -1,
      153, 48, 154, -1,
      154, 48, 47, -1,
      154, 47, 155, -1,
      155, 47, 67, -1,
      155, 67, 156, -1,
      156, 67, 66, -1,
      156, 66, 157, -1,
      157, 66, 64, -1,
      157, 64, 158, -1,
      158, 64, 62, -1,
      158, 62, 159, -1,
      159, 62, 61, -1,
      159, 61, 160, -1,
      160, 61, 60, -1,
      160, 60, 161, -1,
      161, 60, 59, -1,
      161, 59, 162, -1,
      162, 59, 58, -1,
      162, 58, 163, -1,
      163, 58, 55, -1,
      163, 55, 164, -1,
      164, 55, 70, -1,
      164, 70, 165, -1,
      165, 70, 69, -1,
      165, 69, 166, -1,
      166, 69, 68, -1,
      166, 68, 167, -1,
      167, 68, 57, -1,
      167, 57, 168, -1,
      168, 57, 56, -1,
      168, 56, 169, -1,
      169, 56, 54, -1,
      169, 54, 170, -1,
      170, 54, 53, -1,
      170, 53, 171, -1,
      171, 53, 63, -1,
      171, 63, 172, -1,
      172, 63, 65, -1,
      172, 65, 173, -1,
      173, 65, 36, -1,
      173, 36, 174, -1,
      175, 174, 35, -1,
      35, 174, 36, -1,
      175, 35, 46, -1,
      175, 46, 176, -1,
      176, 46, 45, -1,
      176, 45, 177, -1,
      177, 45, 44, -1,
      177, 44, 178, -1,
      178, 44, 43, -1,
      178, 43, 179, -1,
      179, 43, 42, -1,
      179, 42, 180, -1,
      180, 42, 181, -1,
      181, 42, 41, -1,
      41, 40, 181, -1,
      181, 40, 24, -1,
      181, 24, 182, -1,
      182, 24, 23, -1,
      182, 23, 183, -1,
      183, 23, 29, -1,
      183, 29, 184, -1,
      184, 29, 28, -1,
      184, 28, 185, -1,
      185, 28, 32, -1,
      185, 32, 186, -1,
      186, 32, 31, -1,
      186, 31, 187, -1,
      72, 188, 189, -1,
      187, 31, 30, -1,
      187, 30, 190, -1,
      190, 30, 27, -1,
      190, 27, 189, -1,
      189, 27, 73, -1,
      189, 73, 72, -1,
      188, 72, 76, -1,
      188, 76, 191, -1,
      191, 76, 87, -1,
      191, 87, 192, -1,
      192, 87, 86, -1,
      192, 86, 193, -1,
      193, 86, 85, -1,
      193, 85, 194, -1,
      194, 85, 79, -1,
      194, 79, 195, -1,
      195, 79, 78, -1,
      195, 78, 196, -1,
      196, 78, 84, -1,
      196, 84, 197, -1,
      197, 84, 83, -1,
      197, 83, 198, -1,
      198, 83, 82, -1,
      198, 82, 199, -1,
      199, 82, 81, -1,
      199, 81, 200, -1,
      200, 81, 80, -1,
      200, 80, 201, -1,
      201, 80, 77, -1,
      201, 77, 202, -1,
      202, 77, 75, -1,
      202, 75, 203, -1,
      203, 75, 74, -1,
      203, 74, 139, -1,
      167, 168, 179, -1,
      179, 168, 178, -1,
      191, 158, 188, -1,
      188, 158, 159, -1,
      145, 139, 144, -1,
      144, 139, 141, -1,
      144, 141, 143, -1,
      143, 141, 140, -1,
      143, 140, 142, -1,
      168, 169, 178, -1,
      178, 169, 170, -1,
      178, 170, 177, -1,
      177, 170, 171, -1,
      177, 171, 176, -1,
      176, 171, 172, -1,
      176, 172, 175, -1,
      175, 172, 173, -1,
      175, 173, 174, -1,
      147, 148, 199, -1,
      199, 148, 149, -1,
      199, 149, 198, -1,
      198, 149, 150, -1,
      198, 150, 197, -1,
      197, 150, 151, -1,
      197, 151, 196, -1,
      196, 151, 152, -1,
      196, 152, 195, -1,
      195, 152, 153, -1,
      195, 153, 194, -1,
      194, 153, 154, -1,
      194, 154, 193, -1,
      193, 154, 155, -1,
      193, 155, 192, -1,
      192, 155, 156, -1,
      192, 156, 191, -1,
      191, 156, 157, -1,
      191, 157, 158, -1,
      199, 200, 147, -1,
      147, 200, 201, -1,
      147, 201, 146, -1,
      146, 201, 202, -1,
      146, 202, 145, -1,
      145, 202, 203, -1,
      145, 203, 139, -1,
      179, 180, 167, -1,
      167, 180, 181, -1,
      167, 181, 166, -1,
      166, 181, 182, -1,
      166, 182, 165, -1,
      165, 182, 183, -1,
      165, 183, 164, -1,
      164, 183, 184, -1,
      164, 184, 163, -1,
      163, 184, 185, -1,
      163, 185, 162, -1,
      162, 185, 186, -1,
      162, 186, 161, -1,
      161, 186, 187, -1,
      161, 187, 160, -1,
      160, 187, 190, -1,
      160, 190, 159, -1,
      159, 190, 189, -1,
      159, 189, 188, -1,
      204, 205, 88, -1,
      88, 205, 89, -1,
      206, 204, 96, -1,
      96, 204, 88, -1,
      206, 96, 97, -1,
      206, 97, 207, -1,
      207, 97, 94, -1,
      207, 94, 208, -1,
      209, 208, 93, -1,
      93, 208, 94, -1,
      210, 209, 92, -1,
      92, 209, 93, -1,
      100, 211, 95, -1,
      95, 211, 210, -1,
      95, 210, 92, -1,
      212, 211, 99, -1,
      99, 211, 100, -1,
      102, 213, 98, -1,
      98, 213, 212, -1,
      98, 212, 99, -1,
      105, 214, 101, -1,
      101, 214, 213, -1,
      101, 213, 102, -1,
      214, 105, 104, -1,
      214, 104, 215, -1,
      215, 104, 103, -1,
      215, 103, 216, -1,
      103, 116, 216, -1,
      216, 116, 115, -1,
      216, 115, 217, -1,
      217, 115, 110, -1,
      217, 110, 218, -1,
      218, 110, 109, -1,
      218, 109, 219, -1,
      219, 109, 108, -1,
      219, 108, 220, -1,
      220, 108, 106, -1,
      220, 106, 221, -1,
      222, 221, 107, -1,
      107, 221, 106, -1,
      222, 107, 114, -1,
      222, 114, 223, -1,
      223, 114, 113, -1,
      223, 113, 224, -1,
      224, 113, 112, -1,
      224, 112, 225, -1,
      225, 112, 111, -1,
      225, 111, 226, -1,
      111, 121, 226, -1,
      226, 121, 120, -1,
      226, 120, 227, -1,
      227, 120, 119, -1,
      227, 119, 228, -1,
      228, 119, 118, -1,
      228, 118, 229, -1,
      229, 118, 117, -1,
      229, 117, 230, -1,
      89, 205, 91, -1,
      91, 205, 230, -1,
      91, 230, 117, -1,
      207, 208, 230, -1,
      205, 204, 230, -1,
      230, 204, 206, -1,
      230, 206, 207, -1,
      211, 212, 210, -1,
      210, 212, 213, -1,
      210, 213, 209, -1,
      229, 215, 228, -1,
      228, 215, 216, -1,
      221, 222, 220, -1,
      220, 222, 223, -1,
      220, 223, 219, -1,
      219, 223, 224, -1,
      219, 224, 218, -1,
      218, 224, 225, -1,
      218, 225, 217, -1,
      217, 225, 226, -1,
      217, 226, 216, -1,
      216, 226, 227, -1,
      216, 227, 228, -1,
      208, 209, 230, -1,
      230, 209, 213, -1,
      230, 213, 229, -1,
      229, 213, 214, -1,
      229, 214, 215, -1,
      231, 232, 7, -1,
      7, 232, 8, -1,
      5, 233, 6, -1,
      6, 233, 231, -1,
      6, 231, 7, -1,
      234, 233, 4, -1,
      4, 233, 5, -1,
      12, 235, 13, -1,
      13, 235, 234, -1,
      13, 234, 4, -1,
      236, 235, 11, -1,
      11, 235, 12, -1,
      17, 237, 15, -1,
      15, 237, 236, -1,
      15, 236, 11, -1,
      238, 237, 16, -1,
      16, 237, 17, -1,
      10, 239, 14, -1,
      14, 239, 238, -1,
      14, 238, 16, -1,
      240, 239, 9, -1,
      9, 239, 10, -1,
      20, 241, 90, -1,
      90, 241, 240, -1,
      90, 240, 9, -1,
      242, 241, 19, -1,
      19, 241, 20, -1,
      8, 232, 18, -1,
      18, 232, 242, -1,
      18, 242, 19, -1,
      242, 232, 231, -1,
      231, 233, 242, -1,
      242, 233, 234, -1,
      242, 234, 241, -1,
      239, 240, 238, -1,
      238, 240, 241, -1,
      238, 241, 237, -1,
      237, 241, 234, -1,
      237, 234, 236, -1,
      236, 234, 235, -1,
      243, 244, 245, -1,
      245, 244, 246, -1,
      245, 246, 247, -1,
      247, 246, 248, -1,
      247, 248, 249, -1,
      249, 248, 250, -1,
      249, 250, 251, -1,
      251, 250, 252, -1,
      251, 252, 253, -1,
      253, 252, 254, -1,
      253, 254, 255, -1,
      255, 254, 256, -1,
      255, 256, 257, -1,
      257, 256, 258, -1,
      257, 258, 259, -1,
      259, 258, 260, -1,
      259, 260, 261, -1,
      261, 260, 262, -1,
      261, 262, 263, -1,
      263, 262, 264, -1,
      263, 264, 265, -1,
      265, 264, 266, -1,
      265, 266, 267, -1,
      267, 266, 268, -1,
      267, 268, 269, -1,
      269, 268, 270, -1,
      269, 270, 271, -1,
      271, 270, 272, -1,
      271, 272, 273, -1,
      273, 272, 274, -1,
      273, 274, 275, -1,
      275, 274, 276, -1,
      275, 276, 277, -1,
      277, 276, 243, -1,
      277, 243, 245, -1,
      251, 253, 124, -1,
      124, 253, 122, -1,
      251, 124, 125, -1,
      251, 125, 249, -1,
      249, 125, 135, -1,
      249, 135, 247, -1,
      247, 135, 134, -1,
      247, 134, 245, -1,
      245, 134, 133, -1,
      245, 133, 277, -1,
      277, 133, 138, -1,
      277, 138, 275, -1,
      275, 138, 137, -1,
      275, 137, 273, -1,
      273, 137, 136, -1,
      273, 136, 271, -1,
      271, 136, 129, -1,
      271, 129, 269, -1,
      269, 129, 128, -1,
      269, 128, 267, -1,
      267, 128, 127, -1,
      267, 127, 265, -1,
      265, 127, 126, -1,
      265, 126, 263, -1,
      263, 126, 132, -1,
      263, 132, 261, -1,
      261, 132, 131, -1,
      261, 131, 259, -1,
      259, 131, 130, -1,
      259, 130, 257, -1,
      255, 257, 123, -1,
      123, 257, 130, -1,
      253, 255, 122, -1,
      122, 255, 123, -1,
      258, 256, 278, -1,
      278, 256, 279, -1,
      256, 254, 279, -1,
      279, 254, 280, -1,
      254, 252, 280, -1,
      280, 252, 281, -1,
      244, 282, 283, -1,
      244, 283, 246, -1,
      246, 283, 284, -1,
      246, 284, 248, -1,
      248, 284, 285, -1,
      248, 285, 250, -1,
      250, 285, 281, -1,
      250, 281, 252, -1,
      272, 286, 287, -1,
      272, 287, 274, -1,
      274, 287, 288, -1,
      274, 288, 276, -1,
      276, 288, 289, -1,
      276, 289, 243, -1,
      243, 289, 282, -1,
      243, 282, 244, -1,
      264, 290, 291, -1,
      264, 291, 266, -1,
      266, 291, 292, -1,
      266, 292, 268, -1,
      268, 292, 293, -1,
      268, 293, 270, -1,
      270, 293, 286, -1,
      270, 286, 272, -1,
      258, 278, 294, -1,
      258, 294, 260, -1,
      260, 294, 295, -1,
      260, 295, 262, -1,
      262, 295, 290, -1,
      262, 290, 264, -1,
    ]
  }
}

Shape {
  appearance Appearance {
    material Material {
      diffuseColor 0.6471 0.6196 0.5882
      specularColor 0.4510 0.4353 0.4118
      ambientIntensity 0.2
      transparency 0.0000
      shininess 0.5
    }
  }
  geometry IndexedFaceSet {
    ccw TRUE
    solid FALSE
    coord DEF co Coordinate {
      point [
        2.666765 -4.527559 3.357985,
        2.634507 -4.527559 3.357985,
        2.634507 -4.527559 3.193370,
        2.665509 -4.527559 3.193370,
        2.728986 -4.527559 3.215639,
        2.726285 -4.527559 3.213130,
        2.712461 -4.527559 3.203606,
        2.694739 -4.527559 3.196812,
        2.751801 -4.527559 3.277752,
        2.751206 -4.527559 3.265294,
        2.747221 -4.527559 3.245490,
        2.740019 -4.527559 3.229488,
        2.728386 -4.527559 3.337900,
        2.735955 -4.527559 3.330128,
        2.743832 -4.527559 3.317658,
        2.749435 -4.527559 3.301165,
        2.694362 -4.527559 3.354925,
        2.712865 -4.527559 3.348227,
      ]
    }
    coordIndex [
      1, 2, 0, -1,
      0, 2, 3, -1,
      0, 3, 7, -1,
      7, 6, 0, -1,
      0, 6, 5, -1,
      0, 5, 4, -1,
      9, 8, 0, -1,
      0, 8, 15, -1,
      0, 15, 14, -1,
      14, 13, 0, -1,
      0, 13, 12, -1,
      0, 12, 16, -1,
      16, 12, 17, -1,
      4, 11, 0, -1,
      0, 11, 10, -1,
      0, 10, 9, -1,
    ]
  }
}

Shape {
  appearance Appearance {
    material Material {
      diffuseColor 0.2078 0.2078 0.2078
      specularColor 0.0157 0.0157 0.0157
      ambientIntensity 0.2
      transparency 0.0000
      shininess 0.5
    }
  }
  geometry IndexedFaceSet {
    ccw TRUE
    solid FALSE
    coord DEF co Coordinate {
      point [
        2.954294 -4.527559 3.169028,
        2.984750 -4.527559 3.169028,
        2.903426 -4.527559 3.382546,
        2.932517 -4.527559 3.227429,
        2.843606 -4.527559 3.227429,
        2.823083 -4.527559 3.169028,
        2.792627 -4.527559 3.169028,
        2.873952 -4.527559 3.382546,
        2.852338 -4.531496 3.251553,
        2.843606 -4.531496 3.227429,
        2.924002 -4.531496 3.251553,
        2.932517 -4.531496 3.227429,
        2.884268 -4.531496 3.340301,
        2.873952 -4.531496 3.382546,
        2.792627 -4.531496 3.169028,
        2.823083 -4.531496 3.169028,
        2.886117 -4.531496 3.346674,
        2.887761 -4.531496 3.355256,
        2.903426 -4.531496 3.382546,
        2.888416 -4.531496 3.355256,
        2.890142 -4.531496 3.346223,
        2.891745 -4.531496 3.340301,
        2.984750 -4.531496 3.169028,
        2.954294 -4.531496 3.169028,
        2.852338 -4.527559 3.251553,
        2.924002 -4.527559 3.251553,
        2.891745 -4.527559 3.340301,
        2.888416 -4.527559 3.355256,
        2.890142 -4.527559 3.346223,
        2.887761 -4.527559 3.355256,
        2.884268 -4.527559 3.340301,
        2.886117 -4.527559 3.346674,
      ]
    }
    coordIndex [
      8, 9, 10, -1,
      10, 9, 11, -1,
      12, 13, 8, -1,
      8, 13, 14, -1,
      8, 14, 9, -1,
      9, 14, 15, -1,
      12, 16, 13, -1,
      13, 16, 17, -1,
      13, 17, 18, -1,
      18, 17, 19, -1,
      18, 19, 20, -1,
      20, 21, 18, -1,
      18, 21, 10, -1,
      18, 10, 22, -1,
      22, 10, 11, -1,
      22, 11, 23, -1,
      18, 22, 2, -1,
      2, 22, 1, -1,
      13, 18, 7, -1,
      7, 18, 2, -1,
      14, 13, 6, -1,
      6, 13, 7, -1,
      15, 14, 5, -1,
      5, 14, 6, -1,
      9, 15, 4, -1,
      4, 15, 5, -1,
      11, 9, 3, -1,
      3, 9, 4, -1,
      23, 11, 0, -1,
      0, 11, 3, -1,
      22, 23, 1, -1,
      1, 23, 0, -1,
      8, 10, 24, -1,
      24, 10, 25, -1,
      10, 21, 25, -1,
      25, 21, 26, -1,
      19, 27, 28, -1,
      19, 28, 20, -1,
      20, 28, 26, -1,
      20, 26, 21, -1,
      19, 17, 27, -1,
      27, 17, 29, -1,
      12, 30, 31, -1,
      12, 31, 16, -1,
      16, 31, 29, -1,
      16, 29, 17, -1,
      12, 8, 30, -1,
      30, 8, 24, -1,
    ]
  }
}

Shape {
  appearance Appearance {
    material Material {
      diffuseColor 0.6471 0.6196 0.5882
      specularColor 0.4510 0.4353 0.4118
      ambientIntensity 0.2
      transparency 0.0000
      shininess 0.5
    }
  }
  geometry IndexedFaceSet {
    ccw TRUE
    solid FALSE
    coord DEF co Coordinate {
      point [
        2.852338 -4.527559 3.251553,
        2.924002 -4.527559 3.251553,
        2.891745 -4.527559 3.340301,
        2.888416 -4.527559 3.355256,
        2.890142 -4.527559 3.346223,
        2.887761 -4.527559 3.355256,
        2.884268 -4.527559 3.340301,
        2.886117 -4.527559 3.346674,
      ]
    }
    coordIndex [
      3, 5, 4, -1,
      4, 5, 7, -1,
      4, 7, 2, -1,
      2, 7, 6, -1,
      2, 6, 1, -1,
      1, 6, 0, -1,
    ]
  }
}

Shape {
  appearance Appearance {
    material Material {
      diffuseColor 0.2078 0.2078 0.2078
      specularColor 0.0157 0.0157 0.0157
      ambientIntensity 0.2
      transparency 0.0000
      shininess 0.5
    }
  }
  geometry IndexedFaceSet {
    ccw TRUE
    solid FALSE
    coord DEF co Coordinate {
      point [
        1.587864 -4.527559 3.554800,
        1.629050 -4.527559 3.519983,
        1.418638 -4.527559 3.723074,
        1.453311 -4.527559 3.699621,
        1.503735 -4.527559 3.641219,
        1.535288 -4.527559 3.579691,
        1.542682 -4.527559 3.577207,
        1.171780 -4.527559 3.769320,
        1.246850 -4.527559 3.778562,
        1.311215 -4.527559 3.771603,
        1.387238 -4.527559 3.744314,
        1.101776 -4.527559 3.742334,
        1.070681 -4.527559 3.723074,
        1.064678 -4.527559 3.719356,
        0.903140 -4.527559 3.648203,
        0.962966 -4.527559 3.655596,
        1.029003 -4.527559 3.688804,
        0.980424 -4.527559 3.654647,
        0.997882 -4.527559 3.652560,
        0.788385 -4.527559 3.582728,
        0.798621 -4.527559 3.592417,
        0.846905 -4.527559 3.626364,
        0.720880 -4.527559 3.443349,
        0.727646 -4.527559 3.481250,
        0.738593 -4.527559 3.505953,
        0.751866 -4.527559 3.535907,
        0.883016 -4.527559 3.177077,
        0.828154 -4.527559 3.203807,
        0.780794 -4.527559 3.244192,
        0.746151 -4.527559 3.293643,
        0.724390 -4.527559 3.350157,
        0.717034 -4.527559 3.409664,
        0.717461 -4.527559 3.424194,
        0.902242 -4.527559 3.171323,
        0.904158 -4.527559 3.167226,
        0.917503 -4.527559 3.138691,
        0.940097 -4.527559 3.110838,
        1.109303 -4.527559 3.082646,
        1.083262 -4.527559 3.072633,
        1.046461 -4.527559 3.068093,
        1.040685 -4.527559 3.068199,
        1.004839 -4.527559 3.073770,
        0.983685 -4.527559 3.082646,
        0.969804 -4.527559 3.088470,
        1.188687 -4.527559 3.167226,
        1.188506 -4.527559 3.166469,
        1.170511 -4.527559 3.132659,
        1.147346 -4.527559 3.106705,
        1.117116 -4.527559 3.085650,
        1.678619 -4.527559 3.430443,
        1.685580 -4.527559 3.380821,
        1.382551 -4.527559 3.256784,
        1.392968 -4.527559 3.260899,
        1.410804 -4.527559 3.347423,
        1.629410 -4.527559 3.236602,
        1.588127 -4.527559 3.201650,
        1.160318 -4.527559 3.321615,
        1.363743 -4.527559 3.427882,
        1.133746 -4.527559 3.345801,
        1.101524 -4.527559 3.363056,
        1.373216 -4.527559 3.250168,
        1.659565 -4.527559 3.278619,
        1.590696 -4.527559 3.392769,
        1.583525 -4.527559 3.421915,
        1.571935 -4.527559 3.443349,
        0.816455 -4.527559 3.443349,
        1.678626 -4.527559 3.326685,
        1.404732 -4.527559 3.262409,
        1.406209 -4.527559 3.262302,
        1.410763 -4.527559 3.261294,
        0.825440 -4.527559 3.352003,
        0.843428 -4.527559 3.321417,
        0.920504 -4.527559 3.305620,
        0.870637 -4.527559 3.293445,
        0.903760 -4.527559 3.273036,
        0.976623 -4.527559 3.355906,
        0.945592 -4.527559 3.334328,
        0.812674 -4.527559 3.412701,
        0.814515 -4.527559 3.389139,
        1.010151 -4.527559 3.368748,
        1.046461 -4.527559 3.373230,
        1.064875 -4.527559 3.372142,
        1.357671 -4.527559 3.215348,
        1.358056 -4.527559 3.221339,
        1.198270 -4.527559 3.235084,
        1.361105 -4.527559 3.232894,
        1.366943 -4.527559 3.243251,
        1.560616 -4.527559 3.298977,
        1.577328 -4.527559 3.322649,
        1.587802 -4.527559 3.349701,
        1.591457 -4.527559 3.379302,
        1.393143 -4.527559 3.169665,
        1.383102 -4.527559 3.173618,
        1.373256 -4.527559 3.180618,
        1.369727 -4.527559 3.184210,
        1.363110 -4.527559 3.193746,
        1.359111 -4.527559 3.204041,
        1.197431 -4.527559 3.203935,
        1.198270 -4.527559 3.219903,
        1.541809 -4.527559 3.178978,
        1.491263 -4.527559 3.168287,
        1.401696 -4.527559 3.168287,
        1.413841 -4.527559 3.260891,
        1.482155 -4.527559 3.260891,
        1.509524 -4.527559 3.266150,
        1.536296 -4.527559 3.278588,
        1.558722 -4.527559 3.296942,
        1.460902 -4.527559 3.497714,
        0.830231 -4.527559 3.483356,
        0.817214 -4.527559 3.449502,
        1.473046 -4.527559 3.497714,
        1.569375 -4.527559 3.448083,
        1.551999 -4.527559 3.467468,
        1.528461 -4.527559 3.483923,
        1.501970 -4.527559 3.494139,
        1.428081 -4.527559 3.589063,
        1.393805 -4.527559 3.629940,
        1.044943 -4.527559 3.541739,
        1.390147 -4.527559 3.633270,
        1.347501 -4.527559 3.662882,
        1.068154 -4.527559 3.589790,
        0.845970 -4.527559 3.505953,
        1.034315 -4.527559 3.547560,
        1.459086 -4.527559 3.505953,
        1.451548 -4.527559 3.540171,
        1.000282 -4.527559 3.560051,
        0.964484 -4.527559 3.564510,
        0.948516 -4.527559 3.563670,
        1.102210 -4.527559 3.630462,
        1.299900 -4.527559 3.681134,
        1.142854 -4.527559 3.660158,
        1.248368 -4.527559 3.687476,
        1.192441 -4.527559 3.680267,
        0.911050 -4.527559 3.554746,
        0.877241 -4.527559 3.536751,
        0.851286 -4.527559 3.513585,
        1.639122 -4.527559 3.505953,
        1.660047 -4.527559 3.476804,
        1.673448 -4.527559 3.443349,
        0.877241 -4.531496 3.536751,
        0.911050 -4.531496 3.554746,
        0.903140 -4.531496 3.648203,
        1.170511 -4.531496 3.132659,
        1.188506 -4.531496 3.166469,
        1.197431 -4.531496 3.203935,
        0.997882 -4.531496 3.652560,
        1.044943 -4.531496 3.541739,
        1.068154 -4.531496 3.589790,
        0.988704 -4.531496 3.199791,
        0.985893 -4.531496 3.214028,
        0.903760 -4.531496 3.273036,
        0.902242 -4.531496 3.171323,
        0.883016 -4.531496 3.177077,
        0.870637 -4.531496 3.293445,
        0.962966 -4.531496 3.655596,
        1.410804 -4.531496 3.347423,
        1.363743 -4.531496 3.427882,
        1.198270 -4.531496 3.235084,
        1.160318 -4.531496 3.321615,
        1.198270 -4.531496 3.219903,
        1.117116 -4.531496 3.085650,
        1.147346 -4.531496 3.106705,
        0.994713 -4.531496 3.187030,
        0.940097 -4.531496 3.110838,
        0.917503 -4.531496 3.138691,
        1.460902 -4.531496 3.497714,
        1.473046 -4.531496 3.497714,
        1.535288 -4.531496 3.579691,
        1.501970 -4.531496 3.494139,
        1.542682 -4.531496 3.577207,
        1.528461 -4.531496 3.483923,
        1.587864 -4.531496 3.554800,
        1.629050 -4.531496 3.519983,
        1.029003 -4.531496 3.688804,
        1.102210 -4.531496 3.630462,
        1.064678 -4.531496 3.719356,
        1.142854 -4.531496 3.660158,
        1.101776 -4.531496 3.742334,
        0.948516 -4.531496 3.563670,
        0.964484 -4.531496 3.564510,
        0.980424 -4.531496 3.654647,
        1.000282 -4.531496 3.560051,
        1.034315 -4.531496 3.547560,
        1.093070 -4.531496 3.183971,
        1.084830 -4.531496 3.174662,
        1.073298 -4.531496 3.166392,
        1.083262 -4.531496 3.072633,
        1.060148 -4.531496 3.161139,
        1.046461 -4.531496 3.068093,
        1.044943 -4.531496 3.159179,
        1.040685 -4.531496 3.068199,
        1.042356 -4.531496 3.159235,
        1.004839 -4.531496 3.073770,
        1.028728 -4.531496 3.161457,
        0.969804 -4.531496 3.088470,
        1.015005 -4.531496 3.167351,
        1.003385 -4.531496 3.176257,
        1.100266 -4.531496 3.239547,
        1.103732 -4.531496 3.225471,
        1.103754 -4.531496 3.211580,
        1.100130 -4.531496 3.197011,
        1.629410 -4.531496 3.236602,
        1.558722 -4.531496 3.296942,
        1.588127 -4.531496 3.201650,
        1.536296 -4.531496 3.278588,
        1.541809 -4.531496 3.178978,
        1.509524 -4.531496 3.266150,
        1.491263 -4.531496 3.168287,
        1.482155 -4.531496 3.260891,
        1.401696 -4.531496 3.168287,
        1.413841 -4.531496 3.260891,
        1.393143 -4.531496 3.169665,
        0.986648 -4.531496 3.228823,
        0.991122 -4.531496 3.243111,
        0.920504 -4.531496 3.305620,
        0.998969 -4.531496 3.255667,
        0.945592 -4.531496 3.334328,
        1.004970 -4.531496 3.262013,
        0.976623 -4.531496 3.355906,
        1.016839 -4.531496 3.270453,
        1.010151 -4.531496 3.368748,
        1.030096 -4.531496 3.275686,
        1.046461 -4.531496 3.373230,
        1.044943 -4.531496 3.277590,
        1.064875 -4.531496 3.372142,
        1.057581 -4.531496 3.276217,
        1.101524 -4.531496 3.363056,
        1.071679 -4.531496 3.271170,
        1.133746 -4.531496 3.345801,
        1.083892 -4.531496 3.262926,
        1.093672 -4.531496 3.252011,
        1.551999 -4.531496 3.467468,
        1.569375 -4.531496 3.448083,
        1.660047 -4.531496 3.476804,
        1.583525 -4.531496 3.421915,
        1.678619 -4.531496 3.430443,
        1.590696 -4.531496 3.392769,
        1.685580 -4.531496 3.380821,
        1.591457 -4.531496 3.379302,
        1.678626 -4.531496 3.326685,
        1.587802 -4.531496 3.349701,
        1.659565 -4.531496 3.278619,
        1.577328 -4.531496 3.322649,
        1.560616 -4.531496 3.298977,
        1.453311 -4.531496 3.699621,
        1.393805 -4.531496 3.629940,
        1.503735 -4.531496 3.641219,
        1.428081 -4.531496 3.589063,
        1.451548 -4.531496 3.540171,
        0.817214 -4.531496 3.449502,
        0.717461 -4.531496 3.424194,
        0.812674 -4.531496 3.412701,
        0.717034 -4.531496 3.409664,
        0.814515 -4.531496 3.389139,
        0.724390 -4.531496 3.350157,
        0.825440 -4.531496 3.352003,
        0.746151 -4.531496 3.293643,
        0.843428 -4.531496 3.321417,
        0.780794 -4.531496 3.244192,
        0.828154 -4.531496 3.203807,
        1.171780 -4.531496 3.769320,
        1.192441 -4.531496 3.680267,
        1.246850 -4.531496 3.778562,
        1.248368 -4.531496 3.687476,
        1.311215 -4.531496 3.771603,
        1.299900 -4.531496 3.681134,
        1.387238 -4.531496 3.744314,
        1.347501 -4.531496 3.662882,
        1.390147 -4.531496 3.633270,
        0.846905 -4.531496 3.626364,
        0.798621 -4.531496 3.592417,
        0.851286 -4.531496 3.513585,
        0.788385 -4.531496 3.582728,
        0.830231 -4.531496 3.483356,
        0.751866 -4.531496 3.535907,
        0.727646 -4.531496 3.481250,
        1.406209 -4.531496 3.262302,
        1.369727 -4.531496 3.184210,
        1.373256 -4.531496 3.180618,
        1.410763 -4.531496 3.261294,
        1.383102 -4.531496 3.173618,
        1.357671 -4.531496 3.215348,
        1.359111 -4.531496 3.204041,
        1.363110 -4.531496 3.193746,
        1.392968 -4.531496 3.260899,
        1.382551 -4.531496 3.256784,
        1.358056 -4.531496 3.221339,
        1.373216 -4.531496 3.250168,
        1.366943 -4.531496 3.243251,
        1.361105 -4.531496 3.232894,
        1.404732 -4.531496 3.262409,
        1.044943 -4.527559 3.277590,
        1.057581 -4.527559 3.276217,
        1.071679 -4.527559 3.271170,
        1.083892 -4.527559 3.262926,
        1.093672 -4.527559 3.252011,
        1.100266 -4.527559 3.239547,
        1.103732 -4.527559 3.225471,
        1.103754 -4.527559 3.211580,
        1.100130 -4.527559 3.197011,
        1.093070 -4.527559 3.183971,
        1.084830 -4.527559 3.174662,
        1.073298 -4.527559 3.166392,
        1.060148 -4.527559 3.161139,
        1.044943 -4.527559 3.159179,
        1.042356 -4.527559 3.159235,
        1.028728 -4.527559 3.161457,
        1.015005 -4.527559 3.167351,
        1.003385 -4.527559 3.176257,
        0.994713 -4.527559 3.187030,
        0.988704 -4.527559 3.199791,
        0.985893 -4.527559 3.214028,
        0.986648 -4.527559 3.228823,
        0.991122 -4.527559 3.243111,
        0.998969 -4.527559 3.255667,
        1.004970 -4.527559 3.262013,
        1.016839 -4.527559 3.270453,
        1.030096 -4.527559 3.275686,
      ]
    }
    coordIndex [
      139, 140, 141, -1,
      142, 143, 144, -1,
      145, 146, 147, -1,
      148, 149, 150, -1,
      151, 150, 152, -1,
      152, 150, 153, -1,
      141, 140, 154, -1,
      155, 156, 157, -1,
      157, 156, 158, -1,
      157, 158, 159, -1,
      159, 158, 160, -1,
      159, 160, 144, -1,
      144, 160, 161, -1,
      144, 161, 142, -1,
      162, 148, 163, -1,
      163, 148, 150, -1,
      163, 150, 164, -1,
      164, 150, 151, -1,
      165, 166, 167, -1,
      167, 166, 168, -1,
      167, 168, 169, -1,
      169, 168, 170, -1,
      169, 170, 171, -1,
      171, 170, 172, -1,
      145, 147, 173, -1,
      173, 147, 174, -1,
      173, 174, 175, -1,
      175, 174, 176, -1,
      175, 176, 177, -1,
      140, 178, 154, -1,
      154, 178, 179, -1,
      154, 179, 180, -1,
      180, 179, 181, -1,
      180, 181, 145, -1,
      145, 181, 182, -1,
      145, 182, 146, -1,
      183, 184, 160, -1,
      160, 184, 185, -1,
      160, 185, 186, -1,
      186, 185, 187, -1,
      186, 187, 188, -1,
      188, 187, 189, -1,
      188, 189, 190, -1,
      190, 189, 191, -1,
      190, 191, 192, -1,
      192, 191, 193, -1,
      192, 193, 194, -1,
      194, 193, 195, -1,
      194, 195, 163, -1,
      163, 195, 196, -1,
      163, 196, 162, -1,
      197, 198, 158, -1,
      158, 198, 199, -1,
      158, 199, 160, -1,
      160, 199, 200, -1,
      160, 200, 183, -1,
      201, 202, 203, -1,
      203, 202, 204, -1,
      203, 204, 205, -1,
      205, 204, 206, -1,
      205, 206, 207, -1,
      207, 206, 208, -1,
      207, 208, 209, -1,
      209, 208, 210, -1,
      209, 210, 211, -1,
      149, 212, 150, -1,
      150, 212, 213, -1,
      150, 213, 214, -1,
      214, 213, 215, -1,
      214, 215, 216, -1,
      216, 215, 217, -1,
      216, 217, 218, -1,
      218, 217, 219, -1,
      218, 219, 220, -1,
      220, 219, 221, -1,
      220, 221, 222, -1,
      222, 221, 223, -1,
      222, 223, 224, -1,
      224, 223, 225, -1,
      224, 225, 226, -1,
      226, 225, 227, -1,
      226, 227, 228, -1,
      228, 227, 229, -1,
      228, 229, 158, -1,
      158, 229, 230, -1,
      158, 230, 197, -1,
      170, 231, 172, -1,
      172, 231, 232, -1,
      172, 232, 233, -1,
      233, 232, 234, -1,
      233, 234, 235, -1,
      235, 234, 236, -1,
      235, 236, 237, -1,
      237, 236, 238, -1,
      237, 238, 239, -1,
      239, 238, 240, -1,
      239, 240, 241, -1,
      241, 240, 242, -1,
      241, 242, 201, -1,
      201, 242, 243, -1,
      201, 243, 202, -1,
      244, 245, 246, -1,
      246, 245, 247, -1,
      246, 247, 167, -1,
      167, 247, 248, -1,
      167, 248, 165, -1,
      249, 250, 251, -1,
      251, 250, 252, -1,
      251, 252, 253, -1,
      253, 252, 254, -1,
      253, 254, 255, -1,
      255, 254, 256, -1,
      255, 256, 257, -1,
      257, 256, 258, -1,
      257, 258, 153, -1,
      153, 258, 259, -1,
      153, 259, 152, -1,
      177, 176, 260, -1,
      260, 176, 261, -1,
      260, 261, 262, -1,
      262, 261, 263, -1,
      262, 263, 264, -1,
      264, 263, 265, -1,
      264, 265, 266, -1,
      266, 265, 267, -1,
      266, 267, 244, -1,
      244, 267, 268, -1,
      244, 268, 245, -1,
      141, 269, 139, -1,
      139, 269, 270, -1,
      139, 270, 271, -1,
      271, 270, 272, -1,
      271, 272, 273, -1,
      273, 272, 274, -1,
      273, 274, 249, -1,
      249, 274, 275, -1,
      249, 275, 250, -1,
      276, 277, 278, -1,
      210, 279, 211, -1,
      211, 279, 276, -1,
      211, 276, 280, -1,
      280, 276, 278, -1,
      281, 282, 276, -1,
      276, 282, 283, -1,
      276, 283, 277, -1,
      284, 285, 286, -1,
      285, 287, 286, -1,
      286, 287, 288, -1,
      286, 288, 289, -1,
      281, 276, 286, -1,
      286, 276, 290, -1,
      286, 290, 284, -1,
      237, 50, 49, -1,
      136, 172, 233, -1,
      237, 49, 235, -1,
      235, 49, 138, -1,
      235, 138, 233, -1,
      233, 138, 137, -1,
      233, 137, 136, -1,
      136, 1, 172, -1,
      172, 1, 0, -1,
      172, 0, 171, -1,
      171, 0, 6, -1,
      171, 6, 169, -1,
      169, 6, 5, -1,
      169, 5, 167, -1,
      167, 5, 4, -1,
      167, 4, 246, -1,
      246, 4, 3, -1,
      246, 3, 244, -1,
      266, 244, 2, -1,
      2, 244, 3, -1,
      2, 10, 266, -1,
      266, 10, 9, -1,
      266, 9, 264, -1,
      264, 9, 8, -1,
      264, 8, 262, -1,
      262, 8, 7, -1,
      262, 7, 260, -1,
      260, 7, 11, -1,
      260, 11, 177, -1,
      177, 11, 175, -1,
      175, 11, 12, -1,
      175, 12, 13, -1,
      175, 13, 16, -1,
      175, 16, 173, -1,
      173, 16, 18, -1,
      173, 18, 145, -1,
      145, 18, 17, -1,
      145, 17, 180, -1,
      180, 17, 15, -1,
      180, 15, 154, -1,
      154, 15, 14, -1,
      154, 14, 141, -1,
      141, 14, 21, -1,
      141, 21, 269, -1,
      269, 21, 20, -1,
      269, 20, 270, -1,
      270, 20, 19, -1,
      270, 19, 272, -1,
      31, 252, 250, -1,
      272, 19, 25, -1,
      272, 25, 274, -1,
      274, 25, 24, -1,
      274, 24, 275, -1,
      24, 23, 275, -1,
      275, 23, 22, -1,
      275, 22, 250, -1,
      250, 22, 32, -1,
      250, 32, 31, -1,
      252, 31, 30, -1,
      252, 30, 254, -1,
      254, 30, 29, -1,
      254, 29, 256, -1,
      256, 29, 28, -1,
      256, 28, 258, -1,
      258, 28, 27, -1,
      258, 27, 259, -1,
      259, 27, 26, -1,
      259, 26, 152, -1,
      152, 26, 33, -1,
      152, 33, 151, -1,
      151, 33, 34, -1,
      151, 34, 164, -1,
      34, 35, 164, -1,
      164, 35, 36, -1,
      164, 36, 163, -1,
      163, 36, 43, -1,
      163, 43, 194, -1,
      194, 43, 42, -1,
      194, 42, 192, -1,
      42, 41, 192, -1,
      192, 41, 40, -1,
      192, 40, 190, -1,
      190, 40, 39, -1,
      190, 39, 188, -1,
      98, 159, 144, -1,
      188, 39, 38, -1,
      37, 160, 38, -1,
      38, 160, 186, -1,
      38, 186, 188, -1,
      37, 48, 160, -1,
      160, 48, 47, -1,
      160, 47, 161, -1,
      161, 47, 46, -1,
      161, 46, 142, -1,
      142, 46, 45, -1,
      142, 45, 143, -1,
      143, 45, 44, -1,
      143, 44, 144, -1,
      144, 44, 97, -1,
      144, 97, 98, -1,
      157, 159, 84, -1,
      84, 159, 98, -1,
      155, 157, 53, -1,
      53, 157, 84, -1,
      156, 155, 57, -1,
      57, 155, 53, -1,
      158, 156, 56, -1,
      56, 156, 57, -1,
      158, 56, 58, -1,
      158, 58, 228, -1,
      228, 58, 59, -1,
      228, 59, 226, -1,
      226, 59, 81, -1,
      226, 81, 224, -1,
      224, 81, 80, -1,
      224, 80, 222, -1,
      222, 80, 79, -1,
      222, 79, 220, -1,
      220, 79, 75, -1,
      220, 75, 218, -1,
      218, 75, 76, -1,
      218, 76, 216, -1,
      216, 76, 72, -1,
      216, 72, 214, -1,
      214, 72, 74, -1,
      214, 74, 150, -1,
      150, 74, 73, -1,
      150, 73, 153, -1,
      153, 73, 71, -1,
      153, 71, 257, -1,
      257, 71, 70, -1,
      257, 70, 255, -1,
      255, 70, 78, -1,
      255, 78, 253, -1,
      253, 78, 77, -1,
      253, 77, 251, -1,
      249, 251, 77, -1,
      77, 65, 249, -1,
      249, 65, 109, -1,
      249, 109, 108, -1,
      121, 271, 108, -1,
      108, 271, 273, -1,
      108, 273, 249, -1,
      121, 135, 271, -1,
      271, 135, 134, -1,
      271, 134, 139, -1,
      139, 134, 133, -1,
      139, 133, 140, -1,
      140, 133, 127, -1,
      140, 127, 178, -1,
      178, 127, 126, -1,
      178, 126, 179, -1,
      179, 126, 125, -1,
      179, 125, 181, -1,
      181, 125, 122, -1,
      181, 122, 182, -1,
      182, 122, 117, -1,
      182, 117, 146, -1,
      146, 117, 120, -1,
      146, 120, 147, -1,
      147, 120, 128, -1,
      147, 128, 174, -1,
      174, 128, 130, -1,
      174, 130, 176, -1,
      176, 130, 132, -1,
      176, 132, 261, -1,
      261, 132, 131, -1,
      261, 131, 263, -1,
      263, 131, 129, -1,
      263, 129, 265, -1,
      265, 129, 119, -1,
      265, 119, 267, -1,
      267, 119, 118, -1,
      267, 118, 268, -1,
      268, 118, 116, -1,
      268, 116, 245, -1,
      245, 116, 115, -1,
      245, 115, 247, -1,
      247, 115, 124, -1,
      247, 124, 248, -1,
      248, 124, 165, -1,
      165, 124, 123, -1,
      165, 123, 107, -1,
      166, 165, 110, -1,
      110, 165, 107, -1,
      166, 110, 114, -1,
      166, 114, 168, -1,
      168, 114, 113, -1,
      168, 113, 170, -1,
      170, 113, 112, -1,
      170, 112, 231, -1,
      231, 112, 111, -1,
      231, 111, 232, -1,
      232, 111, 64, -1,
      232, 64, 234, -1,
      64, 63, 234, -1,
      234, 63, 62, -1,
      234, 62, 236, -1,
      236, 62, 90, -1,
      236, 90, 238, -1,
      238, 90, 89, -1,
      238, 89, 240, -1,
      240, 89, 88, -1,
      240, 88, 242, -1,
      242, 88, 87, -1,
      242, 87, 243, -1,
      243, 87, 106, -1,
      243, 106, 202, -1,
      202, 106, 105, -1,
      202, 105, 204, -1,
      204, 105, 104, -1,
      204, 104, 206, -1,
      206, 104, 103, -1,
      206, 103, 208, -1,
      210, 208, 102, -1,
      102, 208, 103, -1,
      210, 102, 69, -1,
      210, 69, 279, -1,
      279, 69, 68, -1,
      279, 68, 276, -1,
      276, 68, 67, -1,
      276, 67, 290, -1,
      290, 67, 52, -1,
      290, 52, 284, -1,
      284, 52, 51, -1,
      284, 51, 285, -1,
      285, 51, 60, -1,
      285, 60, 287, -1,
      287, 60, 86, -1,
      287, 86, 288, -1,
      288, 86, 85, -1,
      288, 85, 289, -1,
      289, 85, 83, -1,
      289, 83, 286, -1,
      286, 83, 82, -1,
      286, 82, 281, -1,
      281, 82, 96, -1,
      281, 96, 282, -1,
      282, 96, 95, -1,
      282, 95, 283, -1,
      283, 95, 94, -1,
      283, 94, 277, -1,
      277, 94, 93, -1,
      277, 93, 278, -1,
      278, 93, 92, -1,
      278, 92, 280, -1,
      280, 92, 91, -1,
      280, 91, 211, -1,
      211, 91, 101, -1,
      211, 101, 209, -1,
      207, 209, 100, -1,
      100, 209, 101, -1,
      207, 100, 99, -1,
      207, 99, 205, -1,
      205, 99, 55, -1,
      205, 55, 203, -1,
      203, 55, 54, -1,
      203, 54, 201, -1,
      201, 54, 61, -1,
      201, 61, 241, -1,
      241, 61, 66, -1,
      241, 66, 239, -1,
      239, 66, 50, -1,
      239, 50, 237, -1,
      223, 291, 292, -1,
      223, 292, 225, -1,
      225, 292, 293, -1,
      225, 293, 227, -1,
      227, 293, 294, -1,
      227, 294, 229, -1,
      229, 294, 295, -1,
      229, 295, 230, -1,
      230, 295, 296, -1,
      230, 296, 197, -1,
      197, 296, 297, -1,
      197, 297, 198, -1,
      198, 297, 298, -1,
      198, 298, 199, -1,
      199, 298, 299, -1,
      199, 299, 200, -1,
      200, 299, 300, -1,
      200, 300, 183, -1,
      183, 300, 301, -1,
      183, 301, 184, -1,
      184, 301, 302, -1,
      184, 302, 185, -1,
      185, 302, 303, -1,
      185, 303, 187, -1,
      187, 303, 304, -1,
      187, 304, 189, -1,
      189, 304, 305, -1,
      189, 305, 191, -1,
      191, 305, 306, -1,
      191, 306, 193, -1,
      193, 306, 307, -1,
      193, 307, 195, -1,
      195, 307, 308, -1,
      195, 308, 196, -1,
      196, 308, 309, -1,
      196, 309, 162, -1,
      162, 309, 310, -1,
      162, 310, 148, -1,
      148, 310, 311, -1,
      148, 311, 149, -1,
      149, 311, 312, -1,
      149, 312, 212, -1,
      212, 312, 313, -1,
      212, 313, 213, -1,
      213, 313, 314, -1,
      213, 314, 215, -1,
      215, 314, 315, -1,
      215, 315, 217, -1,
      217, 315, 316, -1,
      217, 316, 219, -1,
      219, 316, 317, -1,
      219, 317, 221, -1,
      221, 317, 291, -1,
      221, 291, 223, -1,
    ]
  }
}

Shape {
  appearance Appearance {
    material Material {
      diffuseColor 0.6471 0.6196 0.5882
      specularColor 0.4510 0.4353 0.4118
      ambientIntensity 0.2
      transparency 0.0000
      shininess 0.5
    }
  }
  geometry IndexedFaceSet {
    ccw TRUE
    solid FALSE
    coord DEF co Coordinate {
      point [
        1.044943 -4.527559 3.277590,
        1.057581 -4.527559 3.276217,
        1.071679 -4.527559 3.271170,
        1.083892 -4.527559 3.262926,
        1.093672 -4.527559 3.252011,
        1.100266 -4.527559 3.239547,
        1.103732 -4.527559 3.225471,
        1.103754 -4.527559 3.211580,
        1.100130 -4.527559 3.197011,
        1.093070 -4.527559 3.183971,
        1.084830 -4.527559 3.174662,
        1.073298 -4.527559 3.166392,
        1.060148 -4.527559 3.161139,
        1.044943 -4.527559 3.159179,
        1.042356 -4.527559 3.159235,
        1.028728 -4.527559 3.161457,
        1.015005 -4.527559 3.167351,
        1.003385 -4.527559 3.176257,
        0.994713 -4.527559 3.187030,
        0.988704 -4.527559 3.199791,
        0.985893 -4.527559 3.214028,
        0.986648 -4.527559 3.228823,
        0.991122 -4.527559 3.243111,
        0.998969 -4.527559 3.255667,
        1.004970 -4.527559 3.262013,
        1.016839 -4.527559 3.270453,
        1.030096 -4.527559 3.275686,
      ]
    }
    coordIndex [
      14, 24, 23, -1,
      12, 11, 1, -1,
      0, 26, 14, -1,
      14, 26, 25, -1,
      14, 25, 24, -1,
      19, 18, 23, -1,
      23, 18, 17, -1,
      0, 14, 1, -1,
      1, 14, 13, -1,
      1, 13, 12, -1,
      22, 21, 23, -1,
      23, 21, 20, -1,
      23, 20, 19, -1,
      17, 16, 23, -1,
      23, 16, 15, -1,
      23, 15, 14, -1,
      11, 10, 1, -1,
      1, 10, 9, -1,
      1, 9, 8, -1,
      8, 7, 1, -1,
      1, 7, 6, -1,
      1, 6, 5, -1,
      5, 4, 1, -1,
      1, 4, 3, -1,
      1, 3, 2, -1,
    ]
  }
}

Shape {
  appearance Appearance {
    material Material {
      diffuseColor 0.2078 0.2078 0.2078
      specularColor 0.0157 0.0157 0.0157
      ambientIntensity 0.2
      transparency 0.0000
      shininess 0.5
    }
  }
  geometry IndexedFaceSet {
    ccw TRUE
    solid FALSE
    coord DEF co Coordinate {
      point [
        1.410624 1.714235 0.000000,
        1.396896 1.609961 0.000000,
        -1.514899 1.894844 0.000000,
        -1.598339 1.958870 0.000000,
        -1.695507 1.220804 0.000000,
        -1.598339 1.261052 0.000000,
        -2.148691 1.408518 0.000000,
        -2.084665 1.325078 0.000000,
        -1.450873 1.811404 0.000000,
        -1.695507 1.999119 0.000000,
        -1.799782 2.012846 0.000000,
        -1.904056 1.999119 0.000000,
        -2.001224 1.958870 0.000000,
        -2.084665 1.894844 0.000000,
        -2.148691 1.811404 0.000000,
        -2.188939 1.714235 0.000000,
        -2.202667 1.609961 0.000000,
        -2.188939 1.505687 0.000000,
        -2.001224 1.261052 0.000000,
        -1.904056 1.220804 0.000000,
        -1.799782 1.207076 0.000000,
        -1.514899 1.325078 0.000000,
        -1.450873 1.408518 0.000000,
        -1.410624 1.505687 0.000000,
        -1.396896 1.609961 0.000000,
        -1.410624 1.714235 0.000000,
        1.410624 1.505687 0.000000,
        2.084665 1.894844 0.000000,
        2.148691 1.811404 0.000000,
        2.188939 1.714235 0.000000,
        1.450873 1.408518 0.000000,
        1.514899 1.325078 0.000000,
        1.598339 1.261052 0.000000,
        2.001224 1.261052 0.000000,
        2.084665 1.325078 0.000000,
        1.695507 1.999119 0.000000,
        1.598339 1.958870 0.000000,
        2.148691 1.408518 0.000000,
        2.188939 1.505687 0.000000,
        2.202667 1.609961 0.000000,
        1.514899 1.894844 0.000000,
        1.450873 1.811404 0.000000,
        1.695507 1.220804 0.000000,
        1.799782 1.207076 0.000000,
        1.904056 1.220804 0.000000,
        2.001224 1.958870 0.000000,
        1.904056 1.999119 0.000000,
        1.799782 2.012846 0.000000,
        -2.148691 -1.811404 0.000000,
        -2.084665 -1.894844 0.000000,
        -1.396896 -1.609961 0.000000,
        -1.410624 -1.505687 0.000000,
        -2.188939 -1.714235 0.000000,
        -1.450873 -1.811404 0.000000,
        -1.410624 -1.714235 0.000000,
        -2.001224 -1.261052 0.000000,
        -2.084665 -1.325078 0.000000,
        -2.148691 -1.408518 0.000000,
        -2.188939 -1.505687 0.000000,
        -2.202667 -1.609961 0.000000,
        -1.695507 -1.999119 0.000000,
        -1.598339 -1.958870 0.000000,
        -1.514899 -1.894844 0.000000,
        -1.450873 -1.408518 0.000000,
        -1.514899 -1.325078 0.000000,
        -1.598339 -1.261052 0.000000,
        -2.001224 -1.958870 0.000000,
        -1.904056 -1.999119 0.000000,
        -1.799782 -2.012846 0.000000,
        -1.695507 -1.220804 0.000000,
        -1.799782 -1.207076 0.000000,
        -1.904056 -1.220804 0.000000,
        1.396896 -1.609961 0.000000,
        1.410624 -1.714235 0.000000,
        2.188939 -1.714235 0.000000,
        2.202667 -1.609961 0.000000,
        2.148691 -1.408518 0.000000,
        2.084665 -1.325078 0.000000,
        2.188939 -1.505687 0.000000,
        1.410624 -1.505687 0.000000,
        2.001224 -1.958870 0.000000,
        2.084665 -1.894844 0.000000,
        2.148691 -1.811404 0.000000,
        1.450873 -1.811404 0.000000,
        1.514899 -1.894844 0.000000,
        1.598339 -1.958870 0.000000,
        1.695507 -1.999119 0.000000,
        1.799782 -2.012846 0.000000,
        1.904056 -1.999119 0.000000,
        1.695507 -1.220804 0.000000,
        1.598339 -1.261052 0.000000,
        2.001224 -1.261052 0.000000,
        1.904056 -1.220804 0.000000,
        1.799782 -1.207076 0.000000,
        1.514899 -1.325078 0.000000,
        1.450873 -1.408518 0.000000,
        2.188939 1.714235 -0.039370,
        2.148691 1.811404 -0.039370,
        2.084665 1.894844 -0.039370,
        2.001224 1.958870 -0.039370,
        1.904056 1.999119 -0.039370,
        1.799782 2.012846 -0.039370,
        1.695507 1.999119 -0.039370,
        1.598339 1.958870 -0.039370,
        1.514899 1.894844 -0.039370,
        1.450873 1.811404 -0.039370,
        1.410624 1.714235 -0.039370,
        1.396896 1.609961 -0.039370,
        1.410624 1.505687 -0.039370,
        1.450873 1.408518 -0.039370,
        1.514899 1.325078 -0.039370,
        1.598339 1.261052 -0.039370,
        1.695507 1.220804 -0.039370,
        1.799782 1.207076 -0.039370,
        1.904056 1.220804 -0.039370,
        2.001224 1.261052 -0.039370,
        2.084665 1.325078 -0.039370,
        2.148691 1.408518 -0.039370,
        2.188939 1.505687 -0.039370,
        2.202667 1.609961 -0.039370,
        1.587255 1.487259 -0.196850,
        1.562739 1.546446 -0.196850,
        1.799782 1.609961 -0.196850,
        1.554377 1.609961 -0.196850,
        1.562739 1.673476 -0.196850,
        1.736267 1.372918 -0.196850,
        1.677079 1.397434 -0.196850,
        1.626254 1.436433 -0.196850,
        1.922484 1.397434 -0.196850,
        1.863297 1.372918 -0.196850,
        1.799782 1.364556 -0.196850,
        2.036825 1.546446 -0.196850,
        2.012309 1.487259 -0.196850,
        1.973309 1.436433 -0.196850,
        2.012309 1.732663 -0.196850,
        2.036825 1.673476 -0.196850,
        2.045187 1.609961 -0.196850,
        1.863297 1.847004 -0.196850,
        1.922484 1.822488 -0.196850,
        1.973309 1.783489 -0.196850,
        1.677079 1.822488 -0.196850,
        1.736267 1.847004 -0.196850,
        1.799782 1.855366 -0.196850,
        1.587255 1.732663 -0.196850,
        1.626254 1.783489 -0.196850,
        2.188939 -1.505687 -0.039370,
        2.148691 -1.408518 -0.039370,
        2.084665 -1.325078 -0.039370,
        2.001224 -1.261052 -0.039370,
        1.904056 -1.220804 -0.039370,
        1.799782 -1.207076 -0.039370,
        1.695507 -1.220804 -0.039370,
        1.598339 -1.261052 -0.039370,
        1.514899 -1.325078 -0.039370,
        1.450873 -1.408518 -0.039370,
        1.410624 -1.505687 -0.039370,
        1.396896 -1.609961 -0.039370,
        1.410624 -1.714235 -0.039370,
        1.450873 -1.811404 -0.039370,
        1.514899 -1.894844 -0.039370,
        1.598339 -1.958870 -0.039370,
        1.695507 -1.999119 -0.039370,
        1.799782 -2.012846 -0.039370,
        1.904056 -1.999119 -0.039370,
        2.001224 -1.958870 -0.039370,
        2.084665 -1.894844 -0.039370,
        2.148691 -1.811404 -0.039370,
        2.188939 -1.714235 -0.039370,
        2.202667 -1.609961 -0.039370,
        2.012309 -1.487259 -0.196850,
        2.036825 -1.546446 -0.196850,
        1.799782 -1.609961 -0.196850,
        2.045187 -1.609961 -0.196850,
        2.036825 -1.673476 -0.196850,
        1.863297 -1.372918 -0.196850,
        1.922484 -1.397434 -0.196850,
        1.973309 -1.436433 -0.196850,
        1.677079 -1.397434 -0.196850,
        1.736267 -1.372918 -0.196850,
        1.799782 -1.364556 -0.196850,
        1.562739 -1.546446 -0.196850,
        1.587255 -1.487259 -0.196850,
        1.626254 -1.436433 -0.196850,
        1.587255 -1.732663 -0.196850,
        1.562739 -1.673476 -0.196850,
        1.554377 -1.609961 -0.196850,
        1.736267 -1.847004 -0.196850,
        1.677079 -1.822488 -0.196850,
        1.626254 -1.783489 -0.196850,
        1.922484 -1.822488 -0.196850,
        1.863297 -1.847004 -0.196850,
        1.799782 -1.855366 -0.196850,
        2.012309 -1.732663 -0.196850,
        1.973309 -1.783489 -0.196850,
        -1.410624 -1.505687 -0.039370,
        -1.450873 -1.408518 -0.039370,
        -1.514899 -1.325078 -0.039370,
        -1.598339 -1.261052 -0.039370,
        -1.695507 -1.220804 -0.039370,
        -1.799782 -1.207076 -0.039370,
        -1.904056 -1.220804 -0.039370,
        -2.001224 -1.261052 -0.039370,
        -2.084665 -1.325078 -0.039370,
        -2.148691 -1.408518 -0.039370,
        -2.188939 -1.505687 -0.039370,
        -2.202667 -1.609961 -0.039370,
        -2.188939 -1.714235 -0.039370,
        -2.148691 -1.811404 -0.039370,
        -2.084665 -1.894844 -0.039370,
        -2.001224 -1.958870 -0.039370,
        -1.904056 -1.999119 -0.039370,
        -1.799782 -2.012846 -0.039370,
        -1.695507 -1.999119 -0.039370,
        -1.598339 -1.958870 -0.039370,
        -1.514899 -1.894844 -0.039370,
        -1.450873 -1.811404 -0.039370,
        -1.410624 -1.714235 -0.039370,
        -1.396896 -1.609961 -0.039370,
        -2.012309 -1.732663 -0.196850,
        -2.036825 -1.673476 -0.196850,
        -1.799782 -1.609961 -0.196850,
        -2.045187 -1.609961 -0.196850,
        -2.036825 -1.546446 -0.196850,
        -1.863297 -1.847004 -0.196850,
        -1.922484 -1.822488 -0.196850,
        -1.973309 -1.783489 -0.196850,
        -1.677079 -1.822488 -0.196850,
        -1.736267 -1.847004 -0.196850,
        -1.799782 -1.855366 -0.196850,
        -1.562739 -1.673476 -0.196850,
        -1.587255 -1.732663 -0.196850,
        -1.626254 -1.783489 -0.196850,
        -1.587255 -1.487259 -0.196850,
        -1.562739 -1.546446 -0.196850,
        -1.554377 -1.609961 -0.196850,
        -1.736267 -1.372918 -0.196850,
        -1.677079 -1.397434 -0.196850,
        -1.626254 -1.436433 -0.196850,
        -1.922484 -1.397434 -0.196850,
        -1.863297 -1.372918 -0.196850,
        -1.799782 -1.364556 -0.196850,
        -2.012309 -1.487259 -0.196850,
        -1.973309 -1.436433 -0.196850,
        -1.410624 1.714235 -0.039370,
        -1.450873 1.811404 -0.039370,
        -1.514899 1.894844 -0.039370,
        -1.598339 1.958870 -0.039370,
        -1.695507 1.999119 -0.039370,
        -1.799782 2.012846 -0.039370,
        -1.904056 1.999119 -0.039370,
        -2.001224 1.958870 -0.039370,
        -2.084665 1.894844 -0.039370,
        -2.148691 1.811404 -0.039370,
        -2.188939 1.714235 -0.039370,
        -2.202667 1.609961 -0.039370,
        -2.188939 1.505687 -0.039370,
        -2.148691 1.408518 -0.039370,
        -2.084665 1.325078 -0.039370,
        -2.001224 1.261052 -0.039370,
        -1.904056 1.220804 -0.039370,
        -1.799782 1.207076 -0.039370,
        -1.695507 1.220804 -0.039370,
        -1.598339 1.261052 -0.039370,
        -1.514899 1.325078 -0.039370,
        -1.450873 1.408518 -0.039370,
        -1.410624 1.505687 -0.039370,
        -1.396896 1.609961 -0.039370,
        -1.587255 1.732663 -0.196850,
        -1.562739 1.673476 -0.196850,
        -1.799782 1.609961 -0.196850,
        -1.554377 1.609961 -0.196850,
        -1.562739 1.546446 -0.196850,
        -1.736267 1.847004 -0.196850,
        -1.677079 1.822488 -0.196850,
        -1.626254 1.783489 -0.196850,
        -1.922484 1.822488 -0.196850,
        -1.863297 1.847004 -0.196850,
        -1.799782 1.855366 -0.196850,
        -2.036825 1.673476 -0.196850,
        -2.012309 1.732663 -0.196850,
        -1.973309 1.783489 -0.196850,
        -2.012309 1.487259 -0.196850,
        -2.036825 1.546446 -0.196850,
        -2.045187 1.609961 -0.196850,
        -1.863297 1.372918 -0.196850,
        -1.922484 1.397434 -0.196850,
        -1.973309 1.436433 -0.196850,
        -1.677079 1.397434 -0.196850,
        -1.736267 1.372918 -0.196850,
        -1.799782 1.364556 -0.196850,
        -1.587255 1.487259 -0.196850,
        -1.626254 1.436433 -0.196850,
        -2.076195 -1.535896 -0.191484,
        -2.047607 -1.466879 -0.191484,
        -2.002130 -1.407613 -0.191484,
        -1.942864 -1.362136 -0.191484,
        -1.873846 -1.333548 -0.191484,
        -1.799782 -1.323797 -0.191484,
        -1.725717 -1.333548 -0.191484,
        -1.656700 -1.362136 -0.191484,
        -1.597433 -1.407613 -0.191484,
        -1.551956 -1.466879 -0.191484,
        -1.523369 -1.535896 -0.191484,
        -1.513618 -1.609961 -0.191484,
        -1.523369 -1.684026 -0.191484,
        -1.551956 -1.753043 -0.191484,
        -1.597433 -1.812309 -0.191484,
        -1.656700 -1.857786 -0.191484,
        -1.725717 -1.886374 -0.191484,
        -1.799782 -1.896125 -0.191484,
        -1.873846 -1.886374 -0.191484,
        -1.942864 -1.857786 -0.191484,
        -2.002130 -1.812309 -0.191484,
        -2.047607 -1.753043 -0.191484,
        -2.076195 -1.684026 -0.191484,
        -2.085946 -1.609961 -0.191484,
        -2.112882 -1.526066 -0.175752,
        -2.080500 -1.447889 -0.175752,
        -2.028987 -1.380756 -0.175752,
        -1.961854 -1.329243 -0.175752,
        -1.883677 -1.296861 -0.175752,
        -1.799782 -1.285816 -0.175752,
        -1.715887 -1.296861 -0.175752,
        -1.637709 -1.329243 -0.175752,
        -1.570576 -1.380756 -0.175752,
        -1.519064 -1.447889 -0.175752,
        -1.486681 -1.526066 -0.175752,
        -1.475637 -1.609961 -0.175752,
        -1.486681 -1.693856 -0.175752,
        -1.519064 -1.772033 -0.175752,
        -1.570576 -1.839167 -0.175752,
        -1.637709 -1.890679 -0.175752,
        -1.715887 -1.923061 -0.175752,
        -1.799782 -1.934106 -0.175752,
        -1.883677 -1.923061 -0.175752,
        -1.961854 -1.890679 -0.175752,
        -2.028987 -1.839167 -0.175752,
        -2.080500 -1.772033 -0.175752,
        -2.112882 -1.693856 -0.175752,
        -2.123927 -1.609961 -0.175752,
        -2.144386 -1.517624 -0.150726,
        -2.108745 -1.431581 -0.150726,
        -2.052049 -1.357693 -0.150726,
        -1.978162 -1.300997 -0.150726,
        -1.892118 -1.265357 -0.150726,
        -1.799782 -1.253201 -0.150726,
        -1.707445 -1.265357 -0.150726,
        -1.621402 -1.300997 -0.150726,
        -1.547514 -1.357693 -0.150726,
        -1.490818 -1.431581 -0.150726,
        -1.455178 -1.517624 -0.150726,
        -1.443021 -1.609961 -0.150726,
        -1.455178 -1.702297 -0.150726,
        -1.490818 -1.788341 -0.150726,
        -1.547514 -1.862229 -0.150726,
        -1.621402 -1.918924 -0.150726,
        -1.707445 -1.954565 -0.150726,
        -1.799782 -1.966721 -0.150726,
        -1.892118 -1.954565 -0.150726,
        -1.978162 -1.918924 -0.150726,
        -2.052049 -1.862229 -0.150726,
        -2.108745 -1.788341 -0.150726,
        -2.144386 -1.702297 -0.150726,
        -2.156542 -1.609961 -0.150726,
        -2.168560 -1.511147 -0.118110,
        -2.130419 -1.419067 -0.118110,
        -2.069746 -1.339997 -0.118110,
        -1.990675 -1.279324 -0.118110,
        -1.898596 -1.241183 -0.118110,
        -1.799782 -1.228174 -0.118110,
        -1.700968 -1.241183 -0.118110,
        -1.608888 -1.279324 -0.118110,
        -1.529818 -1.339997 -0.118110,
        -1.469144 -1.419067 -0.118110,
        -1.431004 -1.511147 -0.118110,
        -1.417995 -1.609961 -0.118110,
        -1.431004 -1.708775 -0.118110,
        -1.469144 -1.800854 -0.118110,
        -1.529818 -1.879925 -0.118110,
        -1.608888 -1.940598 -0.118110,
        -1.700968 -1.978739 -0.118110,
        -1.799782 -1.991748 -0.118110,
        -1.898596 -1.978739 -0.118110,
        -1.990675 -1.940598 -0.118110,
        -2.069746 -1.879925 -0.118110,
        -2.130419 -1.800854 -0.118110,
        -2.168560 -1.708775 -0.118110,
        -2.181569 -1.609961 -0.118110,
        -2.183756 -1.507076 -0.080129,
        -2.144043 -1.411201 -0.080129,
        -2.080870 -1.328872 -0.080129,
        -1.998541 -1.265699 -0.080129,
        -1.902667 -1.225987 -0.080129,
        -1.799782 -1.212442 -0.080129,
        -1.696896 -1.225987 -0.080129,
        -1.601022 -1.265699 -0.080129,
        -1.518693 -1.328872 -0.080129,
        -1.455520 -1.411201 -0.080129,
        -1.415807 -1.507076 -0.080129,
        -1.402263 -1.609961 -0.080129,
        -1.415807 -1.712846 -0.080129,
        -1.455520 -1.808721 -0.080129,
        -1.518693 -1.891050 -0.080129,
        -1.601022 -1.954223 -0.080129,
        -1.696896 -1.993935 -0.080129,
        -1.799782 -2.007480 -0.080129,
        -1.902667 -1.993935 -0.080129,
        -1.998541 -1.954223 -0.080129,
        -2.080870 -1.891050 -0.080129,
        -2.144043 -1.808721 -0.080129,
        -2.183756 -1.712846 -0.080129,
        -2.197301 -1.609961 -0.080129,
        2.183756 -1.507076 -0.080129,
        2.144043 -1.411201 -0.080129,
        2.080870 -1.328872 -0.080129,
        1.998541 -1.265699 -0.080129,
        1.902667 -1.225987 -0.080129,
        1.799782 -1.212442 -0.080129,
        1.696896 -1.225987 -0.080129,
        1.601022 -1.265699 -0.080129,
        1.518693 -1.328872 -0.080129,
        1.455520 -1.411201 -0.080129,
        1.415807 -1.507076 -0.080129,
        1.402263 -1.609961 -0.080129,
        1.415807 -1.712846 -0.080129,
        1.455520 -1.808721 -0.080129,
        1.518693 -1.891050 -0.080129,
        1.601022 -1.954223 -0.080129,
        1.696896 -1.993935 -0.080129,
        1.799782 -2.007480 -0.080129,
        1.902667 -1.993935 -0.080129,
        1.998541 -1.954223 -0.080129,
        2.080870 -1.891050 -0.080129,
        2.144043 -1.808721 -0.080129,
        2.183756 -1.712846 -0.080129,
        2.197301 -1.609961 -0.080129,
        2.168560 -1.511147 -0.118110,
        2.130419 -1.419067 -0.118110,
        2.069746 -1.339997 -0.118110,
        1.990675 -1.279324 -0.118110,
        1.898596 -1.241183 -0.118110,
        1.799782 -1.228174 -0.118110,
        1.700968 -1.241183 -0.118110,
        1.608888 -1.279324 -0.118110,
        1.529818 -1.339997 -0.118110,
        1.469144 -1.419067 -0.118110,
        1.431004 -1.511147 -0.118110,
        1.417995 -1.609961 -0.118110,
        1.431004 -1.708775 -0.118110,
        1.469144 -1.800854 -0.118110,
        1.529818 -1.879925 -0.118110,
        1.608888 -1.940598 -0.118110,
        1.700968 -1.978739 -0.118110,
        1.799782 -1.991748 -0.118110,
        1.898596 -1.978739 -0.118110,
        1.990675 -1.940598 -0.118110,
        2.069746 -1.879925 -0.118110,
        2.130419 -1.800854 -0.118110,
        2.168560 -1.708775 -0.118110,
        2.181569 -1.609961 -0.118110,
        2.144386 -1.517624 -0.150726,
        2.108745 -1.431581 -0.150726,
        2.052049 -1.357693 -0.150726,
        1.978162 -1.300997 -0.150726,
        1.892118 -1.265357 -0.150726,
        1.799782 -1.253201 -0.150726,
        1.707445 -1.265357 -0.150726,
        1.621402 -1.300997 -0.150726,
        1.547514 -1.357693 -0.150726,
        1.490818 -1.431581 -0.150726,
        1.455178 -1.517624 -0.150726,
        1.443021 -1.609961 -0.150726,
        1.455178 -1.702297 -0.150726,
        1.490818 -1.788341 -0.150726,
        1.547514 -1.862229 -0.150726,
        1.621402 -1.918924 -0.150726,
        1.707445 -1.954565 -0.150726,
        1.799782 -1.966721 -0.150726,
        1.892118 -1.954565 -0.150726,
        1.978162 -1.918924 -0.150726,
        2.052049 -1.862229 -0.150726,
        2.108745 -1.788341 -0.150726,
        2.144386 -1.702297 -0.150726,
        2.156542 -1.609961 -0.150726,
        2.112882 -1.526066 -0.175752,
        2.080500 -1.447889 -0.175752,
        2.028987 -1.380756 -0.175752,
        1.961854 -1.329243 -0.175752,
        1.883677 -1.296861 -0.175752,
        1.799782 -1.285816 -0.175752,
        1.715887 -1.296861 -0.175752,
        1.637709 -1.329243 -0.175752,
        1.570576 -1.380756 -0.175752,
        1.519064 -1.447889 -0.175752,
        1.486681 -1.526066 -0.175752,
        1.475637 -1.609961 -0.175752,
        1.486681 -1.693856 -0.175752,
        1.519064 -1.772033 -0.175752,
        1.570576 -1.839167 -0.175752,
        1.637709 -1.890679 -0.175752,
        1.715887 -1.923061 -0.175752,
        1.799782 -1.934106 -0.175752,
        1.883677 -1.923061 -0.175752,
        1.961854 -1.890679 -0.175752,
        2.028987 -1.839167 -0.175752,
        2.080500 -1.772033 -0.175752,
        2.112882 -1.693856 -0.175752,
        2.123927 -1.609961 -0.175752,
        2.076195 -1.535896 -0.191484,
        2.047607 -1.466879 -0.191484,
        2.002130 -1.407613 -0.191484,
        1.942864 -1.362136 -0.191484,
        1.873846 -1.333548 -0.191484,
        1.799782 -1.323797 -0.191484,
        1.725717 -1.333548 -0.191484,
        1.656700 -1.362136 -0.191484,
        1.597433 -1.407613 -0.191484,
        1.551956 -1.466879 -0.191484,
        1.523369 -1.535896 -0.191484,
        1.513618 -1.609961 -0.191484,
        1.523369 -1.684026 -0.191484,
        1.551956 -1.753043 -0.191484,
        1.597433 -1.812309 -0.191484,
        1.656700 -1.857786 -0.191484,
        1.725717 -1.886374 -0.191484,
        1.799782 -1.896125 -0.191484,
        1.873846 -1.886374 -0.191484,
        1.942864 -1.857786 -0.191484,
        2.002130 -1.812309 -0.191484,
        2.047607 -1.753043 -0.191484,
        2.076195 -1.684026 -0.191484,
        2.085946 -1.609961 -0.191484,
        1.523369 1.684026 -0.191484,
        1.551956 1.753043 -0.191484,
        1.597433 1.812309 -0.191484,
        1.656700 1.857786 -0.191484,
        1.725717 1.886374 -0.191484,
        1.799782 1.896125 -0.191484,
        1.873846 1.886374 -0.191484,
        1.942864 1.857786 -0.191484,
        2.002130 1.812309 -0.191484,
        2.047607 1.753043 -0.191484,
        2.076195 1.684026 -0.191484,
        2.085946 1.609961 -0.191484,
        2.076195 1.535896 -0.191484,
        2.047607 1.466879 -0.191484,
        2.002130 1.407613 -0.191484,
        1.942864 1.362136 -0.191484,
        1.873846 1.333548 -0.191484,
        1.799782 1.323797 -0.191484,
        1.725717 1.333548 -0.191484,
        1.656700 1.362136 -0.191484,
        1.597433 1.407613 -0.191484,
        1.551956 1.466879 -0.191484,
        1.523369 1.535896 -0.191484,
        1.513618 1.609961 -0.191484,
        1.486681 1.693856 -0.175752,
        1.519064 1.772033 -0.175752,
        1.570576 1.839167 -0.175752,
        1.637709 1.890679 -0.175752,
        1.715887 1.923061 -0.175752,
        1.799782 1.934106 -0.175752,
        1.883677 1.923061 -0.175752,
        1.961854 1.890679 -0.175752,
        2.028987 1.839167 -0.175752,
        2.080500 1.772033 -0.175752,
        2.112882 1.693856 -0.175752,
        2.123927 1.609961 -0.175752,
        2.112882 1.526066 -0.175752,
        2.080500 1.447889 -0.175752,
        2.028987 1.380756 -0.175752,
        1.961854 1.329243 -0.175752,
        1.883677 1.296861 -0.175752,
        1.799782 1.285816 -0.175752,
        1.715887 1.296861 -0.175752,
        1.637709 1.329243 -0.175752,
        1.570576 1.380756 -0.175752,
        1.519064 1.447889 -0.175752,
        1.486681 1.526066 -0.175752,
        1.475637 1.609961 -0.175752,
        1.455178 1.702297 -0.150726,
        1.490818 1.788341 -0.150726,
        1.547514 1.862229 -0.150726,
        1.621402 1.918924 -0.150726,
        1.707445 1.954565 -0.150726,
        1.799782 1.966721 -0.150726,
        1.892118 1.954565 -0.150726,
        1.978162 1.918924 -0.150726,
        2.052049 1.862229 -0.150726,
        2.108745 1.788341 -0.150726,
        2.144386 1.702297 -0.150726,
        2.156542 1.609961 -0.150726,
        2.144386 1.517624 -0.150726,
        2.108745 1.431581 -0.150726,
        2.052049 1.357693 -0.150726,
        1.978162 1.300997 -0.150726,
        1.892118 1.265357 -0.150726,
        1.799782 1.253201 -0.150726,
        1.707445 1.265357 -0.150726,
        1.621402 1.300997 -0.150726,
        1.547514 1.357693 -0.150726,
        1.490818 1.431581 -0.150726,
        1.455178 1.517624 -0.150726,
        1.443021 1.609961 -0.150726,
        1.431004 1.708775 -0.118110,
        1.469144 1.800854 -0.118110,
        1.529818 1.879925 -0.118110,
        1.608888 1.940598 -0.118110,
        1.700968 1.978739 -0.118110,
        1.799782 1.991748 -0.118110,
        1.898596 1.978739 -0.118110,
        1.990675 1.940598 -0.118110,
        2.069746 1.879925 -0.118110,
        2.130419 1.800854 -0.118110,
        2.168560 1.708775 -0.118110,
        2.181569 1.609961 -0.118110,
        2.168560 1.511147 -0.118110,
        2.130419 1.419067 -0.118110,
        2.069746 1.339997 -0.118110,
        1.990675 1.279324 -0.118110,
        1.898596 1.241183 -0.118110,
        1.799782 1.228174 -0.118110,
        1.700968 1.241183 -0.118110,
        1.608888 1.279324 -0.118110,
        1.529818 1.339997 -0.118110,
        1.469144 1.419067 -0.118110,
        1.431004 1.511147 -0.118110,
        1.417995 1.609961 -0.118110,
        1.415807 1.712846 -0.080129,
        1.455520 1.808721 -0.080129,
        1.518693 1.891050 -0.080129,
        1.601022 1.954223 -0.080129,
        1.696896 1.993935 -0.080129,
        1.799782 2.007480 -0.080129,
        1.902667 1.993935 -0.080129,
        1.998541 1.954223 -0.080129,
        2.080870 1.891050 -0.080129,
        2.144043 1.808721 -0.080129,
        2.183756 1.712846 -0.080129,
        2.197301 1.609961 -0.080129,
        2.183756 1.507076 -0.080129,
        2.144043 1.411201 -0.080129,
        2.080870 1.328872 -0.080129,
        1.998541 1.265699 -0.080129,
        1.902667 1.225987 -0.080129,
        1.799782 1.212442 -0.080129,
        1.696896 1.225987 -0.080129,
        1.601022 1.265699 -0.080129,
        1.518693 1.328872 -0.080129,
        1.455520 1.411201 -0.080129,
        1.415807 1.507076 -0.080129,
        1.402263 1.609961 -0.080129,
        -1.415807 1.712846 -0.080129,
        -1.455520 1.808721 -0.080129,
        -1.518693 1.891050 -0.080129,
        -1.601022 1.954223 -0.080129,
        -1.696896 1.993935 -0.080129,
        -1.799782 2.007480 -0.080129,
        -1.902667 1.993935 -0.080129,
        -1.998541 1.954223 -0.080129,
        -2.080870 1.891050 -0.080129,
        -2.144043 1.808721 -0.080129,
        -2.183756 1.712846 -0.080129,
        -2.197301 1.609961 -0.080129,
        -2.183756 1.507076 -0.080129,
        -2.144043 1.411201 -0.080129,
        -2.080870 1.328872 -0.080129,
        -1.998541 1.265699 -0.080129,
        -1.902667 1.225987 -0.080129,
        -1.799782 1.212442 -0.080129,
        -1.696896 1.225987 -0.080129,
        -1.601022 1.265699 -0.080129,
        -1.518693 1.328872 -0.080129,
        -1.455520 1.411201 -0.080129,
        -1.415807 1.507076 -0.080129,
        -1.402263 1.609961 -0.080129,
        -1.431004 1.708775 -0.118110,
        -1.469144 1.800854 -0.118110,
        -1.529818 1.879925 -0.118110,
        -1.608888 1.940598 -0.118110,
        -1.700968 1.978739 -0.118110,
        -1.799782 1.991748 -0.118110,
        -1.898596 1.978739 -0.118110,
        -1.990675 1.940598 -0.118110,
        -2.069746 1.879925 -0.118110,
        -2.130419 1.800854 -0.118110,
        -2.168560 1.708775 -0.118110,
        -2.181569 1.609961 -0.118110,
        -2.168560 1.511147 -0.118110,
        -2.130419 1.419067 -0.118110,
        -2.069746 1.339997 -0.118110,
        -1.990675 1.279324 -0.118110,
        -1.898596 1.241183 -0.118110,
        -1.799782 1.228174 -0.118110,
        -1.700968 1.241183 -0.118110,
        -1.608888 1.279324 -0.118110,
        -1.529818 1.339997 -0.118110,
        -1.469144 1.419067 -0.118110,
        -1.431004 1.511147 -0.118110,
        -1.417995 1.609961 -0.118110,
        -1.455178 1.702297 -0.150726,
        -1.490818 1.788341 -0.150726,
        -1.547514 1.862229 -0.150726,
        -1.621402 1.918924 -0.150726,
        -1.707445 1.954565 -0.150726,
        -1.799782 1.966721 -0.150726,
        -1.892118 1.954565 -0.150726,
        -1.978162 1.918924 -0.150726,
        -2.052049 1.862229 -0.150726,
        -2.108745 1.788341 -0.150726,
        -2.144386 1.702297 -0.150726,
        -2.156542 1.609961 -0.150726,
        -2.144386 1.517624 -0.150726,
        -2.108745 1.431581 -0.150726,
        -2.052049 1.357693 -0.150726,
        -1.978162 1.300997 -0.150726,
        -1.892118 1.265357 -0.150726,
        -1.799782 1.253201 -0.150726,
        -1.707445 1.265357 -0.150726,
        -1.621402 1.300997 -0.150726,
        -1.547514 1.357693 -0.150726,
        -1.490818 1.431581 -0.150726,
        -1.455178 1.517624 -0.150726,
        -1.443021 1.609961 -0.150726,
        -1.486681 1.693856 -0.175752,
        -1.519064 1.772033 -0.175752,
        -1.570576 1.839167 -0.175752,
        -1.637709 1.890679 -0.175752,
        -1.715887 1.923061 -0.175752,
        -1.799782 1.934106 -0.175752,
        -1.883677 1.923061 -0.175752,
        -1.961854 1.890679 -0.175752,
        -2.028987 1.839167 -0.175752,
        -2.080500 1.772033 -0.175752,
        -2.112882 1.693856 -0.175752,
        -2.123927 1.609961 -0.175752,
        -2.112882 1.526066 -0.175752,
        -2.080500 1.447889 -0.175752,
        -2.028987 1.380756 -0.175752,
        -1.961854 1.329243 -0.175752,
        -1.883677 1.296861 -0.175752,
        -1.799782 1.285816 -0.175752,
        -1.715887 1.296861 -0.175752,
        -1.637709 1.329243 -0.175752,
        -1.570576 1.380756 -0.175752,
        -1.519064 1.447889 -0.175752,
        -1.486681 1.526066 -0.175752,
        -1.475637 1.609961 -0.175752,
        -1.523369 1.684026 -0.191484,
        -1.551956 1.753043 -0.191484,
        -1.597433 1.812309 -0.191484,
        -1.656700 1.857786 -0.191484,
        -1.725717 1.886374 -0.191484,
        -1.799782 1.896125 -0.191484,
        -1.873846 1.886374 -0.191484,
        -1.942864 1.857786 -0.191484,
        -2.002130 1.812309 -0.191484,
        -2.047607 1.753043 -0.191484,
        -2.076195 1.684026 -0.191484,
        -2.085946 1.609961 -0.191484,
        -2.076195 1.535896 -0.191484,
        -2.047607 1.466879 -0.191484,
        -2.002130 1.407613 -0.191484,
        -1.942864 1.362136 -0.191484,
        -1.873846 1.333548 -0.191484,
        -1.799782 1.323797 -0.191484,
        -1.725717 1.333548 -0.191484,
        -1.656700 1.362136 -0.191484,
        -1.597433 1.407613 -0.191484,
        -1.551956 1.466879 -0.191484,
        -1.523369 1.535896 -0.191484,
        -1.513618 1.609961 -0.191484,
      ]
    }
    coordIndex [
      39, 96, 29, -1,
      29, 96, 97, -1,
      29, 97, 28, -1,
      28, 97, 98, -1,
      28, 98, 27, -1,
      27, 98, 99, -1,
      27, 99, 45, -1,
      45, 99, 100, -1,
      45, 100, 46, -1,
      46, 100, 101, -1,
      46, 101, 47, -1,
      47, 101, 102, -1,
      47, 102, 35, -1,
      35, 102, 103, -1,
      35, 103, 36, -1,
      36, 103, 104, -1,
      36, 104, 40, -1,
      40, 104, 105, -1,
      40, 105, 41, -1,
      41, 105, 106, -1,
      41, 106, 0, -1,
      0, 106, 107, -1,
      0, 107, 1, -1,
      1, 107, 108, -1,
      1, 108, 26, -1,
      26, 108, 109, -1,
      26, 109, 30, -1,
      30, 109, 110, -1,
      30, 110, 31, -1,
      31, 110, 111, -1,
      31, 111, 32, -1,
      32, 111, 112, -1,
      32, 112, 42, -1,
      42, 112, 113, -1,
      42, 113, 43, -1,
      43, 113, 114, -1,
      43, 114, 44, -1,
      44, 114, 115, -1,
      44, 115, 33, -1,
      33, 115, 116, -1,
      33, 116, 34, -1,
      34, 116, 117, -1,
      34, 117, 37, -1,
      37, 117, 118, -1,
      37, 118, 38, -1,
      38, 118, 119, -1,
      38, 119, 39, -1,
      39, 119, 96, -1,
      120, 121, 122, -1,
      122, 121, 123, -1,
      122, 123, 124, -1,
      125, 126, 122, -1,
      122, 126, 127, -1,
      122, 127, 120, -1,
      128, 129, 122, -1,
      122, 129, 130, -1,
      122, 130, 125, -1,
      131, 132, 122, -1,
      122, 132, 133, -1,
      122, 133, 128, -1,
      134, 135, 122, -1,
      122, 135, 136, -1,
      122, 136, 131, -1,
      137, 138, 122, -1,
      122, 138, 139, -1,
      122, 139, 134, -1,
      140, 141, 122, -1,
      122, 141, 142, -1,
      122, 142, 137, -1,
      124, 143, 122, -1,
      122, 143, 144, -1,
      122, 144, 140, -1,
      75, 145, 78, -1,
      78, 145, 146, -1,
      78, 146, 76, -1,
      76, 146, 147, -1,
      76, 147, 77, -1,
      77, 147, 148, -1,
      77, 148, 91, -1,
      91, 148, 149, -1,
      91, 149, 92, -1,
      92, 149, 150, -1,
      92, 150, 93, -1,
      93, 150, 151, -1,
      93, 151, 89, -1,
      89, 151, 152, -1,
      89, 152, 90, -1,
      90, 152, 153, -1,
      90, 153, 94, -1,
      94, 153, 154, -1,
      94, 154, 95, -1,
      95, 154, 155, -1,
      95, 155, 79, -1,
      79, 155, 156, -1,
      79, 156, 72, -1,
      72, 156, 157, -1,
      72, 157, 73, -1,
      73, 157, 158, -1,
      73, 158, 83, -1,
      83, 158, 159, -1,
      83, 159, 84, -1,
      84, 159, 160, -1,
      84, 160, 85, -1,
      85, 160, 161, -1,
      85, 161, 86, -1,
      86, 161, 162, -1,
      86, 162, 87, -1,
      87, 162, 163, -1,
      87, 163, 88, -1,
      88, 163, 164, -1,
      88, 164, 80, -1,
      80, 164, 165, -1,
      80, 165, 81, -1,
      81, 165, 166, -1,
      81, 166, 82, -1,
      82, 166, 167, -1,
      82, 167, 74, -1,
      74, 167, 168, -1,
      74, 168, 75, -1,
      75, 168, 145, -1,
      169, 170, 171, -1,
      171, 170, 172, -1,
      171, 172, 173, -1,
      174, 175, 171, -1,
      171, 175, 176, -1,
      171, 176, 169, -1,
      177, 178, 171, -1,
      171, 178, 179, -1,
      171, 179, 174, -1,
      180, 181, 171, -1,
      171, 181, 182, -1,
      171, 182, 177, -1,
      183, 184, 171, -1,
      171, 184, 185, -1,
      171, 185, 180, -1,
      186, 187, 171, -1,
      171, 187, 188, -1,
      171, 188, 183, -1,
      189, 190, 171, -1,
      171, 190, 191, -1,
      171, 191, 186, -1,
      173, 192, 171, -1,
      171, 192, 193, -1,
      171, 193, 189, -1,
      50, 194, 51, -1,
      51, 194, 195, -1,
      51, 195, 63, -1,
      63, 195, 196, -1,
      63, 196, 64, -1,
      64, 196, 197, -1,
      64, 197, 65, -1,
      65, 197, 198, -1,
      65, 198, 69, -1,
      69, 198, 199, -1,
      69, 199, 70, -1,
      70, 199, 200, -1,
      70, 200, 71, -1,
      71, 200, 201, -1,
      71, 201, 55, -1,
      55, 201, 202, -1,
      55, 202, 56, -1,
      56, 202, 203, -1,
      56, 203, 57, -1,
      57, 203, 204, -1,
      57, 204, 58, -1,
      58, 204, 205, -1,
      58, 205, 59, -1,
      59, 205, 206, -1,
      59, 206, 52, -1,
      52, 206, 207, -1,
      52, 207, 48, -1,
      48, 207, 208, -1,
      48, 208, 49, -1,
      49, 208, 209, -1,
      49, 209, 66, -1,
      66, 209, 210, -1,
      66, 210, 67, -1,
      67, 210, 211, -1,
      67, 211, 68, -1,
      68, 211, 212, -1,
      68, 212, 60, -1,
      60, 212, 213, -1,
      60, 213, 61, -1,
      61, 213, 214, -1,
      61, 214, 62, -1,
      62, 214, 215, -1,
      62, 215, 53, -1,
      53, 215, 216, -1,
      53, 216, 54, -1,
      54, 216, 217, -1,
      54, 217, 50, -1,
      50, 217, 194, -1,
      218, 219, 220, -1,
      220, 219, 221, -1,
      220, 221, 222, -1,
      223, 224, 220, -1,
      220, 224, 225, -1,
      220, 225, 218, -1,
      226, 227, 220, -1,
      220, 227, 228, -1,
      220, 228, 223, -1,
      229, 230, 220, -1,
      220, 230, 231, -1,
      220, 231, 226, -1,
      232, 233, 220, -1,
      220, 233, 234, -1,
      220, 234, 229, -1,
      235, 236, 220, -1,
      220, 236, 237, -1,
      220, 237, 232, -1,
      238, 239, 220, -1,
      220, 239, 240, -1,
      220, 240, 235, -1,
      222, 241, 220, -1,
      220, 241, 242, -1,
      220, 242, 238, -1,
      24, 243, 25, -1,
      25, 243, 244, -1,
      25, 244, 8, -1,
      8, 244, 245, -1,
      8, 245, 2, -1,
      2, 245, 246, -1,
      2, 246, 3, -1,
      3, 246, 247, -1,
      3, 247, 9, -1,
      9, 247, 248, -1,
      9, 248, 10, -1,
      10, 248, 249, -1,
      10, 249, 11, -1,
      11, 249, 250, -1,
      11, 250, 12, -1,
      12, 250, 251, -1,
      12, 251, 13, -1,
      13, 251, 252, -1,
      13, 252, 14, -1,
      14, 252, 253, -1,
      14, 253, 15, -1,
      15, 253, 254, -1,
      15, 254, 16, -1,
      16, 254, 255, -1,
      16, 255, 17, -1,
      17, 255, 256, -1,
      17, 256, 6, -1,
      6, 256, 257, -1,
      6, 257, 7, -1,
      7, 257, 258, -1,
      7, 258, 18, -1,
      18, 258, 259, -1,
      18, 259, 19, -1,
      19, 259, 260, -1,
      19, 260, 20, -1,
      20, 260, 261, -1,
      20, 261, 4, -1,
      4, 261, 262, -1,
      4, 262, 5, -1,
      5, 262, 263, -1,
      5, 263, 21, -1,
      21, 263, 264, -1,
      21, 264, 22, -1,
      22, 264, 265, -1,
      22, 265, 23, -1,
      23, 265, 266, -1,
      23, 266, 24, -1,
      24, 266, 243, -1,
      267, 268, 269, -1,
      269, 268, 270, -1,
      269, 270, 271, -1,
      272, 273, 269, -1,
      269, 273, 274, -1,
      269, 274, 267, -1,
      275, 276, 269, -1,
      269, 276, 277, -1,
      269, 277, 272, -1,
      278, 279, 269, -1,
      269, 279, 280, -1,
      269, 280, 275, -1,
      281, 282, 269, -1,
      269, 282, 283, -1,
      269, 283, 278, -1,
      284, 285, 269, -1,
      269, 285, 286, -1,
      269, 286, 281, -1,
      287, 288, 269, -1,
      269, 288, 289, -1,
      269, 289, 284, -1,
      271, 290, 269, -1,
      269, 290, 291, -1,
      269, 291, 287, -1,
      221, 292, 222, -1,
      222, 292, 293, -1,
      222, 293, 241, -1,
      241, 293, 294, -1,
      241, 294, 242, -1,
      242, 294, 295, -1,
      242, 295, 238, -1,
      238, 295, 296, -1,
      238, 296, 239, -1,
      239, 296, 297, -1,
      239, 297, 240, -1,
      240, 297, 298, -1,
      240, 298, 235, -1,
      235, 298, 299, -1,
      235, 299, 236, -1,
      236, 299, 300, -1,
      236, 300, 237, -1,
      237, 300, 301, -1,
      237, 301, 232, -1,
      232, 301, 302, -1,
      232, 302, 233, -1,
      233, 302, 303, -1,
      233, 303, 234, -1,
      234, 303, 304, -1,
      234, 304, 229, -1,
      229, 304, 305, -1,
      229, 305, 230, -1,
      230, 305, 306, -1,
      230, 306, 231, -1,
      231, 306, 307, -1,
      231, 307, 226, -1,
      226, 307, 308, -1,
      226, 308, 227, -1,
      227, 308, 309, -1,
      227, 309, 228, -1,
      228, 309, 310, -1,
      228, 310, 223, -1,
      223, 310, 311, -1,
      223, 311, 224, -1,
      224, 311, 312, -1,
      224, 312, 225, -1,
      225, 312, 313, -1,
      225, 313, 218, -1,
      218, 313, 314, -1,
      218, 314, 219, -1,
      219, 314, 315, -1,
      219, 315, 221, -1,
      221, 315, 292, -1,
      315, 316, 292, -1,
      292, 316, 317, -1,
      292, 317, 293, -1,
      293, 317, 318, -1,
      293, 318, 294, -1,
      294, 318, 319, -1,
      294, 319, 295, -1,
      295, 319, 320, -1,
      295, 320, 296, -1,
      296, 320, 321, -1,
      296, 321, 297, -1,
      297, 321, 322, -1,
      297, 322, 298, -1,
      298, 322, 323, -1,
      298, 323, 299, -1,
      299, 323, 324, -1,
      299, 324, 300, -1,
      300, 324, 325, -1,
      300, 325, 301, -1,
      301, 325, 326, -1,
      301, 326, 302, -1,
      302, 326, 327, -1,
      302, 327, 303, -1,
      303, 327, 328, -1,
      303, 328, 304, -1,
      304, 328, 329, -1,
      304, 329, 305, -1,
      305, 329, 330, -1,
      305, 330, 306, -1,
      306, 330, 331, -1,
      306, 331, 307, -1,
      307, 331, 332, -1,
      307, 332, 308, -1,
      308, 332, 333, -1,
      308, 333, 309, -1,
      309, 333, 334, -1,
      309, 334, 310, -1,
      310, 334, 335, -1,
      310, 335, 311, -1,
      311, 335, 336, -1,
      311, 336, 312, -1,
      312, 336, 337, -1,
      312, 337, 313, -1,
      313, 337, 338, -1,
      313, 338, 314, -1,
      314, 338, 339, -1,
      314, 339, 315, -1,
      315, 339, 316, -1,
      339, 340, 316, -1,
      316, 340, 341, -1,
      316, 341, 317, -1,
      317, 341, 342, -1,
      317, 342, 318, -1,
      318, 342, 343, -1,
      318, 343, 319, -1,
      319, 343, 344, -1,
      319, 344, 320, -1,
      320, 344, 345, -1,
      320, 345, 321, -1,
      321, 345, 346, -1,
      321, 346, 322, -1,
      322, 346, 347, -1,
      322, 347, 323, -1,
      323, 347, 348, -1,
      323, 348, 324, -1,
      324, 348, 349, -1,
      324, 349, 325, -1,
      325, 349, 350, -1,
      325, 350, 326, -1,
      326, 350, 351, -1,
      326, 351, 327, -1,
      327, 351, 352, -1,
      327, 352, 328, -1,
      328, 352, 353, -1,
      328, 353, 329, -1,
      329, 353, 354, -1,
      329, 354, 330, -1,
      330, 354, 355, -1,
      330, 355, 331, -1,
      331, 355, 356, -1,
      331, 356, 332, -1,
      332, 356, 357, -1,
      332, 357, 333, -1,
      333, 357, 358, -1,
      333, 358, 334, -1,
      334, 358, 359, -1,
      334, 359, 335, -1,
      335, 359, 360, -1,
      335, 360, 336, -1,
      336, 360, 361, -1,
      336, 361, 337, -1,
      337, 361, 362, -1,
      337, 362, 338, -1,
      338, 362, 363, -1,
      338, 363, 339, -1,
      339, 363, 340, -1,
      363, 364, 340, -1,
      340, 364, 365, -1,
      340, 365, 341, -1,
      341, 365, 366, -1,
      341, 366, 342, -1,
      342, 366, 367, -1,
      342, 367, 343, -1,
      343, 367, 368, -1,
      343, 368, 344, -1,
      344, 368, 369, -1,
      344, 369, 345, -1,
      345, 369, 370, -1,
      345, 370, 346, -1,
      346, 370, 371, -1,
      346, 371, 347, -1,
      347, 371, 372, -1,
      347, 372, 348, -1,
      348, 372, 373, -1,
      348, 373, 349, -1,
      349, 373, 374, -1,
      349, 374, 350, -1,
      350, 374, 375, -1,
      350, 375, 351, -1,
      351, 375, 376, -1,
      351, 376, 352, -1,
      352, 376, 377, -1,
      352, 377, 353, -1,
      353, 377, 378, -1,
      353, 378, 354, -1,
      354, 378, 379, -1,
      354, 379, 355, -1,
      355, 379, 380, -1,
      355, 380, 356, -1,
      356, 380, 381, -1,
      356, 381, 357, -1,
      357, 381, 382, -1,
      357, 382, 358, -1,
      358, 382, 383, -1,
      358, 383, 359, -1,
      359, 383, 384, -1,
      359, 384, 360, -1,
      360, 384, 385, -1,
      360, 385, 361, -1,
      361, 385, 386, -1,
      361, 386, 362, -1,
      362, 386, 387, -1,
      362, 387, 363, -1,
      363, 387, 364, -1,
      387, 388, 364, -1,
      364, 388, 389, -1,
      364, 389, 365, -1,
      365, 389, 390, -1,
      365, 390, 366, -1,
      366, 390, 391, -1,
      366, 391, 367, -1,
      367, 391, 392, -1,
      367, 392, 368, -1,
      368, 392, 393, -1,
      368, 393, 369, -1,
      369, 393, 394, -1,
      369, 394, 370, -1,
      370, 394, 395, -1,
      370, 395, 371, -1,
      371, 395, 396, -1,
      371, 396, 372, -1,
      372, 396, 397, -1,
      372, 397, 373, -1,
      373, 397, 398, -1,
      373, 398, 374, -1,
      374, 398, 399, -1,
      374, 399, 375, -1,
      375, 399, 400, -1,
      375, 400, 376, -1,
      376, 400, 401, -1,
      376, 401, 377, -1,
      377, 401, 402, -1,
      377, 402, 378, -1,
      378, 402, 403, -1,
      378, 403, 379, -1,
      379, 403, 404, -1,
      379, 404, 380, -1,
      380, 404, 405, -1,
      380, 405, 381, -1,
      381, 405, 406, -1,
      381, 406, 382, -1,
      382, 406, 407, -1,
      382, 407, 383, -1,
      383, 407, 408, -1,
      383, 408, 384, -1,
      384, 408, 409, -1,
      384, 409, 385, -1,
      385, 409, 410, -1,
      385, 410, 386, -1,
      386, 410, 411, -1,
      386, 411, 387, -1,
      387, 411, 388, -1,
      411, 204, 388, -1,
      388, 204, 203, -1,
      388, 203, 389, -1,
      389, 203, 202, -1,
      389, 202, 390, -1,
      390, 202, 201, -1,
      390, 201, 391, -1,
      391, 201, 200, -1,
      391, 200, 392, -1,
      392, 200, 199, -1,
      392, 199, 393, -1,
      393, 199, 198, -1,
      393, 198, 394, -1,
      394, 198, 197, -1,
      394, 197, 395, -1,
      395, 197, 196, -1,
      395, 196, 396, -1,
      396, 196, 195, -1,
      396, 195, 397, -1,
      397, 195, 194, -1,
      397, 194, 398, -1,
      398, 194, 217, -1,
      398, 217, 399, -1,
      399, 217, 216, -1,
      399, 216, 400, -1,
      400, 216, 215, -1,
      400, 215, 401, -1,
      401, 215, 214, -1,
      401, 214, 402, -1,
      402, 214, 213, -1,
      402, 213, 403, -1,
      403, 213, 212, -1,
      403, 212, 404, -1,
      404, 212, 211, -1,
      404, 211, 405, -1,
      405, 211, 210, -1,
      405, 210, 406, -1,
      406, 210, 209, -1,
      406, 209, 407, -1,
      407, 209, 208, -1,
      407, 208, 408, -1,
      408, 208, 207, -1,
      408, 207, 409, -1,
      409, 207, 206, -1,
      409, 206, 410, -1,
      410, 206, 205, -1,
      410, 205, 411, -1,
      411, 205, 204, -1,
      168, 412, 145, -1,
      145, 412, 413, -1,
      145, 413, 146, -1,
      146, 413, 414, -1,
      146, 414, 147, -1,
      147, 414, 415, -1,
      147, 415, 148, -1,
      148, 415, 416, -1,
      148, 416, 149, -1,
      149, 416, 417, -1,
      149, 417, 150, -1,
      150, 417, 418, -1,
      150, 418, 151, -1,
      151, 418, 419, -1,
      151, 419, 152, -1,
      152, 419, 420, -1,
      152, 420, 153, -1,
      153, 420, 421, -1,
      153, 421, 154, -1,
      154, 421, 422, -1,
      154, 422, 155, -1,
      155, 422, 423, -1,
      155, 423, 156, -1,
      156, 423, 424, -1,
      156, 424, 157, -1,
      157, 424, 425, -1,
      157, 425, 158, -1,
      158, 425, 426, -1,
      158, 426, 159, -1,
      159, 426, 427, -1,
      159, 427, 160, -1,
      160, 427, 428, -1,
      160, 428, 161, -1,
      161, 428, 429, -1,
      161, 429, 162, -1,
      162, 429, 430, -1,
      162, 430, 163, -1,
      163, 430, 431, -1,
      163, 431, 164, -1,
      164, 431, 432, -1,
      164, 432, 165, -1,
      165, 432, 433, -1,
      165, 433, 166, -1,
      166, 433, 434, -1,
      166, 434, 167, -1,
      167, 434, 435, -1,
      167, 435, 168, -1,
      168, 435, 412, -1,
      435, 436, 412, -1,
      412, 436, 437, -1,
      412, 437, 413, -1,
      413, 437, 438, -1,
      413, 438, 414, -1,
      414, 438, 439, -1,
      414, 439, 415, -1,
      415, 439, 440, -1,
      415, 440, 416, -1,
      416, 440, 441, -1,
      416, 441, 417, -1,
      417, 441, 442, -1,
      417, 442, 418, -1,
      418, 442, 443, -1,
      418, 443, 419, -1,
      419, 443, 444, -1,
      419, 444, 420, -1,
      420, 444, 445, -1,
      420, 445, 421, -1,
      421, 445, 446, -1,
      421, 446, 422, -1,
      422, 446, 447, -1,
      422, 447, 423, -1,
      423, 447, 448, -1,
      423, 448, 424, -1,
      424, 448, 449, -1,
      424, 449, 425, -1,
      425, 449, 450, -1,
      425, 450, 426, -1,
      426, 450, 451, -1,
      426, 451, 427, -1,
      427, 451, 452, -1,
      427, 452, 428, -1,
      428, 452, 453, -1,
      428, 453, 429, -1,
      429, 453, 454, -1,
      429, 454, 430, -1,
      430, 454, 455, -1,
      430, 455, 431, -1,
      431, 455, 456, -1,
      431, 456, 432, -1,
      432, 456, 457, -1,
      432, 457, 433, -1,
      433, 457, 458, -1,
      433, 458, 434, -1,
      434, 458, 459, -1,
      434, 459, 435, -1,
      435, 459, 436, -1,
      459, 460, 436, -1,
      436, 460, 461, -1,
      436, 461, 437, -1,
      437, 461, 462, -1,
      437, 462, 438, -1,
      438, 462, 463, -1,
      438, 463, 439, -1,
      439, 463, 464, -1,
      439, 464, 440, -1,
      440, 464, 465, -1,
      440, 465, 441, -1,
      441, 465, 466, -1,
      441, 466, 442, -1,
      442, 466, 467, -1,
      442, 467, 443, -1,
      443, 467, 468, -1,
      443, 468, 444, -1,
      444, 468, 469, -1,
      444, 469, 445, -1,
      445, 469, 470, -1,
      445, 470, 446, -1,
      446, 470, 471, -1,
      446, 471, 447, -1,
      447, 471, 472, -1,
      447, 472, 448, -1,
      448, 472, 473, -1,
      448, 473, 449, -1,
      449, 473, 474, -1,
      449, 474, 450, -1,
      450, 474, 475, -1,
      450, 475, 451, -1,
      451, 475, 476, -1,
      451, 476, 452, -1,
      452, 476, 477, -1,
      452, 477, 453, -1,
      453, 477, 478, -1,
      453, 478, 454, -1,
      454, 478, 479, -1,
      454, 479, 455, -1,
      455, 479, 480, -1,
      455, 480, 456, -1,
      456, 480, 481, -1,
      456, 481, 457, -1,
      457, 481, 482, -1,
      457, 482, 458, -1,
      458, 482, 483, -1,
      458, 483, 459, -1,
      459, 483, 460, -1,
      483, 484, 460, -1,
      460, 484, 485, -1,
      460, 485, 461, -1,
      461, 485, 486, -1,
      461, 486, 462, -1,
      462, 486, 487, -1,
      462, 487, 463, -1,
      463, 487, 488, -1,
      463, 488, 464, -1,
      464, 488, 489, -1,
      464, 489, 465, -1,
      465, 489, 490, -1,
      465, 490, 466, -1,
      466, 490, 491, -1,
      466, 491, 467, -1,
      467, 491, 492, -1,
      467, 492, 468, -1,
      468, 492, 493, -1,
      468, 493, 469, -1,
      469, 493, 494, -1,
      469, 494, 470, -1,
      470, 494, 495, -1,
      470, 495, 471, -1,
      471, 495, 496, -1,
      471, 496, 472, -1,
      472, 496, 497, -1,
      472, 497, 473, -1,
      473, 497, 498, -1,
      473, 498, 474, -1,
      474, 498, 499, -1,
      474, 499, 475, -1,
      475, 499, 500, -1,
      475, 500, 476, -1,
      476, 500, 501, -1,
      476, 501, 477, -1,
      477, 501, 502, -1,
      477, 502, 478, -1,
      478, 502, 503, -1,
      478, 503, 479, -1,
      479, 503, 504, -1,
      479, 504, 480, -1,
      480, 504, 505, -1,
      480, 505, 481, -1,
      481, 505, 506, -1,
      481, 506, 482, -1,
      482, 506, 507, -1,
      482, 507, 483, -1,
      483, 507, 484, -1,
      507, 508, 484, -1,
      484, 508, 509, -1,
      484, 509, 485, -1,
      485, 509, 510, -1,
      485, 510, 486, -1,
      486, 510, 511, -1,
      486, 511, 487, -1,
      487, 511, 512, -1,
      487, 512, 488, -1,
      488, 512, 513, -1,
      488, 513, 489, -1,
      489, 513, 514, -1,
      489, 514, 490, -1,
      490, 514, 515, -1,
      490, 515, 491, -1,
      491, 515, 516, -1,
      491, 516, 492, -1,
      492, 516, 517, -1,
      492, 517, 493, -1,
      493, 517, 518, -1,
      493, 518, 494, -1,
      494, 518, 519, -1,
      494, 519, 495, -1,
      495, 519, 520, -1,
      495, 520, 496, -1,
      496, 520, 521, -1,
      496, 521, 497, -1,
      497, 521, 522, -1,
      497, 522, 498, -1,
      498, 522, 523, -1,
      498, 523, 499, -1,
      499, 523, 524, -1,
      499, 524, 500, -1,
      500, 524, 525, -1,
      500, 525, 501, -1,
      501, 525, 526, -1,
      501, 526, 502, -1,
      502, 526, 527, -1,
      502, 527, 503, -1,
      503, 527, 528, -1,
      503, 528, 504, -1,
      504, 528, 529, -1,
      504, 529, 505, -1,
      505, 529, 530, -1,
      505, 530, 506, -1,
      506, 530, 531, -1,
      506, 531, 507, -1,
      507, 531, 508, -1,
      531, 170, 508, -1,
      508, 170, 169, -1,
      508, 169, 509, -1,
      509, 169, 176, -1,
      509, 176, 510, -1,
      510, 176, 175, -1,
      510, 175, 511, -1,
      511, 175, 174, -1,
      511, 174, 512, -1,
      512, 174, 179, -1,
      512, 179, 513, -1,
      513, 179, 178, -1,
      513, 178, 514, -1,
      514, 178, 177, -1,
      514, 177, 515, -1,
      515, 177, 182, -1,
      515, 182, 516, -1,
      516, 182, 181, -1,
      516, 181, 517, -1,
      517, 181, 180, -1,
      517, 180, 518, -1,
      518, 180, 185, -1,
      518, 185, 519, -1,
      519, 185, 184, -1,
      519, 184, 520, -1,
      520, 184, 183, -1,
      520, 183, 521, -1,
      521, 183, 188, -1,
      521, 188, 522, -1,
      522, 188, 187, -1,
      522, 187, 523, -1,
      523, 187, 186, -1,
      523, 186, 524, -1,
      524, 186, 191, -1,
      524, 191, 525, -1,
      525, 191, 190, -1,
      525, 190, 526, -1,
      526, 190, 189, -1,
      526, 189, 527, -1,
      527, 189, 193, -1,
      527, 193, 528, -1,
      528, 193, 192, -1,
      528, 192, 529, -1,
      529, 192, 173, -1,
      529, 173, 530, -1,
      530, 173, 172, -1,
      530, 172, 531, -1,
      531, 172, 170, -1,
      123, 532, 124, -1,
      124, 532, 533, -1,
      124, 533, 143, -1,
      143, 533, 534, -1,
      143, 534, 144, -1,
      144, 534, 535, -1,
      144, 535, 140, -1,
      140, 535, 536, -1,
      140, 536, 141, -1,
      141, 536, 537, -1,
      141, 537, 142, -1,
      142, 537, 538, -1,
      142, 538, 137, -1,
      137, 538, 539, -1,
      137, 539, 138, -1,
      138, 539, 540, -1,
      138, 540, 139, -1,
      139, 540, 541, -1,
      139, 541, 134, -1,
      134, 541, 542, -1,
      134, 542, 135, -1,
      135, 542, 543, -1,
      135, 543, 136, -1,
      136, 543, 544, -1,
      136, 544, 131, -1,
      131, 544, 545, -1,
      131, 545, 132, -1,
      132, 545, 546, -1,
      132, 546, 133, -1,
      133, 546, 547, -1,
      133, 547, 128, -1,
      128, 547, 548, -1,
      128, 548, 129, -1,
      129, 548, 549, -1,
      129, 549, 130, -1,
      130, 549, 550, -1,
      130, 550, 125, -1,
      125, 550, 551, -1,
      125, 551, 126, -1,
      126, 551, 552, -1,
      126, 552, 127, -1,
      127, 552, 553, -1,
      127, 553, 120, -1,
      120, 553, 554, -1,
      120, 554, 121, -1,
      121, 554, 555, -1,
      121, 555, 123, -1,
      123, 555, 532, -1,
      555, 556, 532, -1,
      532, 556, 557, -1,
      532, 557, 533, -1,
      533, 557, 558, -1,
      533, 558, 534, -1,
      534, 558, 559, -1,
      534, 559, 535, -1,
      535, 559, 560, -1,
      535, 560, 536, -1,
      536, 560, 561, -1,
      536, 561, 537, -1,
      537, 561, 562, -1,
      537, 562, 538, -1,
      538, 562, 563, -1,
      538, 563, 539, -1,
      539, 563, 564, -1,
      539, 564, 540, -1,
      540, 564, 565, -1,
      540, 565, 541, -1,
      541, 565, 566, -1,
      541, 566, 542, -1,
      542, 566, 567, -1,
      542, 567, 543, -1,
      543, 567, 568, -1,
      543, 568, 544, -1,
      544, 568, 569, -1,
      544, 569, 545, -1,
      545, 569, 570, -1,
      545, 570, 546, -1,
      546, 570, 571, -1,
      546, 571, 547, -1,
      547, 571, 572, -1,
      547, 572, 548, -1,
      548, 572, 573, -1,
      548, 573, 549, -1,
      549, 573, 574, -1,
      549, 574, 550, -1,
      550, 574, 575, -1,
      550, 575, 551, -1,
      551, 575, 576, -1,
      551, 576, 552, -1,
      552, 576, 577, -1,
      552, 577, 553, -1,
      553, 577, 578, -1,
      553, 578, 554, -1,
      554, 578, 579, -1,
      554, 579, 555, -1,
      555, 579, 556, -1,
      579, 580, 556, -1,
      556, 580, 581, -1,
      556, 581, 557, -1,
      557, 581, 582, -1,
      557, 582, 558, -1,
      558, 582, 583, -1,
      558, 583, 559, -1,
      559, 583, 584, -1,
      559, 584, 560, -1,
      560, 584, 585, -1,
      560, 585, 561, -1,
      561, 585, 586, -1,
      561, 586, 562, -1,
      562, 586, 587, -1,
      562, 587, 563, -1,
      563, 587, 588, -1,
      563, 588, 564, -1,
      564, 588, 589, -1,
      564, 589, 565, -1,
      565, 589, 590, -1,
      565, 590, 566, -1,
      566, 590, 591, -1,
      566, 591, 567, -1,
      567, 591, 592, -1,
      567, 592, 568, -1,
      568, 592, 593, -1,
      568, 593, 569, -1,
      569, 593, 594, -1,
      569, 594, 570, -1,
      570, 594, 595, -1,
      570, 595, 571, -1,
      571, 595, 596, -1,
      571, 596, 572, -1,
      572, 596, 597, -1,
      572, 597, 573, -1,
      573, 597, 598, -1,
      573, 598, 574, -1,
      574, 598, 599, -1,
      574, 599, 575, -1,
      575, 599, 600, -1,
      575, 600, 576, -1,
      576, 600, 601, -1,
      576, 601, 577, -1,
      577, 601, 602, -1,
      577, 602, 578, -1,
      578, 602, 603, -1,
      578, 603, 579, -1,
      579, 603, 580, -1,
      603, 604, 580, -1,
      580, 604, 605, -1,
      580, 605, 581, -1,
      581, 605, 606, -1,
      581, 606, 582, -1,
      582, 606, 607, -1,
      582, 607, 583, -1,
      583, 607, 608, -1,
      583, 608, 584, -1,
      584, 608, 609, -1,
      584, 609, 585, -1,
      585, 609, 610, -1,
      585, 610, 586, -1,
      586, 610, 611, -1,
      586, 611, 587, -1,
      587, 611, 612, -1,
      587, 612, 588, -1,
      588, 612, 613, -1,
      588, 613, 589, -1,
      589, 613, 614, -1,
      589, 614, 590, -1,
      590, 614, 615, -1,
      590, 615, 591, -1,
      591, 615, 616, -1,
      591, 616, 592, -1,
      592, 616, 617, -1,
      592, 617, 593, -1,
      593, 617, 618, -1,
      593, 618, 594, -1,
      594, 618, 619, -1,
      594, 619, 595, -1,
      595, 619, 620, -1,
      595, 620, 596, -1,
      596, 620, 621, -1,
      596, 621, 597, -1,
      597, 621, 622, -1,
      597, 622, 598, -1,
      598, 622, 623, -1,
      598, 623, 599, -1,
      599, 623, 624, -1,
      599, 624, 600, -1,
      600, 624, 625, -1,
      600, 625, 601, -1,
      601, 625, 626, -1,
      601, 626, 602, -1,
      602, 626, 627, -1,
      602, 627, 603, -1,
      603, 627, 604, -1,
      627, 628, 604, -1,
      604, 628, 629, -1,
      604, 629, 605, -1,
      605, 629, 630, -1,
      605, 630, 606, -1,
      606, 630, 631, -1,
      606, 631, 607, -1,
      607, 631, 632, -1,
      607, 632, 608, -1,
      608, 632, 633, -1,
      608, 633, 609, -1,
      609, 633, 634, -1,
      609, 634, 610, -1,
      610, 634, 635, -1,
      610, 635, 611, -1,
      611, 635, 636, -1,
      611, 636, 612, -1,
      612, 636, 637, -1,
      612, 637, 613, -1,
      613, 637, 638, -1,
      613, 638, 614, -1,
      614, 638, 639, -1,
      614, 639, 615, -1,
      615, 639, 640, -1,
      615, 640, 616, -1,
      616, 640, 641, -1,
      616, 641, 617, -1,
      617, 641, 642, -1,
      617, 642, 618, -1,
      618, 642, 643, -1,
      618, 643, 619, -1,
      619, 643, 644, -1,
      619, 644, 620, -1,
      620, 644, 645, -1,
      620, 645, 621, -1,
      621, 645, 646, -1,
      621, 646, 622, -1,
      622, 646, 647, -1,
      622, 647, 623, -1,
      623, 647, 648, -1,
      623, 648, 624, -1,
      624, 648, 649, -1,
      624, 649, 625, -1,
      625, 649, 650, -1,
      625, 650, 626, -1,
      626, 650, 651, -1,
      626, 651, 627, -1,
      627, 651, 628, -1,
      651, 106, 628, -1,
      628, 106, 105, -1,
      628, 105, 629, -1,
      629, 105, 104, -1,
      629, 104, 630, -1,
      630, 104, 103, -1,
      630, 103, 631, -1,
      631, 103, 102, -1,
      631, 102, 632, -1,
      632, 102, 101, -1,
      632, 101, 633, -1,
      633, 101, 100, -1,
      633, 100, 634, -1,
      634, 100, 99, -1,
      634, 99, 635, -1,
      635, 99, 98, -1,
      635, 98, 636, -1,
      636, 98, 97, -1,
      636, 97, 637, -1,
      637, 97, 96, -1,
      637, 96, 638, -1,
      638, 96, 119, -1,
      638, 119, 639, -1,
      639, 119, 118, -1,
      639, 118, 640, -1,
      640, 118, 117, -1,
      640, 117, 641, -1,
      641, 117, 116, -1,
      641, 116, 642, -1,
      642, 116, 115, -1,
      642, 115, 643, -1,
      643, 115, 114, -1,
      643, 114, 644, -1,
      644, 114, 113, -1,
      644, 113, 645, -1,
      645, 113, 112, -1,
      645, 112, 646, -1,
      646, 112, 111, -1,
      646, 111, 647, -1,
      647, 111, 110, -1,
      647, 110, 648, -1,
      648, 110, 109, -1,
      648, 109, 649, -1,
      649, 109, 108, -1,
      649, 108, 650, -1,
      650, 108, 107, -1,
      650, 107, 651, -1,
      651, 107, 106, -1,
      266, 652, 243, -1,
      243, 652, 653, -1,
      243, 653, 244, -1,
      244, 653, 654, -1,
      244, 654, 245, -1,
      245, 654, 655, -1,
      245, 655, 246, -1,
      246, 655, 656, -1,
      246, 656, 247, -1,
      247, 656, 657, -1,
      247, 657, 248, -1,
      248, 657, 658, -1,
      248, 658, 249, -1,
      249, 658, 659, -1,
      249, 659, 250, -1,
      250, 659, 660, -1,
      250, 660, 251, -1,
      251, 660, 661, -1,
      251, 661, 252, -1,
      252, 661, 662, -1,
      252, 662, 253, -1,
      253, 662, 663, -1,
      253, 663, 254, -1,
      254, 663, 664, -1,
      254, 664, 255, -1,
      255, 664, 665, -1,
      255, 665, 256, -1,
      256, 665, 666, -1,
      256, 666, 257, -1,
      257, 666, 667, -1,
      257, 667, 258, -1,
      258, 667, 668, -1,
      258, 668, 259, -1,
      259, 668, 669, -1,
      259, 669, 260, -1,
      260, 669, 670, -1,
      260, 670, 261, -1,
      261, 670, 671, -1,
      261, 671, 262, -1,
      262, 671, 672, -1,
      262, 672, 263, -1,
      263, 672, 673, -1,
      263, 673, 264, -1,
      264, 673, 674, -1,
      264, 674, 265, -1,
      265, 674, 675, -1,
      265, 675, 266, -1,
      266, 675, 652, -1,
      675, 676, 652, -1,
      652, 676, 677, -1,
      652, 677, 653, -1,
      653, 677, 678, -1,
      653, 678, 654, -1,
      654, 678, 679, -1,
      654, 679, 655, -1,
      655, 679, 680, -1,
      655, 680, 656, -1,
      656, 680, 681, -1,
      656, 681, 657, -1,
      657, 681, 682, -1,
      657, 682, 658, -1,
      658, 682, 683, -1,
      658, 683, 659, -1,
      659, 683, 684, -1,
      659, 684, 660, -1,
      660, 684, 685, -1,
      660, 685, 661, -1,
      661, 685, 686, -1,
      661, 686, 662, -1,
      662, 686, 687, -1,
      662, 687, 663, -1,
      663, 687, 688, -1,
      663, 688, 664, -1,
      664, 688, 689, -1,
      664, 689, 665, -1,
      665, 689, 690, -1,
      665, 690, 666, -1,
      666, 690, 691, -1,
      666, 691, 667, -1,
      667, 691, 692, -1,
      667, 692, 668, -1,
      668, 692, 693, -1,
      668, 693, 669, -1,
      669, 693, 694, -1,
      669, 694, 670, -1,
      670, 694, 695, -1,
      670, 695, 671, -1,
      671, 695, 696, -1,
      671, 696, 672, -1,
      672, 696, 697, -1,
      672, 697, 673, -1,
      673, 697, 698, -1,
      673, 698, 674, -1,
      674, 698, 699, -1,
      674, 699, 675, -1,
      675, 699, 676, -1,
      699, 700, 676, -1,
      676, 700, 701, -1,
      676, 701, 677, -1,
      677, 701, 702, -1,
      677, 702, 678, -1,
      678, 702, 703, -1,
      678, 703, 679, -1,
      679, 703, 704, -1,
      679, 704, 680, -1,
      680, 704, 705, -1,
      680, 705, 681, -1,
      681, 705, 706, -1,
      681, 706, 682, -1,
      682, 706, 707, -1,
      682, 707, 683, -1,
      683, 707, 708, -1,
      683, 708, 684, -1,
      684, 708, 709, -1,
      684, 709, 685, -1,
      685, 709, 710, -1,
      685, 710, 686, -1,
      686, 710, 711, -1,
      686, 711, 687, -1,
      687, 711, 712, -1,
      687, 712, 688, -1,
      688, 712, 713, -1,
      688, 713, 689, -1,
      689, 713, 714, -1,
      689, 714, 690, -1,
      690, 714, 715, -1,
      690, 715, 691, -1,
      691, 715, 716, -1,
      691, 716, 692, -1,
      692, 716, 717, -1,
      692, 717, 693, -1,
      693, 717, 718, -1,
      693, 718, 694, -1,
      694, 718, 719, -1,
      694, 719, 695, -1,
      695, 719, 720, -1,
      695, 720, 696, -1,
      696, 720, 721, -1,
      696, 721, 697, -1,
      697, 721, 722, -1,
      697, 722, 698, -1,
      698, 722, 723, -1,
      698, 723, 699, -1,
      699, 723, 700, -1,
      723, 724, 700, -1,
      700, 724, 725, -1,
      700, 725, 701, -1,
      701, 725, 726, -1,
      701, 726, 702, -1,
      702, 726, 727, -1,
      702, 727, 703, -1,
      703, 727, 728, -1,
      703, 728, 704, -1,
      704, 728, 729, -1,
      704, 729, 705, -1,
      705, 729, 730, -1,
      705, 730, 706, -1,
      706, 730, 731, -1,
      706, 731, 707, -1,
      707, 731, 732, -1,
      707, 732, 708, -1,
      708, 732, 733, -1,
      708, 733, 709, -1,
      709, 733, 734, -1,
      709, 734, 710, -1,
      710, 734, 735, -1,
      710, 735, 711, -1,
      711, 735, 736, -1,
      711, 736, 712, -1,
      712, 736, 737, -1,
      712, 737, 713, -1,
      713, 737, 738, -1,
      713, 738, 714, -1,
      714, 738, 739, -1,
      714, 739, 715, -1,
      715, 739, 740, -1,
      715, 740, 716, -1,
      716, 740, 741, -1,
      716, 741, 717, -1,
      717, 741, 742, -1,
      717, 742, 718, -1,
      718, 742, 743, -1,
      718, 743, 719, -1,
      719, 743, 744, -1,
      719, 744, 720, -1,
      720, 744, 745, -1,
      720, 745, 721, -1,
      721, 745, 746, -1,
      721, 746, 722, -1,
      722, 746, 747, -1,
      722, 747, 723, -1,
      723, 747, 724, -1,
      747, 748, 724, -1,
      724, 748, 749, -1,
      724, 749, 725, -1,
      725, 749, 750, -1,
      725, 750, 726, -1,
      726, 750, 751, -1,
      726, 751, 727, -1,
      727, 751, 752, -1,
      727, 752, 728, -1,
      728, 752, 753, -1,
      728, 753, 729, -1,
      729, 753, 754, -1,
      729, 754, 730, -1,
      730, 754, 755, -1,
      730, 755, 731, -1,
      731, 755, 756, -1,
      731, 756, 732, -1,
      732, 756, 757, -1,
      732, 757, 733, -1,
      733, 757, 758, -1,
      733, 758, 734, -1,
      734, 758, 759, -1,
      734, 759, 735, -1,
      735, 759, 760, -1,
      735, 760, 736, -1,
      736, 760, 761, -1,
      736, 761, 737, -1,
      737, 761, 762, -1,
      737, 762, 738, -1,
      738, 762, 763, -1,
      738, 763, 739, -1,
      739, 763, 764, -1,
      739, 764, 740, -1,
      740, 764, 765, -1,
      740, 765, 741, -1,
      741, 765, 766, -1,
      741, 766, 742, -1,
      742, 766, 767, -1,
      742, 767, 743, -1,
      743, 767, 768, -1,
      743, 768, 744, -1,
      744, 768, 769, -1,
      744, 769, 745, -1,
      745, 769, 770, -1,
      745, 770, 746, -1,
      746, 770, 771, -1,
      746, 771, 747, -1,
      747, 771, 748, -1,
      771, 268, 748, -1,
      748, 268, 267, -1,
      748, 267, 749, -1,
      749, 267, 274, -1,
      749, 274, 750, -1,
      750, 274, 273, -1,
      750, 273, 751, -1,
      751, 273, 272, -1,
      751, 272, 752, -1,
      752, 272, 277, -1,
      752, 277, 753, -1,
      753, 277, 276, -1,
      753, 276, 754, -1,
      754, 276, 275, -1,
      754, 275, 755, -1,
      755, 275, 280, -1,
      755, 280, 756, -1,
      756, 280, 279, -1,
      756, 279, 757, -1,
      757, 279, 278, -1,
      757, 278, 758, -1,
      758, 278, 283, -1,
      758, 283, 759, -1,
      759, 283, 282, -1,
      759, 282, 760, -1,
      760, 282, 281, -1,
      760, 281, 761, -1,
      761, 281, 286, -1,
      761, 286, 762, -1,
      762, 286, 285, -1,
      762, 285, 763, -1,
      763, 285, 284, -1,
      763, 284, 764, -1,
      764, 284, 289, -1,
      764, 289, 765, -1,
      765, 289, 288, -1,
      765, 288, 766, -1,
      766, 288, 287, -1,
      766, 287, 767, -1,
      767, 287, 291, -1,
      767, 291, 768, -1,
      768, 291, 290, -1,
      768, 290, 769, -1,
      769, 290, 271, -1,
      769, 271, 770, -1,
      770, 271, 270, -1,
      770, 270, 771, -1,
      771, 270, 268, -1,
    ]
  }
}
