#VRML V2.0 utf8

Shape {
  appearance Appearance {
    material Material {
      diffuseColor 1.0000 1.0000 1.0000
      specularColor 0.5020 0.5020 0.5020
      ambientIntensity 0.2
      transparency 0.0000
      shininess 0.5
    }
  }
  geometry IndexedFaceSet {
    ccw TRUE
    solid FALSE
    coord DEF co Coordinate {
      point [
        -0.335843 0.511811 0.033193,
        -0.337185 0.511811 0.036302,
        -0.335552 0.511811 0.040544,
        -0.312558 0.511811 0.074493,
        -0.309641 0.511811 0.074235,
        -0.314513 0.511811 0.074235,
        -0.299036 0.511811 0.079811,
        -0.298551 0.511811 0.081092,
        -0.298551 0.511811 0.074235,
        -0.306576 0.511811 0.098601,
        -0.306938 0.511811 0.098642,
        -0.298551 0.511811 0.098642,
        -0.314513 0.511811 0.098346,
        -0.314513 0.511811 0.098642,
        -0.313569 0.511811 0.098642,
        -0.287184 0.511811 0.098749,
        -0.287183 0.511811 0.098642,
        -0.297116 0.511811 0.098642,
        -0.371335 0.511811 0.098152,
        -0.380251 0.511811 0.074235,
        -0.387893 0.511811 0.074235,
        -0.261344 0.511811 0.071429,
        -0.262938 0.511811 0.067367,
        -0.273891 0.511811 0.067367,
        -0.194957 0.511811 0.059963,
        -0.215898 0.511811 0.059963,
        -0.216806 0.511811 0.060430,
        -0.155984 0.511811 0.057929,
        -0.155747 0.511811 0.059963,
        -0.118110 0.511811 0.049213,
        -0.155264 0.511811 0.066263,
        -0.155469 0.511811 0.067367,
        0.433071 0.511811 0.067367,
        -0.238265 0.511811 0.096660,
        -0.243891 0.511811 0.090049,
        -0.273891 0.511811 0.098642,
        -0.247391 0.511811 0.083103,
        -0.248221 0.511811 0.082818,
        -0.222372 0.511811 0.104863,
        -0.229144 0.511811 0.102370,
        -0.273891 0.511811 0.102370,
        -0.230900 0.511811 0.101724,
        -0.235382 0.511811 0.098642,
        -0.215101 0.511811 0.105706,
        -0.273891 0.511811 0.137795,
        -0.206649 0.511811 0.104726,
        0.433071 0.511811 0.137795,
        -0.200407 0.511811 0.102370,
        0.433071 0.511811 0.102370,
        -0.198752 0.511811 0.101746,
        0.433071 0.511811 0.098642,
        -0.193910 0.511811 0.098642,
        -0.194560 0.511811 0.099191,
        -0.176331 0.511811 0.091315,
        -0.183067 0.511811 0.092099,
        -0.190522 0.511811 0.095782,
        -0.185030 0.511811 0.091978,
        -0.186993 0.511811 0.091730,
        -0.163369 0.511811 0.084041,
        -0.164528 0.511811 0.085122,
        -0.169987 0.511811 0.088903,
        0.433071 0.511811 0.074235,
        -0.156455 0.511811 0.072674,
        -0.157160 0.511811 0.074235,
        -0.159224 0.511811 0.078803,
        -0.229951 0.511811 0.046899,
        -0.231126 0.511811 0.047354,
        -0.233202 0.511811 0.057073,
        0.433071 0.511811 0.000000,
        0.118110 0.511811 0.000000,
        0.433071 0.511811 0.059963,
        0.118110 0.511811 0.049213,
        -0.228896 0.511811 0.046162,
        -0.155204 0.511811 0.064628,
        0.433071 0.511811 0.060430,
        -0.155693 0.511811 0.060430,
        -0.273891 0.511811 0.060430,
        -0.264052 0.511811 0.059963,
        -0.273891 0.511811 0.059963,
        -0.263314 0.511811 0.054526,
        -0.167541 0.511811 0.041381,
        -0.162245 0.511811 0.045962,
        -0.118110 0.511811 0.000000,
        -0.232451 0.511811 0.047514,
        -0.232617 0.511811 0.047501,
        -0.233128 0.511811 0.047383,
        -0.261131 0.511811 0.049134,
        -0.257706 0.511811 0.044431,
        -0.273891 0.511811 0.000000,
        -0.158387 0.511811 0.051554,
        -0.250017 0.511811 0.051504,
        -0.251915 0.511811 0.054153,
        -0.253115 0.511811 0.057188,
        -0.231539 0.511811 0.059963,
        -0.187313 0.511811 0.026612,
        -0.183383 0.511811 0.028293,
        -0.180059 0.511811 0.030833,
        -0.177540 0.511811 0.033985,
        -0.175849 0.511811 0.037668,
        -0.173691 0.511811 0.038330,
        -0.233474 0.511811 0.047336,
        -0.241159 0.511811 0.047281,
        -0.244242 0.511811 0.047851,
        -0.253033 0.511811 0.040532,
        -0.247805 0.511811 0.038019,
        -0.242110 0.511811 0.036856,
        -0.227119 0.511811 0.042257,
        -0.227167 0.511811 0.042931,
        -0.209203 0.511811 0.044605,
        -0.227519 0.511811 0.044228,
        -0.228184 0.511811 0.045389,
        -0.208050 0.511811 0.036894,
        -0.205998 0.511811 0.033105,
        -0.203371 0.511811 0.030203,
        -0.199954 0.511811 0.027858,
        -0.247264 0.511811 0.049229,
        -0.249801 0.511811 0.051276,
        -0.232034 0.511811 0.036928,
        -0.231073 0.511811 0.037090,
        -0.229946 0.511811 0.037543,
        -0.228844 0.511811 0.038338,
        -0.228450 0.511811 0.038745,
        -0.227714 0.511811 0.039823,
        -0.227272 0.511811 0.040984,
        -0.209083 0.511811 0.041102,
        -0.209191 0.511811 0.042897,
        -0.196135 0.511811 0.026421,
        -0.191991 0.511811 0.025940,
        -0.191341 0.511811 0.025956,
        -0.253478 0.511811 0.059963,
        -0.253539 0.511811 0.060430,
        -0.231270 0.511811 0.060430,
        -0.253550 0.511811 0.060515,
        -0.166673 0.511811 0.060430,
        -0.166154 0.511811 0.062243,
        -0.227972 0.511811 0.066162,
        -0.165966 0.511811 0.064894,
        -0.166289 0.511811 0.067367,
        -0.253475 0.511811 0.062030,
        -0.252692 0.511811 0.065315,
        -0.251601 0.511811 0.067367,
        -0.198421 0.511811 0.059078,
        -0.202032 0.511811 0.057111,
        -0.205002 0.511811 0.054369,
        -0.184365 0.511811 0.058374,
        -0.188147 0.511811 0.059792,
        -0.166807 0.511811 0.059963,
        -0.189623 0.511811 0.059963,
        -0.192235 0.511811 0.060267,
        -0.194306 0.511811 0.060130,
        -0.167353 0.511811 0.058056,
        -0.178011 0.511811 0.052762,
        -0.180856 0.511811 0.055971,
        -0.169353 0.511811 0.054600,
        -0.172392 0.511811 0.051431,
        -0.176101 0.511811 0.049109,
        -0.238957 0.511811 0.073940,
        -0.167997 0.511811 0.072828,
        -0.166506 0.511811 0.069030,
        -0.240324 0.511811 0.073931,
        -0.251121 0.511811 0.068270,
        -0.249181 0.511811 0.070465,
        -0.246546 0.511811 0.072335,
        -0.243574 0.511811 0.073506,
        -0.235339 0.511811 0.084242,
        -0.231515 0.511811 0.088868,
        -0.192198 0.511811 0.079225,
        -0.231106 0.511811 0.089246,
        -0.226332 0.511811 0.092612,
        -0.194848 0.511811 0.084612,
        -0.168992 0.511811 0.074235,
        -0.191006 0.511811 0.079889,
        -0.238895 0.511811 0.074235,
        -0.237939 0.511811 0.078723,
        -0.187188 0.511811 0.081321,
        -0.183165 0.511811 0.081851,
        -0.181369 0.511811 0.081769,
        -0.198711 0.511811 0.089160,
        -0.220991 0.511811 0.094703,
        -0.203308 0.511811 0.092469,
        -0.215199 0.511811 0.095457,
        -0.208902 0.511811 0.094691,
        -0.177147 0.511811 0.080795,
        -0.173329 0.511811 0.078798,
        -0.170390 0.511811 0.076212,
        -0.263396 0.511811 0.066198,
        -0.264140 0.511811 0.060611,
        -0.264115 0.511811 0.060430,
        -0.253286 0.511811 0.080261,
        -0.257892 0.511811 0.076311,
        -0.273891 0.511811 0.074235,
        -0.259360 0.511811 0.074235,
        -0.381201 0.511811 0.058511,
        -0.387893 0.511811 0.059963,
        -0.378309 0.511811 0.059590,
        -0.375137 0.511811 0.059963,
        -0.365363 0.511811 0.000000,
        -0.387893 0.511811 0.000000,
        -0.378278 0.511811 0.036462,
        -0.386468 0.511811 0.043573,
        -0.385194 0.511811 0.041139,
        -0.383703 0.511811 0.056776,
        -0.384560 0.511811 0.055925,
        -0.386028 0.511811 0.053815,
        -0.383579 0.511811 0.039302,
        -0.381030 0.511811 0.037506,
        -0.386896 0.511811 0.051513,
        -0.387265 0.511811 0.048228,
        -0.387138 0.511811 0.046322,
        -0.374228 0.511811 0.036003,
        -0.367622 0.511811 0.036050,
        -0.365363 0.511811 0.059963,
        -0.367791 0.511811 0.059963,
        -0.365363 0.511811 0.060430,
        -0.367792 0.511811 0.060070,
        -0.374644 0.511811 0.060021,
        -0.387893 0.511811 0.060430,
        -0.362707 0.511811 0.059963,
        -0.362689 0.511811 0.057343,
        -0.361933 0.511811 0.046909,
        -0.361952 0.511811 0.049660,
        -0.358083 0.511811 0.049688,
        -0.358083 0.511811 0.000000,
        -0.363084 0.511811 0.036082,
        -0.363104 0.511811 0.038820,
        -0.358083 0.511811 0.038856,
        -0.358083 0.511811 0.046937,
        -0.353343 0.511811 0.046970,
        -0.353285 0.511811 0.038890,
        -0.358083 0.511811 0.057376,
        -0.353417 0.511811 0.057409,
        -0.353362 0.511811 0.049721,
        -0.362708 0.511811 0.060106,
        -0.358083 0.511811 0.060430,
        -0.335552 0.511811 0.060430,
        -0.350336 0.511811 0.060194,
        -0.358083 0.511811 0.060139,
        -0.335552 0.511811 0.048704,
        -0.338333 0.511811 0.040519,
        -0.339149 0.511811 0.040489,
        -0.338691 0.511811 0.039104,
        -0.338771 0.511811 0.039104,
        -0.338913 0.511811 0.039690,
        -0.335552 0.511811 0.059963,
        -0.343926 0.511811 0.053374,
        -0.350334 0.511811 0.059963,
        -0.347045 0.511811 0.053352,
        -0.350165 0.511811 0.036173,
        -0.339119 0.511811 0.033661,
        -0.337738 0.511811 0.031018,
        -0.336628 0.511811 0.029703,
        -0.336422 0.511811 0.029517,
        -0.335552 0.511811 0.028918,
        -0.317307 0.511811 0.037008,
        -0.317330 0.511811 0.040115,
        -0.314513 0.511811 0.059963,
        -0.314513 0.511811 0.000000,
        -0.318831 0.511811 0.000000,
        -0.318831 0.511811 0.036452,
        -0.317411 0.511811 0.048932,
        -0.317537 0.511811 0.050007,
        -0.317531 0.511811 0.047763,
        -0.317857 0.511811 0.046842,
        -0.318831 0.511811 0.039264,
        -0.318831 0.511811 0.045628,
        -0.318365 0.511811 0.039453,
        -0.318733 0.511811 0.045694,
        -0.318245 0.511811 0.046212,
        -0.319327 0.511811 0.036271,
        -0.327936 0.511811 0.043835,
        -0.328492 0.511811 0.043002,
        -0.328165 0.511811 0.050194,
        -0.328806 0.511811 0.042113,
        -0.328923 0.511811 0.040991,
        -0.319365 0.511811 0.052578,
        -0.320191 0.511811 0.053070,
        -0.318831 0.511811 0.059963,
        -0.317902 0.511811 0.050973,
        -0.318467 0.511811 0.051783,
        -0.318831 0.511811 0.052106,
        -0.321828 0.511811 0.053663,
        -0.324127 0.511811 0.053907,
        -0.329752 0.511811 0.059963,
        -0.326043 0.511811 0.053741,
        -0.328186 0.511811 0.053117,
        -0.328771 0.511811 0.039783,
        -0.329752 0.511811 0.000000,
        -0.328395 0.511811 0.038832,
        -0.327828 0.511811 0.038043,
        -0.326962 0.511811 0.037296,
        -0.326078 0.511811 0.036779,
        -0.324433 0.511811 0.036214,
        -0.321955 0.511811 0.035968,
        -0.323815 0.511811 0.051466,
        -0.322924 0.511811 0.051406,
        -0.320513 0.511811 0.049180,
        -0.322117 0.511811 0.051198,
        -0.321440 0.511811 0.050844,
        -0.320538 0.511811 0.048780,
        -0.320654 0.511811 0.048312,
        -0.320868 0.511811 0.047904,
        -0.321159 0.511811 0.047579,
        -0.322215 0.511811 0.046909,
        -0.325920 0.511811 0.051194,
        -0.324071 0.511811 0.046085,
        -0.327617 0.511811 0.050521,
        -0.325233 0.511811 0.045606,
        -0.327223 0.511811 0.044480,
        -0.320983 0.511811 0.050446,
        -0.320722 0.511811 0.050065,
        -0.320571 0.511811 0.049660,
        -0.320239 0.511811 0.038693,
        -0.321931 0.511811 0.043914,
        -0.320144 0.511811 0.044749,
        -0.322267 0.511811 0.038422,
        -0.322400 0.511811 0.038422,
        -0.323901 0.511811 0.043073,
        -0.323943 0.511811 0.038584,
        -0.325832 0.511811 0.040718,
        -0.325806 0.511811 0.041093,
        -0.324722 0.511811 0.038863,
        -0.324997 0.511811 0.039027,
        -0.325344 0.511811 0.039331,
        -0.325610 0.511811 0.039718,
        -0.325766 0.511811 0.040144,
        -0.325672 0.511811 0.041563,
        -0.325442 0.511811 0.041964,
        -0.325070 0.511811 0.042357,
        -0.387893 0.511811 0.098642,
        -0.365363 0.511811 0.098642,
        -0.368019 0.511811 0.098176,
        -0.358083 0.511811 0.074235,
        -0.358706 0.511811 0.074235,
        -0.365363 0.511811 0.091347,
        -0.358700 0.511811 0.074220,
        -0.358083 0.511811 0.067367,
        -0.362126 0.511811 0.074196,
        -0.365363 0.511811 0.067367,
        -0.362140 0.511811 0.074235,
        -0.365363 0.511811 0.074235,
        -0.365363 0.511811 0.080744,
        -0.364482 0.511811 0.080750,
        -0.374484 0.511811 0.080679,
        -0.376835 0.511811 0.074235,
        -0.376887 0.511811 0.074092,
        -0.380313 0.511811 0.074067,
        -0.387893 0.511811 0.067367,
        -0.332898 0.511811 0.098425,
        -0.335552 0.511811 0.098642,
        -0.329752 0.511811 0.098642,
        -0.329752 0.511811 0.087996,
        -0.332142 0.511811 0.087979,
        -0.332878 0.511811 0.095662,
        -0.333293 0.511811 0.077139,
        -0.332122 0.511811 0.085228,
        -0.329752 0.511811 0.077165,
        -0.329752 0.511811 0.085245,
        -0.323533 0.511811 0.085289,
        -0.323475 0.511811 0.077209,
        -0.329752 0.511811 0.095684,
        -0.323607 0.511811 0.095728,
        -0.323552 0.511811 0.088040,
        -0.320355 0.511811 0.074493,
        -0.318831 0.511811 0.074235,
        -0.329752 0.511811 0.074235,
        -0.335552 0.511811 0.074235,
        -0.333274 0.511811 0.074401,
        -0.329752 0.511811 0.074426,
        -0.318831 0.511811 0.098642,
        -0.320525 0.511811 0.098513,
        -0.329752 0.511811 0.098447,
        -0.287033 0.511811 0.077467,
        -0.296600 0.511811 0.077400,
        -0.297116 0.511811 0.074235,
        -0.296580 0.511811 0.074661,
        -0.283913 0.511811 0.074751,
        -0.297116 0.511811 0.102370,
        -0.284083 0.511811 0.098771,
        -0.284083 0.511811 0.098642,
        -0.315713 0.511811 0.097970,
        -0.315691 0.511811 0.094728,
        -0.309363 0.511811 0.076928,
        -0.310786 0.511811 0.076986,
        -0.314513 0.511811 0.095246,
        -0.313459 0.511811 0.077529,
        -0.314513 0.511811 0.078009,
        -0.315088 0.511811 0.095046,
        -0.315575 0.511811 0.078493,
        -0.303293 0.511811 0.093377,
        -0.302125 0.511811 0.091711,
        -0.301310 0.511811 0.089635,
        -0.303475 0.511811 0.093574,
        -0.312615 0.511811 0.095909,
        -0.310039 0.511811 0.096193,
        -0.300900 0.511811 0.086371,
        -0.300902 0.511811 0.086024,
        -0.301278 0.511811 0.083114,
        -0.303759 0.511811 0.078958,
        -0.305343 0.511811 0.077856,
        -0.307071 0.511811 0.077205,
        -0.309107 0.511811 0.096161,
        -0.307015 0.511811 0.095774,
        -0.305120 0.511811 0.094912,
        -0.302034 0.511811 0.081166,
        -0.303209 0.511811 0.079502,
        -0.310469 0.511811 0.098985,
        -0.313535 0.511811 0.098653,
        -0.314513 0.511811 0.102370,
        -0.304056 0.511811 0.097649,
        -0.299628 0.511811 0.093589,
        -0.301180 0.511811 0.095519,
        -0.301720 0.511811 0.096029,
        -0.298387 0.511811 0.090986,
        -0.298551 0.511811 0.091330,
        -0.298081 0.511811 0.082332,
        -0.297645 0.511811 0.086210,
        -0.297739 0.511811 0.087943,
        -0.304653 0.511811 0.074869,
        -0.302420 0.511811 0.075996,
        -0.307213 0.511811 0.074274,
        -0.300665 0.511811 0.077506,
        -0.300450 0.511811 0.077746,
        -0.308894 0.511811 0.074169,
        -0.314513 0.511811 0.067367,
        -0.307837 0.511811 0.074235,
        -0.298551 0.511811 0.067367,
        -0.315554 0.511811 0.075521,
        -0.315143 0.511811 0.075320,
        -0.314513 0.511811 0.075118,
        -0.286820 0.511811 0.047442,
        -0.286763 0.511811 0.039362,
        -0.295411 0.511811 0.047381,
        -0.296581 0.511811 0.039292,
        -0.295430 0.511811 0.050132,
        -0.283643 0.511811 0.036645,
        -0.286894 0.511811 0.057880,
        -0.286840 0.511811 0.050193,
        -0.296166 0.511811 0.057815,
        -0.296562 0.511811 0.036554,
        -0.297116 0.511811 0.000000,
        -0.297116 0.511811 0.059963,
        -0.296181 0.511811 0.059963,
        -0.296186 0.511811 0.060578,
        -0.296185 0.511811 0.060430,
        -0.297116 0.511811 0.060430,
        -0.297116 0.511811 0.067367,
        -0.283813 0.511811 0.060665,
        -0.283812 0.511811 0.060430,
        -0.283808 0.511811 0.059963,
        -0.330577 0.511811 0.053469,
        -0.333942 0.511811 0.053445,
        -0.358083 0.511811 0.036117,
        -0.335552 0.511811 0.000000,
        -0.335365 0.511811 0.028790,
        -0.331039 0.511811 0.031151,
        -0.331653 0.511811 0.030945,
        -0.334175 0.511811 0.028346,
        -0.332959 0.511811 0.028215,
        -0.331020 0.511811 0.028474,
        -0.332294 0.511811 0.028243,
        -0.334127 0.511811 0.031113,
        -0.334682 0.511811 0.031493,
        -0.333467 0.511811 0.030871,
        -0.332744 0.511811 0.030795,
        -0.335247 0.511811 0.032117,
        -0.335552 0.511811 0.032668,
        -0.433071 0.511811 0.059963,
        -0.421597 0.511811 0.059963,
        -0.433071 0.511811 0.000000,
        -0.421597 0.511811 0.000000,
        -0.406698 0.511811 0.035772,
        -0.404294 0.511811 0.042360,
        -0.394292 0.511811 0.042431,
        -0.391937 0.511811 0.035877,
        -0.388511 0.511811 0.035902,
        -0.397830 0.511811 0.059857,
        -0.401145 0.511811 0.059833,
        -0.410124 0.511811 0.035748,
        -0.421597 0.511811 0.060430,
        -0.433071 0.511811 0.060430,
        -0.421597 0.511811 0.067367,
        -0.421597 0.511811 0.074235,
        -0.433071 0.511811 0.067367,
        -0.433071 0.511811 0.074235,
        -0.421597 0.511811 0.098642,
        -0.433071 0.511811 0.098642,
        -0.348467 0.511811 0.074781,
        -0.344418 0.511811 0.074322,
        -0.344834 0.511811 0.098340,
        -0.358083 0.511811 0.098642,
        -0.348499 0.511811 0.097909,
        -0.351390 0.511811 0.096830,
        -0.337811 0.511811 0.074369,
        -0.337982 0.511811 0.098389,
        -0.356218 0.511811 0.092134,
        -0.357085 0.511811 0.089833,
        -0.357455 0.511811 0.086547,
        -0.357328 0.511811 0.084641,
        -0.356657 0.511811 0.081892,
        -0.355383 0.511811 0.079457,
        -0.353893 0.511811 0.095095,
        -0.354750 0.511811 0.094244,
        -0.353769 0.511811 0.077620,
        -0.351219 0.511811 0.075825,
        -0.318831 0.511811 0.067367,
        -0.329752 0.511811 0.067367,
        -0.335552 0.511811 0.067367,
        -0.318831 0.511811 0.102370,
        -0.329752 0.511811 0.102370,
        -0.335552 0.511811 0.102370,
        -0.358083 0.511811 0.102370,
        -0.365363 0.511811 0.102370,
        -0.387893 0.511811 0.102370,
        -0.421597 0.511811 0.102370,
        -0.433071 0.511811 0.102370,
        -0.300025 0.511811 0.043688,
        -0.300674 0.511811 0.044657,
        -0.301210 0.511811 0.049551,
        -0.310217 0.511811 0.036457,
        -0.298551 0.511811 0.000000,
        -0.313226 0.511811 0.036435,
        -0.311966 0.511811 0.052170,
        -0.312585 0.511811 0.051215,
        -0.313059 0.511811 0.049884,
        -0.313304 0.511811 0.047475,
        -0.301584 0.511811 0.045456,
        -0.302840 0.511811 0.046108,
        -0.303170 0.511811 0.050783,
        -0.305206 0.511811 0.046685,
        -0.307868 0.511811 0.051472,
        -0.306849 0.511811 0.051586,
        -0.305055 0.511811 0.051412,
        -0.308907 0.511811 0.053862,
        -0.310186 0.511811 0.053475,
        -0.311187 0.511811 0.052904,
        -0.300588 0.511811 0.037812,
        -0.300922 0.511811 0.037468,
        -0.301930 0.511811 0.036754,
        -0.299969 0.511811 0.038741,
        -0.299613 0.511811 0.039761,
        -0.299474 0.511811 0.041126,
        -0.301231 0.511811 0.052473,
        -0.302232 0.511811 0.053016,
        -0.298551 0.511811 0.059963,
        -0.304546 0.511811 0.053782,
        -0.307149 0.511811 0.054028,
        -0.299639 0.511811 0.042600,
        -0.310236 0.511811 0.039109,
        -0.310157 0.511811 0.039110,
        -0.306433 0.511811 0.036250,
        -0.304879 0.511811 0.036089,
        -0.303081 0.511811 0.036311,
        -0.310295 0.511811 0.047362,
        -0.310200 0.511811 0.048693,
        -0.309896 0.511811 0.049766,
        -0.309547 0.511811 0.050388,
        -0.309679 0.511811 0.038395,
        -0.308721 0.511811 0.037380,
        -0.307656 0.511811 0.036683,
        -0.309096 0.511811 0.050875,
        -0.308564 0.511811 0.051223,
        -0.298551 0.511811 0.060430,
        -0.314513 0.511811 0.060430,
        -0.318831 0.511811 0.060430,
        -0.329752 0.511811 0.060430,
        -0.298551 0.511811 0.102370,
        -0.310029 0.511811 0.098993,
        -0.297116 0.511811 0.137795,
        -0.298551 0.511811 0.137795,
        -0.314513 0.511811 0.137795,
        -0.318831 0.511811 0.137795,
        -0.329752 0.511811 0.137795,
        -0.335552 0.511811 0.137795,
        -0.358083 0.511811 0.137795,
        -0.365363 0.511811 0.137795,
        -0.387893 0.511811 0.137795,
        -0.421597 0.511811 0.137795,
        -0.433071 0.511811 0.137795,
        0.118110 -0.511811 0.049213,
        0.118110 -0.511811 0.000000,
        0.433071 -0.511811 0.000000,
        -0.361085 -0.511811 0.137795,
        -0.361085 -0.511811 0.000000,
        -0.118110 -0.511811 0.000000,
        -0.118110 -0.511811 0.049213,
        0.433071 -0.511811 0.137795,
        0.511811 0.433071 0.000000,
        0.511811 0.354331 0.000000,
        0.433071 0.354331 0.000000,
        0.138699 0.074584 0.000000,
        0.118110 0.104163 0.000000,
        -0.511811 -0.361085 0.000000,
        -0.511811 -0.354331 0.000000,
        -0.433071 -0.354331 0.000000,
        0.501262 0.472441 0.000000,
        0.488748 0.488748 0.000000,
        0.453450 0.509128 0.000000,
        0.472441 0.501262 0.000000,
        -0.118110 0.104163 0.000000,
        -0.433071 0.354331 0.000000,
        -0.138699 0.074584 0.000000,
        0.511811 -0.354331 0.000000,
        0.511811 -0.433071 0.000000,
        0.433071 -0.354331 0.000000,
        0.509128 -0.453450 0.000000,
        0.501262 -0.472441 0.000000,
        0.488748 -0.488748 0.000000,
        0.472441 -0.501262 0.000000,
        0.453450 -0.509128 0.000000,
        -0.152023 0.041098 0.000000,
        -0.157386 0.005459 0.000000,
        -0.154506 -0.030465 0.000000,
        -0.143533 -0.064793 0.000000,
        -0.125044 -0.095729 0.000000,
        -0.118110 -0.417323 0.000000,
        -0.100006 -0.121650 0.000000,
        -0.069730 -0.141201 0.000000,
        -0.511811 0.354331 0.000000,
        -0.511811 0.433071 0.000000,
        -0.509128 0.453450 0.000000,
        -0.391218 -0.505817 0.000000,
        -0.376447 -0.510298 0.000000,
        -0.404831 -0.498541 0.000000,
        -0.416763 -0.488748 0.000000,
        -0.488748 -0.416763 0.000000,
        0.143533 -0.064793 0.000000,
        0.154506 -0.030465 0.000000,
        0.157386 0.005459 0.000000,
        0.152023 0.041098 0.000000,
        -0.501262 0.472441 0.000000,
        -0.488748 0.488748 0.000000,
        -0.472441 0.501262 0.000000,
        -0.453450 0.509128 0.000000,
        0.509128 0.453450 0.000000,
        -0.501262 -0.400456 0.000000,
        -0.509128 -0.381465 0.000000,
        0.035803 -0.153356 0.000000,
        0.118110 -0.417323 0.000000,
        -0.000000 -0.157480 0.000000,
        -0.035803 -0.153356 0.000000,
        0.069730 -0.141201 0.000000,
        0.100006 -0.121650 0.000000,
        0.125044 -0.095729 0.000000,
        0.511811 0.354331 0.049213,
        0.511811 0.433071 0.137795,
        0.511811 -0.354331 0.049213,
        0.511811 -0.433071 0.137795,
        -0.511811 -0.354331 0.049213,
        -0.511811 -0.361085 0.137795,
        -0.511811 0.354331 0.049213,
        -0.511811 0.433071 0.137795,
        0.180017 -0.350135 0.137795,
        0.127118 -0.372614 0.137795,
        0.384282 -0.085602 0.137795,
        0.367723 -0.140642 0.137795,
        0.229078 -0.320193 0.137795,
        -0.356476 -0.167109 0.137795,
        -0.377008 -0.113425 0.137795,
        0.311613 0.240620 0.137795,
        0.343326 0.192684 0.137795,
        0.367723 0.140642 0.137795,
        0.384282 0.085602 0.137795,
        0.273257 -0.283427 0.137795,
        0.472441 -0.501262 0.137795,
        0.488748 -0.488748 0.137795,
        0.071511 -0.387152 0.137795,
        0.014379 -0.393438 0.137795,
        -0.043059 -0.391339 0.137795,
        -0.099580 -0.380899 0.137795,
        0.392650 0.028738 0.137795,
        0.393701 0.000000 0.137795,
        0.392650 -0.028738 0.137795,
        -0.251840 0.302617 0.137795,
        -0.205094 0.336060 0.137795,
        -0.153978 0.362341 0.137795,
        -0.099580 0.380899 0.137795,
        0.501262 0.472441 0.137795,
        0.488748 0.488748 0.137795,
        0.273257 0.283427 0.137795,
        0.343326 -0.192684 0.137795,
        0.311613 -0.240620 0.137795,
        0.509128 -0.453450 0.137795,
        0.501262 -0.472441 0.137795,
        0.453450 -0.509128 0.137795,
        -0.509128 -0.381465 0.137795,
        -0.293217 -0.262724 0.137795,
        -0.328346 -0.217231 0.137795,
        -0.501262 -0.400456 0.137795,
        -0.488748 -0.416763 0.137795,
        -0.251840 -0.302617 0.137795,
        -0.416763 -0.488748 0.137795,
        -0.404831 -0.498541 0.137795,
        -0.389505 -0.057323 0.137795,
        -0.393701 0.000000 0.137795,
        -0.389505 0.057323 0.137795,
        -0.377008 0.113425 0.137795,
        -0.472441 0.501262 0.137795,
        -0.488748 0.488748 0.137795,
        -0.293217 0.262724 0.137795,
        0.127118 0.372614 0.137795,
        0.180017 0.350135 0.137795,
        0.229078 0.320193 0.137795,
        0.453450 0.509128 0.137795,
        0.472441 0.501262 0.137795,
        -0.153978 -0.362341 0.137795,
        -0.205094 -0.336060 0.137795,
        -0.376447 -0.510298 0.137795,
        -0.391218 -0.505817 0.137795,
        -0.043059 0.391339 0.137795,
        0.014379 0.393438 0.137795,
        0.071511 0.387152 0.137795,
        0.509128 0.453450 0.137795,
        -0.453450 0.509128 0.137795,
        -0.501262 0.472441 0.137795,
        -0.509128 0.453450 0.137795,
        -0.328346 0.217231 0.137795,
        -0.356476 0.167109 0.137795,
      ]
    }
    coordIndex [
      0, 1, 2, -1,
      3, 4, 5, -1,
      6, 7, 8, -1,
      9, 10, 11, -1,
      12, 13, 14, -1,
      15, 16, 17, -1,
      18, 19, 20, -1,
      21, 22, 23, -1,
      24, 25, 26, -1,
      27, 28, 29, -1,
      30, 31, 32, -1,
      33, 34, 35, -1,
      35, 34, 36, -1,
      35, 36, 37, -1,
      38, 39, 40, -1,
      40, 39, 41, -1,
      40, 41, 35, -1,
      35, 41, 42, -1,
      35, 42, 33, -1,
      43, 38, 44, -1,
      43, 44, 45, -1,
      45, 44, 46, -1,
      45, 46, 47, -1,
      47, 46, 48, -1,
      47, 48, 49, -1,
      50, 51, 48, -1,
      48, 51, 52, -1,
      48, 52, 49, -1,
      50, 53, 51, -1,
      51, 53, 54, -1,
      51, 54, 55, -1,
      55, 54, 56, -1,
      55, 56, 57, -1,
      58, 59, 50, -1,
      50, 59, 60, -1,
      50, 60, 53, -1,
      32, 31, 61, -1,
      31, 62, 61, -1,
      61, 62, 63, -1,
      61, 63, 50, -1,
      50, 63, 64, -1,
      50, 64, 58, -1,
      65, 66, 67, -1,
      68, 69, 70, -1,
      70, 69, 71, -1,
      65, 67, 72, -1,
      30, 32, 73, -1,
      73, 32, 74, -1,
      73, 74, 75, -1,
      75, 74, 70, -1,
      75, 70, 28, -1,
      28, 70, 71, -1,
      28, 71, 29, -1,
      76, 77, 78, -1,
      78, 77, 79, -1,
      80, 81, 82, -1,
      66, 83, 67, -1,
      67, 83, 84, -1,
      67, 84, 85, -1,
      86, 87, 88, -1,
      82, 81, 29, -1,
      29, 81, 89, -1,
      29, 89, 27, -1,
      90, 91, 67, -1,
      67, 91, 92, -1,
      67, 92, 93, -1,
      94, 95, 82, -1,
      82, 95, 96, -1,
      82, 96, 97, -1,
      97, 98, 82, -1,
      82, 98, 99, -1,
      82, 99, 80, -1,
      85, 100, 67, -1,
      67, 100, 101, -1,
      67, 101, 102, -1,
      87, 103, 88, -1,
      88, 103, 104, -1,
      88, 104, 105, -1,
      106, 107, 108, -1,
      108, 107, 109, -1,
      108, 109, 67, -1,
      67, 109, 110, -1,
      67, 110, 72, -1,
      111, 112, 88, -1,
      88, 112, 113, -1,
      88, 113, 114, -1,
      102, 115, 67, -1,
      67, 115, 116, -1,
      67, 116, 90, -1,
      105, 117, 88, -1,
      88, 117, 118, -1,
      88, 118, 111, -1,
      118, 119, 111, -1,
      111, 119, 120, -1,
      111, 120, 121, -1,
      121, 122, 111, -1,
      111, 122, 123, -1,
      111, 123, 124, -1,
      124, 123, 106, -1,
      124, 106, 125, -1,
      125, 106, 108, -1,
      114, 126, 88, -1,
      88, 126, 127, -1,
      88, 127, 82, -1,
      82, 127, 128, -1,
      82, 128, 94, -1,
      92, 129, 93, -1,
      93, 129, 130, -1,
      93, 130, 131, -1,
      131, 130, 132, -1,
      133, 26, 134, -1,
      134, 26, 135, -1,
      134, 135, 136, -1,
      136, 135, 137, -1,
      132, 138, 131, -1,
      131, 138, 139, -1,
      131, 139, 135, -1,
      135, 139, 140, -1,
      135, 140, 137, -1,
      24, 141, 25, -1,
      25, 141, 142, -1,
      25, 142, 143, -1,
      144, 145, 146, -1,
      146, 145, 147, -1,
      146, 147, 133, -1,
      133, 147, 148, -1,
      133, 148, 26, -1,
      26, 148, 149, -1,
      26, 149, 24, -1,
      150, 151, 146, -1,
      146, 151, 152, -1,
      146, 152, 144, -1,
      150, 153, 151, -1,
      151, 153, 154, -1,
      151, 154, 155, -1,
      156, 157, 158, -1,
      158, 137, 156, -1,
      156, 137, 140, -1,
      156, 140, 159, -1,
      159, 140, 160, -1,
      160, 161, 159, -1,
      159, 161, 162, -1,
      159, 162, 163, -1,
      164, 165, 166, -1,
      165, 167, 166, -1,
      166, 167, 168, -1,
      166, 168, 169, -1,
      170, 166, 171, -1,
      157, 156, 170, -1,
      170, 156, 172, -1,
      170, 172, 166, -1,
      166, 172, 173, -1,
      166, 173, 164, -1,
      171, 174, 170, -1,
      170, 174, 175, -1,
      170, 175, 176, -1,
      169, 168, 177, -1,
      177, 168, 178, -1,
      177, 178, 179, -1,
      179, 178, 180, -1,
      179, 180, 181, -1,
      182, 183, 176, -1,
      176, 183, 184, -1,
      176, 184, 170, -1,
      185, 186, 76, -1,
      76, 186, 187, -1,
      76, 187, 77, -1,
      37, 188, 35, -1,
      35, 188, 189, -1,
      35, 189, 190, -1,
      190, 189, 191, -1,
      190, 191, 21, -1,
      192, 193, 194, -1,
      194, 193, 195, -1,
      196, 197, 198, -1,
      197, 199, 200, -1,
      192, 201, 193, -1,
      193, 201, 202, -1,
      193, 202, 203, -1,
      200, 204, 197, -1,
      197, 204, 205, -1,
      197, 205, 198, -1,
      203, 206, 193, -1,
      193, 206, 207, -1,
      193, 207, 197, -1,
      197, 207, 208, -1,
      197, 208, 199, -1,
      198, 209, 196, -1,
      196, 209, 210, -1,
      196, 210, 211, -1,
      211, 210, 212, -1,
      211, 212, 213, -1,
      212, 214, 213, -1,
      213, 214, 215, -1,
      213, 215, 216, -1,
      216, 215, 195, -1,
      211, 217, 218, -1,
      219, 211, 220, -1,
      220, 211, 218, -1,
      220, 218, 221, -1,
      222, 196, 223, -1,
      223, 196, 211, -1,
      223, 211, 224, -1,
      224, 211, 219, -1,
      224, 219, 225, -1,
      219, 226, 225, -1,
      225, 226, 227, -1,
      225, 227, 228, -1,
      218, 229, 221, -1,
      221, 229, 230, -1,
      221, 230, 231, -1,
      217, 211, 232, -1,
      232, 211, 213, -1,
      232, 213, 233, -1,
      234, 235, 233, -1,
      233, 235, 236, -1,
      233, 236, 232, -1,
      237, 238, 239, -1,
      240, 241, 238, -1,
      238, 241, 242, -1,
      238, 242, 239, -1,
      243, 244, 245, -1,
      245, 244, 246, -1,
      245, 246, 247, -1,
      247, 246, 248, -1,
      247, 248, 249, -1,
      249, 250, 247, -1,
      247, 250, 251, -1,
      247, 251, 252, -1,
      253, 254, 255, -1,
      256, 257, 258, -1,
      259, 260, 255, -1,
      259, 255, 261, -1,
      261, 255, 254, -1,
      261, 254, 262, -1,
      263, 264, 265, -1,
      265, 264, 266, -1,
      265, 266, 254, -1,
      254, 266, 267, -1,
      254, 267, 262, -1,
      258, 257, 268, -1,
      269, 270, 271, -1,
      271, 270, 272, -1,
      271, 272, 273, -1,
      274, 275, 276, -1,
      260, 277, 255, -1,
      255, 277, 278, -1,
      255, 278, 276, -1,
      276, 278, 279, -1,
      276, 279, 274, -1,
      275, 280, 276, -1,
      276, 280, 281, -1,
      276, 281, 282, -1,
      282, 281, 283, -1,
      282, 283, 284, -1,
      285, 286, 273, -1,
      273, 286, 282, -1,
      273, 282, 271, -1,
      271, 282, 284, -1,
      285, 287, 286, -1,
      286, 287, 288, -1,
      286, 288, 289, -1,
      289, 290, 286, -1,
      286, 290, 291, -1,
      286, 291, 257, -1,
      257, 291, 292, -1,
      257, 292, 268, -1,
      293, 294, 295, -1,
      295, 294, 296, -1,
      295, 296, 297, -1,
      295, 298, 293, -1,
      293, 298, 299, -1,
      293, 299, 300, -1,
      300, 301, 293, -1,
      293, 301, 302, -1,
      293, 302, 303, -1,
      303, 302, 304, -1,
      303, 304, 305, -1,
      305, 304, 306, -1,
      305, 306, 271, -1,
      271, 306, 307, -1,
      271, 307, 269, -1,
      308, 309, 297, -1,
      297, 309, 310, -1,
      297, 310, 295, -1,
      311, 312, 263, -1,
      263, 312, 313, -1,
      263, 313, 264, -1,
      311, 314, 312, -1,
      312, 314, 315, -1,
      312, 315, 316, -1,
      316, 315, 317, -1,
      316, 318, 319, -1,
      317, 320, 316, -1,
      316, 320, 321, -1,
      316, 321, 322, -1,
      322, 323, 316, -1,
      316, 323, 324, -1,
      316, 324, 318, -1,
      319, 325, 316, -1,
      316, 325, 326, -1,
      316, 326, 327, -1,
      328, 329, 18, -1,
      18, 329, 330, -1,
      331, 332, 333, -1,
      334, 335, 336, -1,
      336, 335, 337, -1,
      336, 337, 338, -1,
      337, 339, 338, -1,
      338, 339, 340, -1,
      338, 340, 341, -1,
      342, 340, 343, -1,
      343, 340, 339, -1,
      343, 339, 344, -1,
      344, 339, 337, -1,
      344, 337, 345, -1,
      345, 337, 346, -1,
      345, 346, 19, -1,
      347, 348, 349, -1,
      350, 351, 352, -1,
      352, 351, 353, -1,
      353, 351, 354, -1,
      353, 354, 355, -1,
      354, 356, 355, -1,
      355, 356, 357, -1,
      355, 357, 358, -1,
      352, 359, 350, -1,
      350, 359, 360, -1,
      350, 360, 361, -1,
      362, 363, 364, -1,
      347, 352, 348, -1,
      348, 352, 353, -1,
      348, 353, 365, -1,
      365, 353, 366, -1,
      365, 366, 364, -1,
      364, 366, 367, -1,
      364, 367, 362, -1,
      368, 369, 349, -1,
      349, 369, 370, -1,
      349, 370, 347, -1,
      16, 371, 17, -1,
      17, 371, 372, -1,
      17, 372, 373, -1,
      373, 372, 374, -1,
      373, 374, 375, -1,
      15, 376, 377, -1,
      377, 376, 40, -1,
      377, 40, 378, -1,
      378, 40, 35, -1,
      378, 35, 375, -1,
      375, 35, 190, -1,
      375, 190, 373, -1,
      13, 12, 368, -1,
      368, 12, 379, -1,
      368, 379, 380, -1,
      381, 382, 383, -1,
      382, 384, 383, -1,
      383, 384, 385, -1,
      383, 385, 386, -1,
      386, 385, 387, -1,
      386, 387, 380, -1,
      380, 387, 363, -1,
      380, 363, 368, -1,
      368, 363, 362, -1,
      368, 362, 369, -1,
      388, 389, 383, -1,
      383, 389, 390, -1,
      388, 383, 391, -1,
      391, 383, 392, -1,
      391, 392, 393, -1,
      390, 394, 383, -1,
      383, 394, 395, -1,
      383, 395, 396, -1,
      397, 398, 383, -1,
      383, 398, 399, -1,
      383, 399, 381, -1,
      393, 400, 391, -1,
      391, 400, 401, -1,
      391, 401, 402, -1,
      396, 403, 383, -1,
      383, 403, 404, -1,
      383, 404, 397, -1,
      405, 406, 407, -1,
      407, 406, 14, -1,
      9, 11, 408, -1,
      409, 410, 11, -1,
      11, 410, 411, -1,
      11, 411, 408, -1,
      8, 7, 373, -1,
      17, 412, 11, -1,
      11, 412, 413, -1,
      11, 413, 409, -1,
      7, 414, 373, -1,
      373, 414, 415, -1,
      373, 415, 17, -1,
      17, 415, 416, -1,
      17, 416, 412, -1,
      417, 418, 8, -1,
      417, 8, 419, -1,
      418, 420, 8, -1,
      8, 420, 421, -1,
      8, 421, 6, -1,
      4, 422, 423, -1,
      423, 422, 424, -1,
      423, 424, 425, -1,
      387, 426, 363, -1,
      363, 426, 427, -1,
      363, 427, 5, -1,
      5, 427, 428, -1,
      5, 428, 3, -1,
      429, 430, 431, -1,
      431, 430, 432, -1,
      431, 432, 433, -1,
      434, 78, 88, -1,
      88, 78, 79, -1,
      88, 79, 86, -1,
      435, 436, 437, -1,
      437, 436, 433, -1,
      434, 88, 438, -1,
      438, 88, 439, -1,
      438, 439, 432, -1,
      433, 432, 437, -1,
      437, 432, 440, -1,
      437, 440, 441, -1,
      442, 443, 444, -1,
      444, 443, 441, -1,
      442, 445, 446, -1,
      446, 445, 23, -1,
      446, 23, 447, -1,
      434, 448, 78, -1,
      78, 448, 447, -1,
      78, 447, 76, -1,
      76, 447, 23, -1,
      76, 23, 185, -1,
      185, 23, 22, -1,
      243, 282, 449, -1,
      239, 244, 237, -1,
      237, 244, 243, -1,
      237, 243, 450, -1,
      450, 243, 449, -1,
      223, 451, 222, -1,
      222, 451, 247, -1,
      222, 247, 452, -1,
      452, 247, 252, -1,
      452, 252, 453, -1,
      454, 455, 2, -1,
      453, 456, 452, -1,
      452, 456, 457, -1,
      452, 457, 286, -1,
      2, 449, 454, -1,
      454, 449, 282, -1,
      454, 282, 458, -1,
      458, 282, 286, -1,
      458, 286, 459, -1,
      459, 286, 457, -1,
      460, 461, 462, -1,
      462, 461, 463, -1,
      463, 461, 455, -1,
      455, 461, 464, -1,
      455, 464, 2, -1,
      2, 464, 465, -1,
      2, 465, 0, -1,
      466, 467, 468, -1,
      468, 467, 469, -1,
      470, 471, 472, -1,
      469, 473, 197, -1,
      197, 473, 474, -1,
      197, 474, 193, -1,
      193, 474, 475, -1,
      193, 475, 467, -1,
      475, 476, 467, -1,
      467, 476, 477, -1,
      467, 477, 469, -1,
      469, 477, 470, -1,
      469, 470, 473, -1,
      473, 470, 472, -1,
      195, 193, 216, -1,
      216, 193, 467, -1,
      216, 467, 478, -1,
      478, 467, 466, -1,
      478, 466, 479, -1,
      19, 346, 20, -1,
      20, 346, 480, -1,
      20, 480, 481, -1,
      481, 480, 482, -1,
      481, 482, 483, -1,
      18, 20, 328, -1,
      328, 20, 481, -1,
      328, 481, 484, -1,
      484, 481, 483, -1,
      484, 483, 485, -1,
      331, 486, 487, -1,
      348, 488, 489, -1,
      489, 488, 490, -1,
      489, 490, 491, -1,
      331, 487, 365, -1,
      365, 487, 492, -1,
      365, 492, 348, -1,
      348, 492, 493, -1,
      348, 493, 488, -1,
      494, 495, 489, -1,
      489, 495, 496, -1,
      497, 498, 331, -1,
      331, 498, 499, -1,
      491, 500, 489, -1,
      489, 500, 501, -1,
      489, 501, 494, -1,
      499, 502, 331, -1,
      331, 502, 503, -1,
      331, 503, 486, -1,
      330, 329, 333, -1,
      333, 329, 489, -1,
      333, 489, 331, -1,
      331, 489, 496, -1,
      331, 496, 497, -1,
      4, 423, 5, -1,
      5, 423, 504, -1,
      5, 504, 363, -1,
      363, 504, 505, -1,
      363, 505, 364, -1,
      364, 505, 506, -1,
      364, 506, 365, -1,
      365, 506, 335, -1,
      365, 335, 331, -1,
      331, 335, 334, -1,
      331, 334, 332, -1,
      14, 13, 407, -1,
      407, 13, 368, -1,
      407, 368, 507, -1,
      507, 368, 349, -1,
      507, 349, 508, -1,
      508, 349, 348, -1,
      508, 348, 509, -1,
      509, 348, 489, -1,
      509, 489, 510, -1,
      510, 489, 329, -1,
      510, 329, 511, -1,
      511, 329, 328, -1,
      511, 328, 512, -1,
      512, 328, 484, -1,
      512, 484, 513, -1,
      513, 484, 485, -1,
      513, 485, 514, -1,
      515, 516, 517, -1,
      518, 519, 520, -1,
      520, 519, 256, -1,
      521, 522, 255, -1,
      255, 522, 523, -1,
      255, 523, 524, -1,
      258, 253, 256, -1,
      256, 253, 255, -1,
      256, 255, 520, -1,
      520, 255, 524, -1,
      516, 525, 517, -1,
      517, 525, 526, -1,
      517, 526, 527, -1,
      527, 526, 528, -1,
      529, 530, 528, -1,
      528, 530, 531, -1,
      528, 531, 527, -1,
      532, 533, 255, -1,
      255, 533, 534, -1,
      255, 534, 521, -1,
      535, 519, 536, -1,
      536, 519, 537, -1,
      535, 538, 519, -1,
      519, 538, 539, -1,
      519, 539, 540, -1,
      541, 542, 543, -1,
      543, 542, 544, -1,
      543, 544, 255, -1,
      255, 544, 545, -1,
      255, 545, 532, -1,
      541, 543, 517, -1,
      517, 543, 546, -1,
      517, 546, 515, -1,
      518, 547, 548, -1,
      549, 550, 519, -1,
      519, 550, 551, -1,
      519, 551, 537, -1,
      552, 553, 528, -1,
      528, 553, 554, -1,
      528, 554, 555, -1,
      548, 556, 518, -1,
      518, 556, 557, -1,
      518, 557, 519, -1,
      519, 557, 558, -1,
      519, 558, 549, -1,
      555, 559, 528, -1,
      528, 559, 560, -1,
      528, 560, 529, -1,
      432, 439, 440, -1,
      440, 439, 519, -1,
      440, 519, 543, -1,
      543, 519, 540, -1,
      543, 540, 546, -1,
      441, 440, 444, -1,
      444, 440, 543, -1,
      444, 543, 561, -1,
      561, 543, 255, -1,
      561, 255, 562, -1,
      562, 255, 276, -1,
      562, 276, 563, -1,
      563, 276, 282, -1,
      563, 282, 564, -1,
      564, 282, 243, -1,
      564, 243, 234, -1,
      234, 243, 245, -1,
      234, 245, 235, -1,
      442, 444, 445, -1,
      445, 444, 561, -1,
      445, 561, 425, -1,
      425, 561, 562, -1,
      425, 562, 423, -1,
      423, 562, 563, -1,
      423, 563, 504, -1,
      504, 563, 564, -1,
      504, 564, 505, -1,
      505, 564, 234, -1,
      505, 234, 506, -1,
      506, 234, 233, -1,
      506, 233, 335, -1,
      335, 233, 213, -1,
      335, 213, 337, -1,
      337, 213, 216, -1,
      337, 216, 346, -1,
      346, 216, 478, -1,
      346, 478, 480, -1,
      480, 478, 479, -1,
      480, 479, 482, -1,
      15, 17, 376, -1,
      376, 17, 11, -1,
      376, 11, 565, -1,
      565, 11, 10, -1,
      565, 10, 407, -1,
      407, 10, 566, -1,
      407, 566, 405, -1,
      21, 23, 190, -1,
      190, 23, 445, -1,
      190, 445, 373, -1,
      373, 445, 425, -1,
      373, 425, 8, -1,
      8, 425, 424, -1,
      8, 424, 419, -1,
      38, 40, 44, -1,
      44, 40, 376, -1,
      44, 376, 567, -1,
      567, 376, 565, -1,
      567, 565, 568, -1,
      568, 565, 407, -1,
      568, 407, 569, -1,
      569, 407, 507, -1,
      569, 507, 570, -1,
      570, 507, 508, -1,
      570, 508, 571, -1,
      571, 508, 509, -1,
      571, 509, 572, -1,
      572, 509, 510, -1,
      572, 510, 573, -1,
      573, 510, 511, -1,
      573, 511, 574, -1,
      574, 511, 512, -1,
      574, 512, 575, -1,
      575, 512, 513, -1,
      575, 513, 576, -1,
      576, 513, 514, -1,
      576, 514, 577, -1,
      578, 579, 580, -1,
      581, 582, 583, -1,
      583, 584, 581, -1,
      581, 584, 578, -1,
      581, 578, 585, -1,
      585, 578, 580, -1,
      586, 587, 588, -1,
      589, 590, 69, -1,
      591, 592, 593, -1,
      594, 68, 595, -1,
      595, 68, 596, -1,
      595, 596, 597, -1,
      82, 598, 599, -1,
      599, 598, 600, -1,
      601, 602, 603, -1,
      603, 602, 604, -1,
      603, 604, 605, -1,
      605, 606, 603, -1,
      603, 606, 607, -1,
      603, 607, 608, -1,
      600, 609, 599, -1,
      599, 609, 610, -1,
      599, 610, 611, -1,
      612, 613, 614, -1,
      614, 613, 615, -1,
      614, 615, 616, -1,
      617, 618, 599, -1,
      599, 618, 619, -1,
      620, 593, 621, -1,
      621, 593, 582, -1,
      620, 622, 593, -1,
      593, 622, 623, -1,
      593, 623, 624, -1,
      611, 612, 599, -1,
      599, 612, 614, -1,
      599, 614, 593, -1,
      593, 614, 583, -1,
      593, 583, 582, -1,
      625, 626, 588, -1,
      588, 626, 627, -1,
      588, 627, 628, -1,
      619, 629, 599, -1,
      599, 629, 630, -1,
      599, 630, 631, -1,
      631, 632, 599, -1,
      599, 632, 468, -1,
      599, 468, 82, -1,
      628, 589, 588, -1,
      588, 589, 69, -1,
      588, 69, 586, -1,
      586, 69, 68, -1,
      586, 68, 633, -1,
      633, 68, 594, -1,
      624, 634, 593, -1,
      593, 634, 635, -1,
      593, 635, 591, -1,
      636, 637, 638, -1,
      638, 637, 614, -1,
      638, 614, 639, -1,
      639, 614, 616, -1,
      636, 640, 637, -1,
      637, 640, 641, -1,
      637, 641, 642, -1,
      642, 625, 637, -1,
      637, 625, 588, -1,
      637, 588, 579, -1,
      579, 588, 603, -1,
      579, 603, 580, -1,
      580, 603, 608, -1,
      587, 586, 643, -1,
      643, 586, 644, -1,
      643, 644, 645, -1,
      645, 644, 646, -1,
      645, 646, 601, -1,
      601, 646, 602, -1,
      592, 591, 647, -1,
      647, 591, 648, -1,
      647, 648, 649, -1,
      649, 648, 650, -1,
      649, 650, 617, -1,
      617, 650, 618, -1,
      651, 652, 585, -1,
      646, 653, 654, -1,
      651, 585, 655, -1,
      656, 657, 648, -1,
      658, 659, 644, -1,
      644, 659, 660, -1,
      644, 660, 661, -1,
      662, 663, 664, -1,
      652, 665, 585, -1,
      585, 665, 666, -1,
      585, 666, 581, -1,
      581, 666, 667, -1,
      581, 667, 668, -1,
      661, 669, 644, -1,
      644, 669, 670, -1,
      644, 670, 646, -1,
      646, 670, 671, -1,
      646, 671, 653, -1,
      672, 673, 577, -1,
      577, 673, 674, -1,
      577, 674, 675, -1,
      676, 677, 678, -1,
      654, 679, 646, -1,
      646, 679, 680, -1,
      646, 680, 681, -1,
      681, 680, 662, -1,
      681, 662, 682, -1,
      682, 662, 664, -1,
      655, 585, 662, -1,
      662, 585, 683, -1,
      662, 683, 663, -1,
      684, 685, 648, -1,
      648, 685, 686, -1,
      648, 686, 656, -1,
      684, 687, 685, -1,
      685, 687, 688, -1,
      685, 688, 689, -1,
      689, 688, 690, -1,
      689, 690, 691, -1,
      657, 692, 648, -1,
      648, 692, 693, -1,
      648, 693, 650, -1,
      650, 693, 694, -1,
      650, 694, 695, -1,
      696, 697, 698, -1,
      699, 700, 46, -1,
      46, 700, 701, -1,
      46, 701, 702, -1,
      702, 701, 678, -1,
      702, 678, 703, -1,
      703, 678, 677, -1,
      668, 704, 581, -1,
      581, 704, 705, -1,
      581, 705, 706, -1,
      706, 705, 689, -1,
      706, 689, 707, -1,
      707, 689, 691, -1,
      675, 708, 577, -1,
      577, 708, 709, -1,
      577, 709, 46, -1,
      46, 709, 710, -1,
      46, 710, 699, -1,
      658, 644, 678, -1,
      678, 644, 711, -1,
      678, 711, 676, -1,
      672, 577, 698, -1,
      698, 577, 712, -1,
      698, 712, 696, -1,
      697, 713, 698, -1,
      698, 713, 714, -1,
      698, 714, 715, -1,
      715, 714, 650, -1,
      715, 650, 716, -1,
      716, 650, 695, -1,
      690, 688, 623, -1,
      623, 688, 624, -1,
      690, 623, 622, -1,
      690, 622, 691, -1,
      691, 622, 620, -1,
      691, 620, 707, -1,
      707, 620, 621, -1,
      707, 621, 706, -1,
      706, 621, 582, -1,
      706, 582, 581, -1,
      624, 688, 687, -1,
      624, 687, 634, -1,
      634, 687, 684, -1,
      634, 684, 635, -1,
      635, 684, 648, -1,
      635, 648, 591, -1,
      585, 580, 608, -1,
      585, 608, 683, -1,
      683, 608, 607, -1,
      683, 607, 663, -1,
      663, 607, 606, -1,
      663, 606, 664, -1,
      664, 606, 605, -1,
      664, 605, 682, -1,
      682, 605, 604, -1,
      682, 604, 681, -1,
      681, 604, 602, -1,
      681, 602, 646, -1,
      644, 586, 633, -1,
      644, 633, 711, -1,
      711, 633, 594, -1,
      711, 594, 676, -1,
      676, 594, 595, -1,
      676, 595, 677, -1,
      677, 595, 597, -1,
      677, 597, 703, -1,
      703, 597, 596, -1,
      703, 596, 702, -1,
      702, 596, 68, -1,
      702, 68, 46, -1,
      577, 468, 632, -1,
      577, 632, 712, -1,
      712, 632, 631, -1,
      712, 631, 696, -1,
      696, 631, 630, -1,
      696, 630, 697, -1,
      697, 630, 629, -1,
      697, 629, 713, -1,
      713, 629, 619, -1,
      713, 619, 714, -1,
      714, 619, 618, -1,
      714, 618, 650, -1,
    ]
  }
}

Shape {
  appearance Appearance {
    material Material {
      diffuseColor 0.9686 0.8784 0.6000
      specularColor 0.6784 0.6157 0.4196
      ambientIntensity 0.2
      transparency 0.0000
      shininess 0.5
    }
  }
  geometry IndexedFaceSet {
    ccw TRUE
    solid FALSE
    coord DEF co Coordinate {
      point [
        -0.118110 0.511811 0.049213,
        0.118110 0.511811 0.000000,
        0.118110 0.511811 0.049213,
        -0.118110 0.511811 0.000000,
        0.118110 -0.511811 0.049213,
        0.118110 -0.511811 0.000000,
        -0.118110 -0.511811 0.000000,
        -0.118110 -0.511811 0.049213,
        0.511811 0.354331 0.000000,
        0.433071 0.354331 0.000000,
        0.138699 0.074584 0.000000,
        0.118110 0.104163 0.000000,
        -0.511811 -0.354331 0.000000,
        -0.433071 -0.354331 0.000000,
        -0.118110 0.104163 0.000000,
        -0.433071 0.354331 0.000000,
        -0.138699 0.074584 0.000000,
        0.511811 -0.354331 0.000000,
        0.433071 -0.354331 0.000000,
        -0.152023 0.041098 0.000000,
        -0.157386 0.005459 0.000000,
        -0.154506 -0.030465 0.000000,
        -0.143533 -0.064793 0.000000,
        -0.125044 -0.095729 0.000000,
        -0.118110 -0.417323 0.000000,
        -0.100006 -0.121650 0.000000,
        -0.069730 -0.141201 0.000000,
        -0.511811 0.354331 0.000000,
        0.143533 -0.064793 0.000000,
        0.154506 -0.030465 0.000000,
        0.157386 0.005459 0.000000,
        0.152023 0.041098 0.000000,
        0.035803 -0.153356 0.000000,
        0.118110 -0.417323 0.000000,
        -0.000000 -0.157480 0.000000,
        -0.035803 -0.153356 0.000000,
        0.069730 -0.141201 0.000000,
        0.100006 -0.121650 0.000000,
        0.125044 -0.095729 0.000000,
        0.511811 0.354331 0.049213,
        0.511811 -0.354331 0.049213,
        -0.511811 -0.354331 0.049213,
        -0.511811 0.354331 0.049213,
        0.180017 -0.350135 0.137795,
        0.127118 -0.372614 0.137795,
        0.384282 -0.085602 0.137795,
        0.367723 -0.140642 0.137795,
        0.229078 -0.320193 0.137795,
        -0.356476 -0.167109 0.137795,
        -0.377008 -0.113425 0.137795,
        0.311613 0.240620 0.137795,
        0.343326 0.192684 0.137795,
        0.367723 0.140642 0.137795,
        0.384282 0.085602 0.137795,
        0.273257 -0.283427 0.137795,
        0.071511 -0.387152 0.137795,
        0.014379 -0.393438 0.137795,
        -0.043059 -0.391339 0.137795,
        -0.099580 -0.380899 0.137795,
        0.392650 0.028738 0.137795,
        0.393701 0.000000 0.137795,
        0.392650 -0.028738 0.137795,
        -0.251840 0.302617 0.137795,
        -0.205094 0.336060 0.137795,
        -0.153978 0.362341 0.137795,
        -0.099580 0.380899 0.137795,
        0.273257 0.283427 0.137795,
        0.343326 -0.192684 0.137795,
        0.311613 -0.240620 0.137795,
        -0.293217 -0.262724 0.137795,
        -0.328346 -0.217231 0.137795,
        -0.251840 -0.302617 0.137795,
        -0.389505 -0.057323 0.137795,
        -0.393701 0.000000 0.137795,
        -0.389505 0.057323 0.137795,
        -0.377008 0.113425 0.137795,
        -0.293217 0.262724 0.137795,
        0.127118 0.372614 0.137795,
        0.180017 0.350135 0.137795,
        0.229078 0.320193 0.137795,
        -0.153978 -0.362341 0.137795,
        -0.205094 -0.336060 0.137795,
        -0.043059 0.391339 0.137795,
        0.014379 0.393438 0.137795,
        0.071511 0.387152 0.137795,
        -0.328346 0.217231 0.137795,
        -0.356476 0.167109 0.137795,
        -0.590551 0.354331 0.049213,
        -0.590551 -0.354331 0.049213,
        -0.433071 -0.354331 -0.003937,
        -0.590551 -0.354331 -0.003937,
        -0.433071 0.354331 -0.003937,
        -0.590551 0.354331 -0.003937,
        0.590551 -0.354331 0.049213,
        0.590551 0.354331 0.049213,
        0.433071 -0.354331 -0.003937,
        0.590551 -0.354331 -0.003937,
        0.433071 0.354331 -0.003937,
        0.590551 0.354331 -0.003937,
        -0.118110 -0.614173 0.049213,
        0.118110 -0.614173 0.049213,
        -0.118110 -0.417323 -0.003937,
        -0.118110 -0.614173 -0.003937,
        0.118110 -0.417323 -0.003937,
        0.118110 -0.614173 -0.003937,
        0.118110 0.104163 -0.003937,
        0.138699 0.074584 -0.003937,
        0.152023 0.041098 -0.003937,
        0.157386 0.005459 -0.003937,
        0.154506 -0.030465 -0.003937,
        0.143533 -0.064793 -0.003937,
        0.125044 -0.095729 -0.003937,
        0.100006 -0.121650 -0.003937,
        0.069730 -0.141201 -0.003937,
        0.035803 -0.153356 -0.003937,
        -0.000000 -0.157480 -0.003937,
        -0.035803 -0.153356 -0.003937,
        -0.069730 -0.141201 -0.003937,
        -0.100006 -0.121650 -0.003937,
        -0.125044 -0.095729 -0.003937,
        -0.143533 -0.064793 -0.003937,
        -0.154506 -0.030465 -0.003937,
        -0.157386 0.005459 -0.003937,
        -0.152023 0.041098 -0.003937,
        -0.138699 0.074584 -0.003937,
        -0.118110 0.104163 -0.003937,
        0.118110 0.614173 0.049213,
        -0.118110 0.614173 0.049213,
        0.118110 0.614173 -0.003937,
        -0.118110 0.614173 -0.003937,
        -0.129485 0.047129 -0.003937,
        -0.135702 0.023928 -0.003937,
        -0.137795 0.000000 -0.003937,
        -0.135702 -0.023928 -0.003937,
        0.119334 0.068898 -0.003937,
        0.129485 0.047129 -0.003937,
        0.135702 0.023928 -0.003937,
        -0.119334 0.068898 -0.003937,
        -0.105557 0.088573 -0.003937,
        -0.088573 0.105557 -0.003937,
        0.105557 0.088573 -0.003937,
        0.088573 0.105557 -0.003937,
        0.068898 0.119334 -0.003937,
        0.047129 0.129485 -0.003937,
        0.023928 0.135702 -0.003937,
        -0.000000 0.137795 -0.003937,
        -0.023928 0.135702 -0.003937,
        -0.047129 0.129485 -0.003937,
        -0.068898 0.119334 -0.003937,
        -0.129485 -0.047129 -0.003937,
        -0.119334 -0.068898 -0.003937,
        -0.105557 -0.088573 -0.003937,
        -0.088573 -0.105557 -0.003937,
        -0.068898 -0.119334 -0.003937,
        -0.047129 -0.129485 -0.003937,
        -0.023928 -0.135702 -0.003937,
        0.000000 -0.137795 -0.003937,
        0.023928 -0.135702 -0.003937,
        0.047129 -0.129485 -0.003937,
        0.068898 -0.119334 -0.003937,
        0.088573 -0.105557 -0.003937,
        0.105557 -0.088573 -0.003937,
        0.119334 -0.068898 -0.003937,
        0.129485 -0.047129 -0.003937,
        0.135702 -0.023928 -0.003937,
        0.137795 0.000000 -0.003937,
        -0.155501 -0.305187 0.492126,
        -0.141660 -0.333354 0.492126,
        -0.105844 -0.325756 0.492126,
        -0.091614 -0.350427 0.492126,
        -0.053582 -0.338303 0.492126,
        -0.039615 -0.360032 0.492126,
        0.000000 -0.342520 0.492126,
        0.013228 -0.361963 0.492126,
        0.053582 -0.338303 0.492126,
        0.065790 -0.356180 0.492126,
        0.105844 -0.325756 0.492126,
        0.116949 -0.342805 0.492126,
        0.155501 -0.305187 0.492126,
        0.165615 -0.322124 0.492126,
        0.201328 -0.277104 0.492126,
        0.210752 -0.294578 0.492126,
        0.242198 -0.242198 0.492126,
        0.251397 -0.260752 0.492126,
        0.277104 -0.201328 0.492126,
        0.286684 -0.221370 0.492126,
        0.305187 -0.155501 0.492126,
        0.315860 -0.177269 0.492126,
        0.325756 -0.105844 0.492126,
        0.338305 -0.129391 0.492126,
        0.338303 -0.053582 0.492126,
        0.353539 -0.078754 0.492126,
        0.342520 0.000000 0.492126,
        0.361239 -0.026439 0.492126,
        0.361239 0.026439 0.492126,
        0.338303 0.053582 0.492126,
        0.353539 0.078754 0.492126,
        0.325756 0.105844 0.492126,
        0.338305 0.129391 0.492126,
        0.305187 0.155501 0.492126,
        0.315860 0.177269 0.492126,
        0.277104 0.201328 0.492126,
        0.286684 0.221370 0.492126,
        0.242198 0.242198 0.492126,
        0.251397 0.260752 0.492126,
        0.201328 0.277104 0.492126,
        0.210752 0.294578 0.492126,
        0.155501 0.305187 0.492126,
        0.165615 0.322124 0.492126,
        0.105844 0.325756 0.492126,
        0.116949 0.342805 0.492126,
        0.053582 0.338303 0.492126,
        0.065790 0.356180 0.492126,
        0.000000 0.342520 0.492126,
        0.013228 0.361963 0.492126,
        -0.053582 0.338303 0.492126,
        -0.039615 0.360032 0.492126,
        -0.105844 0.325756 0.492126,
        -0.091614 0.350427 0.492126,
        -0.155501 0.305187 0.492126,
        -0.141660 0.333354 0.492126,
        -0.188687 0.309176 0.492126,
        -0.201328 0.277104 0.492126,
        -0.231693 0.278407 0.492126,
        -0.242198 0.242198 0.492126,
        -0.269760 0.241706 0.492126,
        -0.277104 0.201328 0.492126,
        -0.302078 0.199853 0.492126,
        -0.305187 0.155501 0.492126,
        -0.327957 0.153740 0.492126,
        -0.325756 0.105844 0.492126,
        -0.346848 0.104351 0.492126,
        -0.338303 0.053582 0.492126,
        -0.358345 0.052737 0.492126,
        -0.342520 0.000000 0.492126,
        -0.362205 0.000000 0.492126,
        -0.338303 -0.053582 0.492126,
        -0.358345 -0.052737 0.492126,
        -0.325756 -0.105844 0.492126,
        -0.346848 -0.104351 0.492126,
        -0.305187 -0.155501 0.492126,
        -0.327957 -0.153740 0.492126,
        -0.277104 -0.201328 0.492126,
        -0.302078 -0.199853 0.492126,
        -0.242198 -0.242198 0.492126,
        -0.269760 -0.241706 0.492126,
        -0.201328 -0.277104 0.492126,
        -0.231693 -0.278407 0.492126,
        -0.188687 -0.309176 0.492126,
        0.318860 -0.050502 0.472441,
        0.312492 -0.077028 0.472441,
        0.307034 -0.099761 0.472441,
        0.296097 -0.126166 0.472441,
        0.287648 -0.146564 0.472441,
        0.272035 -0.172041 0.472441,
        0.261179 -0.189757 0.472441,
        0.240929 -0.213467 0.472441,
        0.228279 -0.228279 0.472441,
        0.203580 -0.249373 0.472441,
        0.189757 -0.261179 0.472441,
        0.160955 -0.278829 0.472441,
        0.146564 -0.287648 0.472441,
        0.114154 -0.301072 0.472441,
        0.099761 -0.307034 0.472441,
        0.064387 -0.315527 0.472441,
        0.050502 -0.318860 0.472441,
        0.012940 -0.321816 0.472441,
        0.000000 -0.322835 0.472441,
        -0.038858 -0.319776 0.472441,
        -0.050502 -0.318860 0.472441,
        -0.089667 -0.309457 0.472441,
        -0.099761 -0.307034 0.472441,
        -0.138172 -0.291124 0.472441,
        -0.146564 -0.287648 0.472441,
        -0.183120 -0.265246 0.472441,
        -0.189757 -0.261179 0.472441,
        -0.223346 -0.232491 0.472441,
        -0.228279 -0.228279 0.472441,
        -0.257809 -0.193702 0.472441,
        -0.261179 -0.189757 0.472441,
        -0.285615 -0.149881 0.472441,
        -0.287648 -0.146564 0.472441,
        -0.306042 -0.102157 0.472441,
        -0.307034 -0.099761 0.472441,
        -0.318557 -0.051763 0.472441,
        -0.318860 -0.050502 0.472441,
        -0.322835 0.000000 0.472441,
        -0.318860 0.050502 0.472441,
        -0.318557 0.051763 0.472441,
        -0.307034 0.099761 0.472441,
        -0.306042 0.102157 0.472441,
        -0.287648 0.146564 0.472441,
        -0.285615 0.149881 0.472441,
        -0.261179 0.189757 0.472441,
        -0.257809 0.193702 0.472441,
        -0.228279 0.228279 0.472441,
        -0.223346 0.232491 0.472441,
        -0.189757 0.261179 0.472441,
        -0.183120 0.265246 0.472441,
        -0.146564 0.287648 0.472441,
        -0.138172 0.291124 0.472441,
        -0.099761 0.307034 0.472441,
        -0.089667 0.309457 0.472441,
        -0.050502 0.318860 0.472441,
        -0.038858 0.319776 0.472441,
        0.000000 0.322835 0.472441,
        0.012940 0.321816 0.472441,
        0.050502 0.318860 0.472441,
        0.064387 0.315527 0.472441,
        0.099761 0.307034 0.472441,
        0.114154 0.301072 0.472441,
        0.146564 0.287648 0.472441,
        0.160955 0.278829 0.472441,
        0.189757 0.261179 0.472441,
        0.203580 0.249373 0.472441,
        0.228279 0.228279 0.472441,
        0.240929 0.213467 0.472441,
        0.261179 0.189757 0.472441,
        0.272035 0.172041 0.472441,
        0.287648 0.146564 0.472441,
        0.296097 0.126166 0.472441,
        0.307034 0.099761 0.472441,
        0.312492 0.077028 0.472441,
        0.318860 0.050502 0.472441,
        0.320796 0.025899 0.472441,
        0.322835 0.000000 0.472441,
        0.320796 -0.025899 0.472441,
        -0.322835 -0.000000 0.137795,
        -0.318654 0.051786 0.137795,
        -0.306220 0.102231 0.137795,
        -0.285856 0.150029 0.137795,
        -0.258088 0.193941 0.137795,
        -0.223635 0.232829 0.137795,
        -0.183391 0.265688 0.137795,
        -0.138397 0.291665 0.137795,
        -0.089818 0.310089 0.137795,
        -0.038913 0.320481 0.137795,
        0.012999 0.322573 0.137795,
        0.064575 0.316310 0.137795,
        0.114479 0.301856 0.137795,
        0.161417 0.279583 0.137795,
        0.204175 0.250069 0.137795,
        0.241645 0.214079 0.137795,
        0.272857 0.172544 0.137795,
        0.297001 0.126541 0.137795,
        0.313454 0.077259 0.137795,
        0.321788 0.025978 0.137795,
        0.313454 -0.077259 0.137795,
        0.321788 -0.025978 0.137795,
        0.322835 0.000000 0.137795,
        0.297001 -0.126541 0.137795,
        0.272857 -0.172544 0.137795,
        0.241645 -0.214079 0.137795,
        0.204175 -0.250069 0.137795,
        0.161417 -0.279583 0.137795,
        0.114479 -0.301856 0.137795,
        0.064575 -0.316310 0.137795,
        0.012999 -0.322573 0.137795,
        -0.038913 -0.320481 0.137795,
        -0.089818 -0.310089 0.137795,
        -0.138397 -0.291665 0.137795,
        -0.183391 -0.265688 0.137795,
        -0.223635 -0.232829 0.137795,
        -0.258088 -0.193941 0.137795,
        -0.285856 -0.150029 0.137795,
        -0.306220 -0.102231 0.137795,
        -0.318654 -0.051786 0.137795,
        0.392650 0.028738 0.157480,
        0.384282 0.085602 0.157480,
        0.367723 0.140642 0.157480,
        0.343326 0.192684 0.157480,
        0.311613 0.240620 0.157480,
        0.273257 0.283427 0.157480,
        0.229078 0.320193 0.157480,
        0.180017 0.350135 0.157480,
        0.127118 0.372614 0.157480,
        0.071511 0.387152 0.157480,
        0.014379 0.393438 0.157480,
        -0.043059 0.391339 0.157480,
        -0.099580 0.380899 0.157480,
        -0.153978 0.362341 0.157480,
        -0.205094 0.336060 0.157480,
        -0.251840 0.302617 0.157480,
        -0.293217 0.262724 0.157480,
        -0.328346 0.217231 0.157480,
        -0.356476 0.167109 0.157480,
        -0.377008 0.113425 0.157480,
        -0.389505 0.057323 0.157480,
        -0.393701 0.000000 0.157480,
        -0.389505 -0.057323 0.157480,
        -0.377008 -0.113425 0.157480,
        -0.356476 -0.167109 0.157480,
        -0.328346 -0.217231 0.157480,
        -0.293217 -0.262724 0.157480,
        -0.251840 -0.302617 0.157480,
        -0.205094 -0.336060 0.157480,
        -0.153978 -0.362341 0.157480,
        -0.099580 -0.380899 0.157480,
        -0.043059 -0.391339 0.157480,
        0.014379 -0.393438 0.157480,
        0.071511 -0.387152 0.157480,
        0.127118 -0.372614 0.157480,
        0.180017 -0.350135 0.157480,
        0.229078 -0.320193 0.157480,
        0.273257 -0.283427 0.157480,
        0.311613 -0.240620 0.157480,
        0.343326 -0.192684 0.157480,
        0.367723 -0.140642 0.157480,
        0.384282 -0.085602 0.157480,
        0.392650 -0.028738 0.157480,
        -0.357785 -0.055251 0.188976,
        -0.345007 -0.109163 0.188976,
        -0.346848 -0.104351 0.188976,
        -0.324174 -0.160481 0.188976,
        -0.327957 -0.153740 0.188976,
        -0.295778 -0.208012 0.188976,
        -0.302078 -0.199853 0.188976,
        -0.260481 -0.250652 0.188976,
        -0.269760 -0.241706 0.188976,
        -0.219112 -0.287408 0.188976,
        -0.231693 -0.278407 0.188976,
        -0.172635 -0.317428 0.188976,
        -0.188687 -0.309176 0.188976,
        -0.122134 -0.340015 0.188976,
        -0.141660 -0.333354 0.188976,
        -0.013838 -0.360974 0.188976,
        -0.039615 -0.360032 0.188976,
        -0.068788 -0.354643 0.188976,
        -0.091614 -0.350427 0.188976,
        0.013228 -0.361963 0.188976,
        0.041434 -0.358859 0.188976,
        0.065790 -0.356180 0.188976,
        0.095740 -0.348350 0.188976,
        0.116949 -0.342805 0.188976,
        0.147816 -0.329688 0.188976,
        0.165615 -0.322124 0.188976,
        0.196447 -0.303308 0.188976,
        0.210752 -0.294578 0.188976,
        0.240499 -0.269822 0.188976,
        0.251397 -0.260752 0.188976,
        0.278944 -0.230008 0.188976,
        0.286684 -0.221370 0.188976,
        0.310884 -0.184791 0.188976,
        0.315860 -0.177269 0.188976,
        0.335571 -0.135223 0.188976,
        0.338305 -0.129391 0.188976,
        0.352426 -0.082454 0.188976,
        0.353539 -0.078754 0.188976,
        0.361051 -0.027713 0.188976,
        0.361239 -0.026439 0.188976,
        0.361239 0.026439 0.188976,
        0.361051 0.027713 0.188976,
        0.353539 0.078754 0.188976,
        0.352426 0.082454 0.188976,
        0.338305 0.129391 0.188976,
        0.335571 0.135223 0.188976,
        0.315860 0.177269 0.188976,
        0.310884 0.184791 0.188976,
        0.286684 0.221370 0.188976,
        0.278944 0.230008 0.188976,
        0.251397 0.260752 0.188976,
        0.240499 0.269822 0.188976,
        0.210752 0.294578 0.188976,
        0.196447 0.303308 0.188976,
        0.165615 0.322124 0.188976,
        0.147816 0.329688 0.188976,
        0.116949 0.342805 0.188976,
        0.095740 0.348350 0.188976,
        0.065790 0.356180 0.188976,
        -0.013838 0.360974 0.188976,
        0.013228 0.361963 0.188976,
        0.041434 0.358859 0.188976,
        -0.068788 0.354643 0.188976,
        -0.039615 0.360032 0.188976,
        -0.122134 0.340015 0.188976,
        -0.091614 0.350427 0.188976,
        -0.172635 0.317428 0.188976,
        -0.141660 0.333354 0.188976,
        -0.219112 0.287408 0.188976,
        -0.188687 0.309176 0.188976,
        -0.260481 0.250652 0.188976,
        -0.231693 0.278407 0.188976,
        -0.295778 0.208012 0.188976,
        -0.269760 0.241706 0.188976,
        -0.324174 0.160481 0.188976,
        -0.302078 0.199853 0.188976,
        -0.345007 0.109163 0.188976,
        -0.327957 0.153740 0.188976,
        -0.358345 -0.052737 0.188976,
        -0.362205 0.000000 0.188976,
        -0.358345 0.052737 0.188976,
        -0.357785 0.055251 0.188976,
        -0.346848 0.104351 0.188976,
        0.362205 0.000000 0.271654,
        0.360181 -0.027656 0.271654,
        0.358345 -0.052737 0.271654,
        0.351754 -0.082324 0.271654,
        0.346848 -0.104351 0.271654,
        0.335097 -0.135074 0.271654,
        0.327957 -0.153740 0.271654,
        0.310596 -0.184676 0.271654,
        0.302078 -0.199853 0.271654,
        0.278820 -0.229973 0.271654,
        0.269760 -0.241706 0.271654,
        0.240507 -0.269910 0.271654,
        0.231693 -0.278407 0.271654,
        0.196547 -0.303552 0.271654,
        0.188687 -0.309176 0.271654,
        0.147961 -0.330114 0.271654,
        0.141660 -0.333354 0.271654,
        0.095880 -0.348972 0.271654,
        0.091614 -0.350427 0.271654,
        0.041514 -0.359681 0.271654,
        0.039615 -0.360032 0.271654,
        -0.013228 -0.361963 0.271654,
        -0.013869 -0.361893 0.271654,
        -0.065790 -0.356180 0.271654,
        -0.068905 -0.355365 0.271654,
        -0.116949 -0.342805 0.271654,
        -0.122283 -0.340538 0.271654,
        -0.165615 -0.322124 0.271654,
        -0.172764 -0.317761 0.271654,
        -0.210752 -0.294578 0.271654,
        -0.219172 -0.287571 0.271654,
        -0.251397 -0.260752 0.271654,
        -0.260428 -0.250673 0.271654,
        -0.286684 -0.221370 0.271654,
        -0.295575 -0.207931 0.271654,
        -0.315860 -0.177269 0.271654,
        -0.323796 -0.160343 0.271654,
        -0.338305 -0.129391 0.271654,
        -0.344435 -0.109017 0.271654,
        -0.353539 -0.078754 0.271654,
        -0.357013 -0.055151 0.271654,
        -0.361239 -0.026439 0.271654,
        -0.362205 0.000000 0.271654,
        -0.361239 0.026439 0.271654,
        -0.357013 0.055151 0.271654,
        -0.353539 0.078754 0.271654,
        -0.344435 0.109017 0.271654,
        -0.338305 0.129391 0.271654,
        -0.323796 0.160343 0.271654,
        -0.315860 0.177269 0.271654,
        -0.295575 0.207931 0.271654,
        -0.286684 0.221370 0.271654,
        -0.260428 0.250673 0.271654,
        -0.251397 0.260752 0.271654,
        -0.219172 0.287571 0.271654,
        -0.210752 0.294578 0.271654,
        -0.172764 0.317761 0.271654,
        -0.165615 0.322124 0.271654,
        -0.122283 0.340538 0.271654,
        -0.116949 0.342805 0.271654,
        -0.068905 0.355365 0.271654,
        -0.065790 0.356180 0.271654,
        -0.013869 0.361893 0.271654,
        -0.013228 0.361963 0.271654,
        0.039615 0.360032 0.271654,
        0.041514 0.359681 0.271654,
        0.091614 0.350427 0.271654,
        0.095880 0.348972 0.271654,
        0.141660 0.333354 0.271654,
        0.147961 0.330114 0.271654,
        0.188687 0.309176 0.271654,
        0.196547 0.303552 0.271654,
        0.231693 0.278407 0.271654,
        0.240507 0.269910 0.271654,
        0.269760 0.241706 0.271654,
        0.278820 0.229973 0.271654,
        0.302078 0.199853 0.271654,
        0.310596 0.184676 0.271654,
        0.327957 0.153740 0.271654,
        0.335097 0.135074 0.271654,
        0.346848 0.104351 0.271654,
        0.351754 0.082324 0.271654,
        0.358345 0.052737 0.271654,
        0.360181 0.027656 0.271654,
        0.014341 -0.392389 0.303150,
        -0.014379 -0.393438 0.303150,
        -0.042944 -0.390295 0.303150,
        -0.071511 -0.387152 0.303150,
        -0.099315 -0.379883 0.303150,
        -0.127118 -0.372614 0.303150,
        -0.153567 -0.361374 0.303150,
        -0.180017 -0.350135 0.303150,
        -0.204548 -0.335164 0.303150,
        -0.229078 -0.320193 0.303150,
        -0.251168 -0.301810 0.303150,
        -0.273257 -0.283427 0.303150,
        -0.292435 -0.262023 0.303150,
        -0.311613 -0.240620 0.303150,
        -0.327470 -0.216652 0.303150,
        -0.343326 -0.192684 0.303150,
        -0.355525 -0.166663 0.303150,
        -0.367723 -0.140642 0.303150,
        -0.376002 -0.113122 0.303150,
        -0.384282 -0.085602 0.303150,
        -0.388466 -0.057170 0.303150,
        -0.392650 -0.028738 0.303150,
        -0.393701 0.000000 0.303150,
        -0.392650 0.028738 0.303150,
        -0.388466 0.057170 0.303150,
        -0.384282 0.085602 0.303150,
        -0.376002 0.113122 0.303150,
        -0.367723 0.140642 0.303150,
        -0.355525 0.166663 0.303150,
        -0.343326 0.192684 0.303150,
        -0.327470 0.216652 0.303150,
        -0.311613 0.240620 0.303150,
        -0.292435 0.262023 0.303150,
        -0.273257 0.283427 0.303150,
        -0.251168 0.301810 0.303150,
        -0.229078 0.320193 0.303150,
        -0.204548 0.335164 0.303150,
        -0.180017 0.350135 0.303150,
        -0.153567 0.361374 0.303150,
        -0.127118 0.372614 0.303150,
        -0.099315 0.379883 0.303150,
        -0.071511 0.387152 0.303150,
        -0.042944 0.390295 0.303150,
        -0.014379 0.393438 0.303150,
        0.014341 0.392389 0.303150,
        0.043059 0.391339 0.303150,
        0.071320 0.386119 0.303150,
        0.099580 0.380899 0.303150,
        0.126779 0.371620 0.303150,
        0.153978 0.362341 0.303150,
        0.179537 0.349201 0.303150,
        0.205094 0.336060 0.303150,
        0.228467 0.319339 0.303150,
        0.251840 0.302617 0.303150,
        0.272529 0.282670 0.303150,
        0.293217 0.262724 0.303150,
        0.310781 0.239978 0.303150,
        0.328346 0.217231 0.303150,
        0.342411 0.192170 0.303150,
        0.356476 0.167109 0.303150,
        0.366742 0.140267 0.303150,
        0.377008 0.113425 0.303150,
        0.383257 0.085374 0.303150,
        0.389505 0.057323 0.303150,
        0.391603 0.028662 0.303150,
        0.393701 0.000000 0.303150,
        0.391603 -0.028662 0.303150,
        0.389505 -0.057323 0.303150,
        0.383257 -0.085374 0.303150,
        0.377008 -0.113425 0.303150,
        0.366742 -0.140267 0.303150,
        0.356476 -0.167109 0.303150,
        0.342411 -0.192170 0.303150,
        0.328346 -0.217231 0.303150,
        0.310781 -0.239978 0.303150,
        0.293217 -0.262724 0.303150,
        0.272529 -0.282670 0.303150,
        0.251840 -0.302617 0.303150,
        0.228467 -0.319339 0.303150,
        0.205094 -0.336060 0.303150,
        0.179537 -0.349201 0.303150,
        0.153978 -0.362341 0.303150,
        0.126779 -0.371620 0.303150,
        0.099580 -0.380899 0.303150,
        0.071320 -0.386119 0.303150,
        0.043059 -0.391339 0.303150,
        -0.389505 -0.057323 0.460630,
        -0.393701 0.000000 0.460630,
        -0.377008 -0.113425 0.460630,
        -0.356476 -0.167109 0.460630,
        -0.328346 -0.217231 0.460630,
        -0.293217 -0.262724 0.460630,
        -0.251840 -0.302617 0.460630,
        -0.205094 -0.336060 0.460630,
        -0.153978 -0.362341 0.460630,
        -0.099580 -0.380899 0.460630,
        -0.043059 -0.391339 0.460630,
        0.014379 -0.393438 0.460630,
        0.071511 -0.387152 0.460630,
        0.127118 -0.372614 0.460630,
        0.180017 -0.350135 0.460630,
        0.229078 -0.320193 0.460630,
        0.273257 -0.283427 0.460630,
        0.311613 -0.240620 0.460630,
        0.343326 -0.192684 0.460630,
        0.367723 -0.140642 0.460630,
        0.384282 -0.085602 0.460630,
        0.392650 -0.028738 0.460630,
        0.392650 0.028738 0.460630,
        0.384282 0.085602 0.460630,
        0.367723 0.140642 0.460630,
        0.343326 0.192684 0.460630,
        0.311613 0.240620 0.460630,
        0.273257 0.283427 0.460630,
        0.229078 0.320193 0.460630,
        0.180017 0.350135 0.460630,
        0.127118 0.372614 0.460630,
        0.071511 0.387152 0.460630,
        0.014379 0.393438 0.460630,
        -0.043059 0.391339 0.460630,
        -0.099580 0.380899 0.460630,
        -0.153978 0.362341 0.460630,
        -0.205094 0.336060 0.460630,
        -0.251840 0.302617 0.460630,
        -0.293217 0.262724 0.460630,
        -0.328346 0.217231 0.460630,
        -0.356476 0.167109 0.460630,
        -0.377008 0.113425 0.460630,
        -0.389505 0.057323 0.460630,
      ]
    }
    coordIndex [
      87, 88, 42, -1,
      42, 88, 41, -1,
      89, 13, 12, -1,
      41, 88, 12, -1,
      12, 88, 90, -1,
      12, 90, 89, -1,
      15, 91, 27, -1,
      27, 91, 92, -1,
      27, 92, 42, -1,
      42, 92, 87, -1,
      89, 91, 13, -1,
      13, 91, 15, -1,
      87, 92, 88, -1,
      88, 92, 90, -1,
      92, 91, 90, -1,
      90, 91, 89, -1,
      93, 94, 40, -1,
      40, 94, 39, -1,
      18, 95, 17, -1,
      17, 95, 96, -1,
      17, 96, 40, -1,
      40, 96, 93, -1,
      9, 97, 18, -1,
      18, 97, 95, -1,
      97, 9, 8, -1,
      39, 94, 8, -1,
      8, 94, 98, -1,
      8, 98, 97, -1,
      93, 96, 94, -1,
      94, 96, 98, -1,
      97, 98, 95, -1,
      95, 98, 96, -1,
      99, 100, 7, -1,
      7, 100, 4, -1,
      24, 101, 6, -1,
      6, 101, 102, -1,
      6, 102, 7, -1,
      7, 102, 99, -1,
      33, 103, 24, -1,
      24, 103, 101, -1,
      103, 33, 5, -1,
      4, 100, 5, -1,
      5, 100, 104, -1,
      5, 104, 103, -1,
      99, 102, 100, -1,
      100, 102, 104, -1,
      101, 103, 102, -1,
      102, 103, 104, -1,
      105, 11, 10, -1,
      105, 10, 106, -1,
      106, 10, 31, -1,
      106, 31, 107, -1,
      107, 31, 30, -1,
      107, 30, 108, -1,
      108, 30, 29, -1,
      108, 29, 109, -1,
      109, 29, 28, -1,
      109, 28, 110, -1,
      110, 28, 38, -1,
      110, 38, 111, -1,
      111, 38, 37, -1,
      111, 37, 112, -1,
      112, 37, 36, -1,
      112, 36, 113, -1,
      113, 36, 32, -1,
      113, 32, 114, -1,
      114, 32, 34, -1,
      114, 34, 115, -1,
      115, 34, 35, -1,
      115, 35, 116, -1,
      116, 35, 26, -1,
      116, 26, 117, -1,
      117, 26, 25, -1,
      117, 25, 118, -1,
      118, 25, 23, -1,
      118, 23, 119, -1,
      119, 23, 22, -1,
      119, 22, 120, -1,
      120, 22, 21, -1,
      120, 21, 121, -1,
      121, 21, 20, -1,
      121, 20, 122, -1,
      122, 20, 19, -1,
      122, 19, 123, -1,
      123, 19, 16, -1,
      123, 16, 124, -1,
      124, 16, 14, -1,
      124, 14, 125, -1,
      2, 126, 0, -1,
      0, 126, 127, -1,
      11, 105, 1, -1,
      1, 105, 128, -1,
      1, 128, 2, -1,
      2, 128, 126, -1,
      125, 14, 3, -1,
      0, 127, 3, -1,
      3, 127, 129, -1,
      3, 129, 125, -1,
      123, 130, 131, -1,
      129, 128, 105, -1,
      123, 131, 122, -1,
      122, 131, 132, -1,
      122, 132, 121, -1,
      121, 132, 133, -1,
      121, 133, 120, -1,
      134, 105, 135, -1,
      135, 105, 136, -1,
      130, 123, 137, -1,
      137, 123, 124, -1,
      137, 124, 138, -1,
      138, 124, 125, -1,
      138, 125, 139, -1,
      134, 140, 105, -1,
      105, 140, 141, -1,
      105, 141, 129, -1,
      129, 141, 142, -1,
      142, 143, 129, -1,
      129, 143, 144, -1,
      129, 144, 145, -1,
      145, 146, 129, -1,
      129, 146, 147, -1,
      129, 147, 125, -1,
      125, 147, 148, -1,
      125, 148, 139, -1,
      133, 149, 120, -1,
      120, 149, 150, -1,
      120, 150, 119, -1,
      119, 150, 151, -1,
      119, 151, 118, -1,
      118, 151, 152, -1,
      118, 152, 117, -1,
      152, 153, 117, -1,
      117, 153, 154, -1,
      117, 154, 116, -1,
      116, 154, 155, -1,
      116, 155, 115, -1,
      115, 155, 156, -1,
      115, 156, 114, -1,
      114, 156, 157, -1,
      114, 157, 113, -1,
      157, 158, 113, -1,
      113, 158, 159, -1,
      113, 159, 112, -1,
      112, 159, 160, -1,
      112, 160, 111, -1,
      111, 160, 161, -1,
      111, 161, 110, -1,
      161, 162, 110, -1,
      110, 162, 163, -1,
      110, 163, 109, -1,
      109, 163, 164, -1,
      109, 164, 108, -1,
      108, 164, 165, -1,
      108, 165, 107, -1,
      107, 165, 136, -1,
      107, 136, 106, -1,
      106, 136, 105, -1,
      126, 128, 127, -1,
      127, 128, 129, -1,
      166, 167, 168, -1,
      168, 167, 169, -1,
      168, 169, 170, -1,
      170, 169, 171, -1,
      170, 171, 172, -1,
      172, 171, 173, -1,
      172, 173, 174, -1,
      174, 173, 175, -1,
      174, 175, 176, -1,
      176, 175, 177, -1,
      176, 177, 178, -1,
      178, 177, 179, -1,
      178, 179, 180, -1,
      180, 179, 181, -1,
      180, 181, 182, -1,
      182, 181, 183, -1,
      182, 183, 184, -1,
      184, 183, 185, -1,
      184, 185, 186, -1,
      186, 185, 187, -1,
      186, 187, 188, -1,
      188, 187, 189, -1,
      188, 189, 190, -1,
      190, 189, 191, -1,
      190, 191, 192, -1,
      191, 193, 192, -1,
      192, 193, 194, -1,
      192, 194, 195, -1,
      195, 194, 196, -1,
      195, 196, 197, -1,
      197, 196, 198, -1,
      197, 198, 199, -1,
      199, 198, 200, -1,
      199, 200, 201, -1,
      201, 200, 202, -1,
      201, 202, 203, -1,
      203, 202, 204, -1,
      203, 204, 205, -1,
      205, 204, 206, -1,
      205, 206, 207, -1,
      207, 206, 208, -1,
      207, 208, 209, -1,
      209, 208, 210, -1,
      209, 210, 211, -1,
      211, 210, 212, -1,
      211, 212, 213, -1,
      213, 212, 214, -1,
      213, 214, 215, -1,
      215, 214, 216, -1,
      215, 216, 217, -1,
      217, 216, 218, -1,
      217, 218, 219, -1,
      218, 220, 219, -1,
      219, 220, 221, -1,
      219, 221, 222, -1,
      222, 221, 223, -1,
      222, 223, 224, -1,
      224, 223, 225, -1,
      224, 225, 226, -1,
      226, 225, 227, -1,
      226, 227, 228, -1,
      228, 227, 229, -1,
      228, 229, 230, -1,
      230, 229, 231, -1,
      230, 231, 232, -1,
      232, 231, 233, -1,
      232, 233, 234, -1,
      234, 233, 235, -1,
      234, 235, 236, -1,
      236, 235, 237, -1,
      236, 237, 238, -1,
      238, 237, 239, -1,
      238, 239, 240, -1,
      240, 239, 241, -1,
      240, 241, 242, -1,
      242, 241, 243, -1,
      242, 243, 244, -1,
      244, 243, 245, -1,
      244, 245, 246, -1,
      246, 245, 247, -1,
      246, 247, 166, -1,
      166, 247, 248, -1,
      166, 248, 167, -1,
      188, 190, 249, -1,
      249, 250, 188, -1,
      188, 250, 251, -1,
      188, 251, 186, -1,
      251, 252, 186, -1,
      186, 252, 253, -1,
      186, 253, 184, -1,
      253, 254, 184, -1,
      184, 254, 255, -1,
      184, 255, 182, -1,
      255, 256, 182, -1,
      182, 256, 257, -1,
      182, 257, 180, -1,
      257, 258, 180, -1,
      180, 258, 259, -1,
      180, 259, 178, -1,
      259, 260, 178, -1,
      178, 260, 261, -1,
      178, 261, 176, -1,
      176, 261, 262, -1,
      262, 263, 176, -1,
      176, 263, 264, -1,
      176, 264, 174, -1,
      264, 265, 174, -1,
      174, 265, 266, -1,
      174, 266, 172, -1,
      266, 267, 172, -1,
      172, 267, 268, -1,
      172, 268, 170, -1,
      268, 269, 170, -1,
      170, 269, 270, -1,
      170, 270, 168, -1,
      270, 271, 168, -1,
      168, 271, 272, -1,
      168, 272, 166, -1,
      272, 273, 166, -1,
      166, 273, 274, -1,
      166, 274, 246, -1,
      274, 275, 246, -1,
      246, 275, 276, -1,
      246, 276, 244, -1,
      276, 277, 244, -1,
      244, 277, 278, -1,
      244, 278, 242, -1,
      278, 279, 242, -1,
      242, 279, 280, -1,
      242, 280, 240, -1,
      280, 281, 240, -1,
      240, 281, 282, -1,
      240, 282, 238, -1,
      282, 283, 238, -1,
      238, 283, 284, -1,
      238, 284, 236, -1,
      236, 284, 285, -1,
      236, 285, 234, -1,
      234, 285, 286, -1,
      234, 286, 232, -1,
      286, 287, 232, -1,
      232, 287, 288, -1,
      232, 288, 230, -1,
      288, 289, 230, -1,
      230, 289, 290, -1,
      230, 290, 228, -1,
      290, 291, 228, -1,
      228, 291, 292, -1,
      228, 292, 226, -1,
      292, 293, 226, -1,
      226, 293, 294, -1,
      226, 294, 224, -1,
      294, 295, 224, -1,
      224, 295, 296, -1,
      224, 296, 222, -1,
      296, 297, 222, -1,
      222, 297, 298, -1,
      222, 298, 219, -1,
      298, 299, 219, -1,
      219, 299, 300, -1,
      219, 300, 217, -1,
      300, 301, 217, -1,
      217, 301, 302, -1,
      217, 302, 215, -1,
      302, 303, 215, -1,
      215, 303, 304, -1,
      215, 304, 213, -1,
      304, 305, 213, -1,
      213, 305, 306, -1,
      213, 306, 211, -1,
      306, 307, 211, -1,
      211, 307, 308, -1,
      211, 308, 209, -1,
      308, 309, 209, -1,
      209, 309, 310, -1,
      209, 310, 207, -1,
      310, 311, 207, -1,
      207, 311, 312, -1,
      207, 312, 205, -1,
      312, 313, 205, -1,
      205, 313, 314, -1,
      205, 314, 203, -1,
      314, 315, 203, -1,
      203, 315, 316, -1,
      203, 316, 201, -1,
      316, 317, 201, -1,
      201, 317, 318, -1,
      201, 318, 199, -1,
      318, 319, 199, -1,
      199, 319, 320, -1,
      199, 320, 197, -1,
      320, 321, 197, -1,
      197, 321, 322, -1,
      197, 322, 195, -1,
      322, 323, 195, -1,
      195, 323, 324, -1,
      195, 324, 192, -1,
      192, 324, 325, -1,
      192, 325, 190, -1,
      190, 325, 326, -1,
      190, 326, 249, -1,
      287, 327, 288, -1,
      288, 327, 328, -1,
      288, 328, 289, -1,
      289, 328, 329, -1,
      330, 291, 329, -1,
      329, 291, 290, -1,
      329, 290, 289, -1,
      331, 293, 330, -1,
      330, 293, 292, -1,
      330, 292, 291, -1,
      332, 295, 331, -1,
      331, 295, 294, -1,
      331, 294, 293, -1,
      333, 297, 332, -1,
      332, 297, 296, -1,
      332, 296, 295, -1,
      334, 299, 333, -1,
      333, 299, 298, -1,
      333, 298, 297, -1,
      335, 301, 334, -1,
      334, 301, 300, -1,
      334, 300, 299, -1,
      336, 303, 335, -1,
      335, 303, 302, -1,
      335, 302, 301, -1,
      337, 305, 336, -1,
      336, 305, 304, -1,
      336, 304, 303, -1,
      338, 307, 337, -1,
      337, 307, 306, -1,
      337, 306, 305, -1,
      339, 309, 338, -1,
      338, 309, 308, -1,
      338, 308, 307, -1,
      340, 311, 339, -1,
      339, 311, 310, -1,
      339, 310, 309, -1,
      341, 313, 340, -1,
      340, 313, 312, -1,
      340, 312, 311, -1,
      342, 315, 341, -1,
      341, 315, 314, -1,
      341, 314, 313, -1,
      343, 317, 342, -1,
      342, 317, 316, -1,
      342, 316, 315, -1,
      344, 319, 343, -1,
      343, 319, 318, -1,
      343, 318, 317, -1,
      345, 321, 344, -1,
      344, 321, 320, -1,
      344, 320, 319, -1,
      346, 323, 345, -1,
      345, 323, 322, -1,
      345, 322, 321, -1,
      347, 249, 348, -1,
      348, 249, 326, -1,
      348, 326, 349, -1,
      349, 326, 325, -1,
      349, 325, 346, -1,
      346, 325, 324, -1,
      346, 324, 323, -1,
      350, 251, 347, -1,
      347, 251, 250, -1,
      347, 250, 249, -1,
      351, 253, 350, -1,
      350, 253, 252, -1,
      350, 252, 251, -1,
      352, 255, 351, -1,
      351, 255, 254, -1,
      351, 254, 253, -1,
      353, 257, 352, -1,
      352, 257, 256, -1,
      352, 256, 255, -1,
      354, 259, 353, -1,
      353, 259, 258, -1,
      353, 258, 257, -1,
      355, 261, 354, -1,
      354, 261, 260, -1,
      354, 260, 259, -1,
      356, 263, 355, -1,
      355, 263, 262, -1,
      355, 262, 261, -1,
      357, 265, 356, -1,
      356, 265, 264, -1,
      356, 264, 263, -1,
      358, 267, 357, -1,
      357, 267, 266, -1,
      357, 266, 265, -1,
      359, 269, 358, -1,
      358, 269, 268, -1,
      358, 268, 267, -1,
      360, 271, 359, -1,
      359, 271, 270, -1,
      359, 270, 269, -1,
      361, 273, 360, -1,
      360, 273, 272, -1,
      360, 272, 271, -1,
      362, 275, 361, -1,
      361, 275, 274, -1,
      361, 274, 273, -1,
      363, 277, 362, -1,
      362, 277, 276, -1,
      362, 276, 275, -1,
      364, 279, 363, -1,
      363, 279, 278, -1,
      363, 278, 277, -1,
      365, 281, 364, -1,
      364, 281, 280, -1,
      364, 280, 279, -1,
      366, 283, 365, -1,
      365, 283, 282, -1,
      365, 282, 281, -1,
      287, 286, 327, -1,
      327, 286, 285, -1,
      327, 285, 366, -1,
      366, 285, 284, -1,
      366, 284, 283, -1,
      60, 59, 367, -1,
      367, 59, 53, -1,
      367, 53, 368, -1,
      368, 53, 52, -1,
      368, 52, 369, -1,
      369, 52, 51, -1,
      369, 51, 370, -1,
      370, 51, 50, -1,
      370, 50, 371, -1,
      371, 50, 66, -1,
      371, 66, 372, -1,
      372, 66, 79, -1,
      372, 79, 373, -1,
      373, 79, 78, -1,
      373, 78, 374, -1,
      374, 78, 77, -1,
      374, 77, 375, -1,
      375, 77, 84, -1,
      375, 84, 376, -1,
      376, 84, 83, -1,
      376, 83, 377, -1,
      377, 83, 82, -1,
      377, 82, 378, -1,
      378, 82, 65, -1,
      378, 65, 379, -1,
      379, 65, 64, -1,
      379, 64, 380, -1,
      380, 64, 63, -1,
      380, 63, 381, -1,
      381, 63, 62, -1,
      381, 62, 382, -1,
      382, 62, 76, -1,
      382, 76, 383, -1,
      383, 76, 85, -1,
      383, 85, 384, -1,
      384, 85, 86, -1,
      384, 86, 385, -1,
      385, 86, 75, -1,
      385, 75, 386, -1,
      386, 75, 74, -1,
      386, 74, 387, -1,
      387, 74, 73, -1,
      387, 73, 388, -1,
      388, 73, 72, -1,
      388, 72, 389, -1,
      389, 72, 49, -1,
      389, 49, 390, -1,
      390, 49, 48, -1,
      390, 48, 391, -1,
      391, 48, 70, -1,
      391, 70, 392, -1,
      392, 70, 69, -1,
      392, 69, 393, -1,
      393, 69, 71, -1,
      393, 71, 394, -1,
      394, 71, 81, -1,
      394, 81, 395, -1,
      395, 81, 80, -1,
      395, 80, 396, -1,
      396, 80, 58, -1,
      396, 58, 397, -1,
      397, 58, 57, -1,
      397, 57, 398, -1,
      398, 57, 56, -1,
      398, 56, 399, -1,
      399, 56, 55, -1,
      399, 55, 400, -1,
      400, 55, 44, -1,
      400, 44, 401, -1,
      401, 44, 43, -1,
      401, 43, 402, -1,
      402, 43, 47, -1,
      402, 47, 403, -1,
      403, 47, 54, -1,
      403, 54, 404, -1,
      404, 54, 68, -1,
      404, 68, 405, -1,
      405, 68, 67, -1,
      405, 67, 406, -1,
      406, 67, 46, -1,
      406, 46, 407, -1,
      407, 46, 45, -1,
      407, 45, 408, -1,
      408, 45, 61, -1,
      408, 61, 409, -1,
      409, 61, 60, -1,
      409, 60, 367, -1,
      410, 389, 390, -1,
      391, 411, 390, -1,
      390, 411, 412, -1,
      390, 412, 410, -1,
      392, 413, 391, -1,
      391, 413, 414, -1,
      391, 414, 411, -1,
      393, 415, 392, -1,
      392, 415, 416, -1,
      392, 416, 413, -1,
      394, 417, 393, -1,
      393, 417, 418, -1,
      393, 418, 415, -1,
      395, 419, 394, -1,
      394, 419, 420, -1,
      394, 420, 417, -1,
      396, 421, 395, -1,
      395, 421, 422, -1,
      395, 422, 419, -1,
      397, 423, 396, -1,
      396, 423, 424, -1,
      396, 424, 421, -1,
      425, 426, 398, -1,
      398, 426, 427, -1,
      398, 427, 397, -1,
      397, 427, 428, -1,
      397, 428, 423, -1,
      425, 398, 429, -1,
      429, 398, 399, -1,
      429, 399, 430, -1,
      430, 399, 400, -1,
      430, 400, 431, -1,
      431, 400, 432, -1,
      432, 400, 401, -1,
      432, 401, 433, -1,
      433, 401, 434, -1,
      434, 401, 402, -1,
      434, 402, 435, -1,
      435, 402, 436, -1,
      436, 402, 403, -1,
      436, 403, 437, -1,
      437, 403, 438, -1,
      438, 403, 404, -1,
      438, 404, 439, -1,
      439, 404, 440, -1,
      440, 404, 405, -1,
      440, 405, 441, -1,
      441, 405, 442, -1,
      442, 405, 406, -1,
      442, 406, 443, -1,
      443, 406, 444, -1,
      444, 406, 407, -1,
      444, 407, 445, -1,
      445, 407, 446, -1,
      446, 407, 408, -1,
      446, 408, 447, -1,
      447, 408, 448, -1,
      448, 408, 409, -1,
      448, 409, 449, -1,
      449, 409, 367, -1,
      449, 367, 450, -1,
      450, 367, 451, -1,
      451, 367, 368, -1,
      451, 368, 452, -1,
      452, 368, 453, -1,
      453, 368, 369, -1,
      453, 369, 454, -1,
      454, 369, 455, -1,
      455, 369, 370, -1,
      455, 370, 456, -1,
      456, 370, 457, -1,
      457, 370, 371, -1,
      457, 371, 458, -1,
      458, 371, 459, -1,
      459, 371, 372, -1,
      459, 372, 460, -1,
      460, 372, 461, -1,
      461, 372, 373, -1,
      461, 373, 462, -1,
      462, 373, 463, -1,
      463, 373, 374, -1,
      463, 374, 464, -1,
      464, 374, 465, -1,
      465, 374, 375, -1,
      465, 375, 466, -1,
      466, 375, 467, -1,
      467, 375, 376, -1,
      467, 376, 468, -1,
      378, 469, 377, -1,
      377, 469, 470, -1,
      377, 470, 376, -1,
      376, 470, 471, -1,
      376, 471, 468, -1,
      379, 472, 378, -1,
      378, 472, 473, -1,
      378, 473, 469, -1,
      380, 474, 379, -1,
      379, 474, 475, -1,
      379, 475, 472, -1,
      381, 476, 380, -1,
      380, 476, 477, -1,
      380, 477, 474, -1,
      382, 478, 381, -1,
      381, 478, 479, -1,
      381, 479, 476, -1,
      383, 480, 382, -1,
      382, 480, 481, -1,
      382, 481, 478, -1,
      384, 482, 383, -1,
      383, 482, 483, -1,
      383, 483, 480, -1,
      385, 484, 384, -1,
      384, 484, 485, -1,
      384, 485, 482, -1,
      386, 486, 385, -1,
      385, 486, 487, -1,
      385, 487, 484, -1,
      410, 488, 389, -1,
      389, 488, 489, -1,
      389, 489, 388, -1,
      388, 489, 490, -1,
      388, 490, 387, -1,
      387, 490, 491, -1,
      387, 491, 386, -1,
      386, 491, 492, -1,
      386, 492, 486, -1,
      493, 494, 448, -1,
      448, 494, 495, -1,
      448, 495, 447, -1,
      447, 495, 496, -1,
      447, 496, 446, -1,
      446, 496, 497, -1,
      446, 497, 445, -1,
      445, 497, 498, -1,
      445, 498, 444, -1,
      444, 498, 499, -1,
      444, 499, 443, -1,
      443, 499, 500, -1,
      443, 500, 442, -1,
      442, 500, 501, -1,
      442, 501, 441, -1,
      441, 501, 502, -1,
      441, 502, 440, -1,
      440, 502, 503, -1,
      440, 503, 439, -1,
      439, 503, 504, -1,
      439, 504, 438, -1,
      438, 504, 505, -1,
      438, 505, 437, -1,
      437, 505, 506, -1,
      437, 506, 436, -1,
      436, 506, 507, -1,
      436, 507, 435, -1,
      435, 507, 508, -1,
      435, 508, 434, -1,
      434, 508, 509, -1,
      434, 509, 433, -1,
      433, 509, 510, -1,
      433, 510, 432, -1,
      432, 510, 511, -1,
      432, 511, 431, -1,
      431, 511, 512, -1,
      431, 512, 430, -1,
      430, 512, 513, -1,
      430, 513, 429, -1,
      429, 513, 514, -1,
      429, 514, 425, -1,
      425, 514, 515, -1,
      425, 515, 426, -1,
      426, 515, 516, -1,
      426, 516, 427, -1,
      427, 516, 517, -1,
      427, 517, 428, -1,
      428, 517, 518, -1,
      428, 518, 423, -1,
      423, 518, 519, -1,
      423, 519, 424, -1,
      424, 519, 520, -1,
      424, 520, 421, -1,
      421, 520, 521, -1,
      421, 521, 422, -1,
      422, 521, 522, -1,
      422, 522, 419, -1,
      419, 522, 523, -1,
      419, 523, 420, -1,
      420, 523, 524, -1,
      420, 524, 417, -1,
      417, 524, 525, -1,
      417, 525, 418, -1,
      418, 525, 526, -1,
      418, 526, 415, -1,
      415, 526, 527, -1,
      415, 527, 416, -1,
      416, 527, 528, -1,
      416, 528, 413, -1,
      413, 528, 529, -1,
      413, 529, 414, -1,
      414, 529, 530, -1,
      414, 530, 411, -1,
      411, 530, 531, -1,
      411, 531, 412, -1,
      412, 531, 532, -1,
      412, 532, 410, -1,
      410, 532, 533, -1,
      410, 533, 488, -1,
      488, 533, 534, -1,
      488, 534, 489, -1,
      534, 535, 489, -1,
      489, 535, 536, -1,
      489, 536, 490, -1,
      490, 536, 537, -1,
      490, 537, 491, -1,
      491, 537, 538, -1,
      491, 538, 492, -1,
      492, 538, 539, -1,
      492, 539, 486, -1,
      486, 539, 540, -1,
      486, 540, 487, -1,
      487, 540, 541, -1,
      487, 541, 484, -1,
      484, 541, 542, -1,
      484, 542, 485, -1,
      485, 542, 543, -1,
      485, 543, 482, -1,
      482, 543, 544, -1,
      482, 544, 483, -1,
      483, 544, 545, -1,
      483, 545, 480, -1,
      480, 545, 546, -1,
      480, 546, 481, -1,
      481, 546, 547, -1,
      481, 547, 478, -1,
      478, 547, 548, -1,
      478, 548, 479, -1,
      479, 548, 549, -1,
      479, 549, 476, -1,
      476, 549, 550, -1,
      476, 550, 477, -1,
      477, 550, 551, -1,
      477, 551, 474, -1,
      474, 551, 552, -1,
      474, 552, 475, -1,
      475, 552, 553, -1,
      475, 553, 472, -1,
      472, 553, 554, -1,
      472, 554, 473, -1,
      473, 554, 555, -1,
      473, 555, 469, -1,
      469, 555, 556, -1,
      469, 556, 470, -1,
      470, 556, 557, -1,
      470, 557, 471, -1,
      471, 557, 558, -1,
      471, 558, 468, -1,
      468, 558, 559, -1,
      468, 559, 467, -1,
      467, 559, 560, -1,
      467, 560, 466, -1,
      466, 560, 561, -1,
      466, 561, 465, -1,
      465, 561, 562, -1,
      465, 562, 464, -1,
      464, 562, 563, -1,
      464, 563, 463, -1,
      463, 563, 564, -1,
      463, 564, 462, -1,
      462, 564, 565, -1,
      462, 565, 461, -1,
      461, 565, 566, -1,
      461, 566, 460, -1,
      460, 566, 567, -1,
      460, 567, 459, -1,
      459, 567, 568, -1,
      459, 568, 458, -1,
      458, 568, 569, -1,
      458, 569, 457, -1,
      457, 569, 570, -1,
      457, 570, 456, -1,
      456, 570, 571, -1,
      456, 571, 455, -1,
      455, 571, 572, -1,
      455, 572, 454, -1,
      454, 572, 573, -1,
      454, 573, 453, -1,
      453, 573, 574, -1,
      453, 574, 452, -1,
      452, 574, 575, -1,
      452, 575, 451, -1,
      451, 575, 576, -1,
      451, 576, 450, -1,
      450, 576, 493, -1,
      450, 493, 449, -1,
      449, 493, 448, -1,
      513, 577, 514, -1,
      514, 577, 578, -1,
      514, 578, 515, -1,
      515, 578, 579, -1,
      515, 579, 516, -1,
      516, 579, 580, -1,
      516, 580, 517, -1,
      517, 580, 581, -1,
      517, 581, 518, -1,
      518, 581, 582, -1,
      518, 582, 519, -1,
      519, 582, 583, -1,
      519, 583, 520, -1,
      520, 583, 584, -1,
      520, 584, 521, -1,
      521, 584, 585, -1,
      521, 585, 522, -1,
      522, 585, 586, -1,
      522, 586, 523, -1,
      523, 586, 587, -1,
      523, 587, 524, -1,
      524, 587, 588, -1,
      524, 588, 525, -1,
      525, 588, 589, -1,
      525, 589, 526, -1,
      526, 589, 590, -1,
      526, 590, 527, -1,
      527, 590, 591, -1,
      527, 591, 528, -1,
      528, 591, 592, -1,
      528, 592, 529, -1,
      529, 592, 593, -1,
      529, 593, 530, -1,
      530, 593, 594, -1,
      530, 594, 531, -1,
      531, 594, 595, -1,
      531, 595, 532, -1,
      532, 595, 596, -1,
      532, 596, 533, -1,
      533, 596, 597, -1,
      533, 597, 534, -1,
      534, 597, 598, -1,
      534, 598, 535, -1,
      535, 598, 599, -1,
      535, 599, 536, -1,
      536, 599, 600, -1,
      536, 600, 537, -1,
      537, 600, 601, -1,
      537, 601, 538, -1,
      538, 601, 602, -1,
      538, 602, 539, -1,
      539, 602, 603, -1,
      539, 603, 540, -1,
      540, 603, 604, -1,
      540, 604, 541, -1,
      541, 604, 605, -1,
      541, 605, 542, -1,
      542, 605, 606, -1,
      542, 606, 543, -1,
      543, 606, 607, -1,
      543, 607, 544, -1,
      544, 607, 608, -1,
      544, 608, 545, -1,
      545, 608, 609, -1,
      545, 609, 546, -1,
      546, 609, 610, -1,
      546, 610, 547, -1,
      547, 610, 611, -1,
      547, 611, 548, -1,
      548, 611, 612, -1,
      548, 612, 549, -1,
      549, 612, 613, -1,
      549, 613, 550, -1,
      550, 613, 614, -1,
      550, 614, 551, -1,
      551, 614, 615, -1,
      551, 615, 552, -1,
      552, 615, 616, -1,
      552, 616, 553, -1,
      553, 616, 617, -1,
      553, 617, 554, -1,
      554, 617, 618, -1,
      554, 618, 555, -1,
      555, 618, 619, -1,
      555, 619, 556, -1,
      619, 620, 556, -1,
      556, 620, 621, -1,
      556, 621, 557, -1,
      557, 621, 622, -1,
      557, 622, 558, -1,
      558, 622, 623, -1,
      558, 623, 559, -1,
      559, 623, 624, -1,
      559, 624, 560, -1,
      560, 624, 625, -1,
      560, 625, 561, -1,
      561, 625, 626, -1,
      561, 626, 562, -1,
      562, 626, 627, -1,
      562, 627, 563, -1,
      563, 627, 628, -1,
      563, 628, 564, -1,
      564, 628, 629, -1,
      564, 629, 565, -1,
      565, 629, 630, -1,
      565, 630, 566, -1,
      566, 630, 631, -1,
      566, 631, 567, -1,
      567, 631, 632, -1,
      567, 632, 568, -1,
      568, 632, 633, -1,
      568, 633, 569, -1,
      569, 633, 634, -1,
      569, 634, 570, -1,
      570, 634, 635, -1,
      570, 635, 571, -1,
      571, 635, 636, -1,
      571, 636, 572, -1,
      572, 636, 637, -1,
      572, 637, 573, -1,
      573, 637, 638, -1,
      573, 638, 574, -1,
      574, 638, 639, -1,
      574, 639, 575, -1,
      575, 639, 640, -1,
      575, 640, 576, -1,
      576, 640, 641, -1,
      576, 641, 493, -1,
      493, 641, 642, -1,
      493, 642, 494, -1,
      494, 642, 643, -1,
      494, 643, 495, -1,
      495, 643, 644, -1,
      495, 644, 496, -1,
      496, 644, 645, -1,
      496, 645, 497, -1,
      497, 645, 646, -1,
      497, 646, 498, -1,
      498, 646, 647, -1,
      498, 647, 499, -1,
      499, 647, 648, -1,
      499, 648, 500, -1,
      500, 648, 649, -1,
      500, 649, 501, -1,
      501, 649, 650, -1,
      501, 650, 502, -1,
      502, 650, 651, -1,
      502, 651, 503, -1,
      503, 651, 652, -1,
      503, 652, 504, -1,
      504, 652, 653, -1,
      504, 653, 505, -1,
      505, 653, 654, -1,
      505, 654, 506, -1,
      506, 654, 655, -1,
      506, 655, 507, -1,
      507, 655, 656, -1,
      507, 656, 508, -1,
      508, 656, 657, -1,
      508, 657, 509, -1,
      509, 657, 658, -1,
      509, 658, 510, -1,
      510, 658, 659, -1,
      510, 659, 511, -1,
      511, 659, 660, -1,
      511, 660, 512, -1,
      512, 660, 661, -1,
      512, 661, 513, -1,
      513, 661, 662, -1,
      513, 662, 577, -1,
      663, 664, 598, -1,
      598, 597, 663, -1,
      663, 597, 596, -1,
      663, 596, 665, -1,
      596, 595, 665, -1,
      665, 595, 594, -1,
      665, 594, 666, -1,
      594, 593, 666, -1,
      666, 593, 592, -1,
      666, 592, 667, -1,
      592, 591, 667, -1,
      667, 591, 590, -1,
      667, 590, 668, -1,
      590, 589, 668, -1,
      668, 589, 588, -1,
      668, 588, 669, -1,
      588, 587, 669, -1,
      669, 587, 586, -1,
      669, 586, 670, -1,
      586, 585, 670, -1,
      670, 585, 584, -1,
      670, 584, 671, -1,
      584, 583, 671, -1,
      671, 583, 582, -1,
      671, 582, 672, -1,
      582, 581, 672, -1,
      672, 581, 580, -1,
      672, 580, 673, -1,
      580, 579, 673, -1,
      673, 579, 578, -1,
      673, 578, 674, -1,
      578, 577, 674, -1,
      674, 577, 662, -1,
      674, 662, 675, -1,
      662, 661, 675, -1,
      675, 661, 660, -1,
      675, 660, 676, -1,
      660, 659, 676, -1,
      676, 659, 658, -1,
      676, 658, 677, -1,
      658, 657, 677, -1,
      677, 657, 656, -1,
      677, 656, 678, -1,
      656, 655, 678, -1,
      678, 655, 654, -1,
      678, 654, 679, -1,
      654, 653, 679, -1,
      679, 653, 652, -1,
      679, 652, 680, -1,
      652, 651, 680, -1,
      680, 651, 650, -1,
      680, 650, 681, -1,
      650, 649, 681, -1,
      681, 649, 648, -1,
      681, 648, 682, -1,
      648, 647, 682, -1,
      682, 647, 646, -1,
      682, 646, 683, -1,
      646, 645, 683, -1,
      683, 645, 644, -1,
      683, 644, 684, -1,
      644, 643, 684, -1,
      684, 643, 642, -1,
      684, 642, 685, -1,
      642, 641, 685, -1,
      685, 641, 640, -1,
      685, 640, 686, -1,
      640, 639, 686, -1,
      686, 639, 638, -1,
      686, 638, 687, -1,
      638, 637, 687, -1,
      687, 637, 636, -1,
      687, 636, 688, -1,
      636, 635, 688, -1,
      688, 635, 634, -1,
      688, 634, 689, -1,
      634, 633, 689, -1,
      689, 633, 632, -1,
      689, 632, 690, -1,
      632, 631, 690, -1,
      690, 631, 630, -1,
      690, 630, 691, -1,
      630, 629, 691, -1,
      691, 629, 628, -1,
      691, 628, 692, -1,
      628, 627, 692, -1,
      692, 627, 626, -1,
      692, 626, 693, -1,
      626, 625, 693, -1,
      693, 625, 624, -1,
      693, 624, 694, -1,
      624, 623, 694, -1,
      694, 623, 622, -1,
      694, 622, 695, -1,
      622, 621, 695, -1,
      695, 621, 620, -1,
      695, 620, 696, -1,
      620, 619, 696, -1,
      696, 619, 618, -1,
      696, 618, 697, -1,
      618, 617, 697, -1,
      697, 617, 616, -1,
      697, 616, 698, -1,
      616, 615, 698, -1,
      698, 615, 614, -1,
      698, 614, 699, -1,
      614, 613, 699, -1,
      699, 613, 612, -1,
      699, 612, 700, -1,
      612, 611, 700, -1,
      700, 611, 610, -1,
      700, 610, 701, -1,
      610, 609, 701, -1,
      701, 609, 608, -1,
      701, 608, 702, -1,
      608, 607, 702, -1,
      702, 607, 606, -1,
      702, 606, 703, -1,
      606, 605, 703, -1,
      703, 605, 604, -1,
      703, 604, 704, -1,
      604, 603, 704, -1,
      704, 603, 602, -1,
      704, 602, 705, -1,
      602, 601, 705, -1,
      705, 601, 600, -1,
      705, 600, 664, -1,
      664, 600, 599, -1,
      664, 599, 598, -1,
      664, 233, 705, -1,
      705, 233, 231, -1,
      705, 231, 704, -1,
      704, 231, 229, -1,
      704, 229, 703, -1,
      703, 229, 227, -1,
      703, 227, 702, -1,
      702, 227, 225, -1,
      702, 225, 701, -1,
      701, 225, 223, -1,
      701, 223, 700, -1,
      700, 223, 221, -1,
      700, 221, 699, -1,
      699, 221, 220, -1,
      699, 220, 698, -1,
      698, 220, 218, -1,
      698, 218, 697, -1,
      697, 218, 216, -1,
      697, 216, 696, -1,
      696, 216, 214, -1,
      696, 214, 695, -1,
      695, 214, 212, -1,
      695, 212, 694, -1,
      694, 212, 210, -1,
      694, 210, 693, -1,
      693, 210, 208, -1,
      693, 208, 692, -1,
      692, 208, 206, -1,
      692, 206, 691, -1,
      691, 206, 204, -1,
      691, 204, 690, -1,
      690, 204, 202, -1,
      690, 202, 689, -1,
      689, 202, 200, -1,
      689, 200, 688, -1,
      688, 200, 198, -1,
      688, 198, 687, -1,
      687, 198, 196, -1,
      687, 196, 686, -1,
      686, 196, 194, -1,
      686, 194, 685, -1,
      685, 194, 193, -1,
      685, 193, 684, -1,
      684, 193, 191, -1,
      684, 191, 683, -1,
      683, 191, 189, -1,
      683, 189, 682, -1,
      682, 189, 187, -1,
      682, 187, 681, -1,
      681, 187, 185, -1,
      681, 185, 680, -1,
      680, 185, 183, -1,
      680, 183, 679, -1,
      679, 183, 181, -1,
      679, 181, 678, -1,
      678, 181, 179, -1,
      678, 179, 677, -1,
      677, 179, 177, -1,
      677, 177, 676, -1,
      676, 177, 175, -1,
      676, 175, 675, -1,
      675, 175, 173, -1,
      675, 173, 674, -1,
      674, 173, 171, -1,
      674, 171, 673, -1,
      673, 171, 169, -1,
      673, 169, 672, -1,
      672, 169, 167, -1,
      672, 167, 671, -1,
      671, 167, 248, -1,
      671, 248, 670, -1,
      670, 248, 247, -1,
      670, 247, 669, -1,
      669, 247, 245, -1,
      669, 245, 668, -1,
      668, 245, 243, -1,
      668, 243, 667, -1,
      667, 243, 241, -1,
      667, 241, 666, -1,
      666, 241, 239, -1,
      666, 239, 665, -1,
      665, 239, 237, -1,
      665, 237, 663, -1,
      663, 237, 235, -1,
      663, 235, 664, -1,
      664, 235, 233, -1,
    ]
  }
}

Shape {
  appearance Appearance {
    material Material {
      diffuseColor 1.0000 1.0000 1.0000
      specularColor 0.5020 0.5020 0.5020
      ambientIntensity 0.2
      transparency 0.0000
      shininess 0.5
    }
  }
  geometry IndexedFaceSet {
    ccw TRUE
    solid FALSE
    coord DEF co Coordinate {
      point [
        -0.322835 -0.000000 0.137795,
        -0.318654 0.051786 0.137795,
        -0.306220 0.102231 0.137795,
        -0.285856 0.150029 0.137795,
        -0.258088 0.193941 0.137795,
        -0.223635 0.232829 0.137795,
        -0.183391 0.265688 0.137795,
        -0.138397 0.291665 0.137795,
        -0.089818 0.310089 0.137795,
        -0.038913 0.320481 0.137795,
        0.012999 0.322573 0.137795,
        0.064575 0.316310 0.137795,
        0.114479 0.301856 0.137795,
        0.161417 0.279583 0.137795,
        0.204175 0.250069 0.137795,
        0.241645 0.214079 0.137795,
        0.272857 0.172544 0.137795,
        0.297001 0.126541 0.137795,
        0.313454 0.077259 0.137795,
        0.321788 0.025978 0.137795,
        0.313454 -0.077259 0.137795,
        0.321788 -0.025978 0.137795,
        0.322835 0.000000 0.137795,
        0.297001 -0.126541 0.137795,
        0.272857 -0.172544 0.137795,
        0.241645 -0.214079 0.137795,
        0.204175 -0.250069 0.137795,
        0.161417 -0.279583 0.137795,
        0.114479 -0.301856 0.137795,
        0.064575 -0.316310 0.137795,
        0.012999 -0.322573 0.137795,
        -0.038913 -0.320481 0.137795,
        -0.089818 -0.310089 0.137795,
        -0.138397 -0.291665 0.137795,
        -0.183391 -0.265688 0.137795,
        -0.223635 -0.232829 0.137795,
        -0.258088 -0.193941 0.137795,
        -0.285856 -0.150029 0.137795,
        -0.306220 -0.102231 0.137795,
        -0.318654 -0.051786 0.137795,
        0.098425 0.000000 0.137795,
        0.095071 -0.025474 0.137795,
        0.049213 0.085239 0.137795,
        0.025474 0.095071 0.137795,
        -0.000000 0.098425 0.137795,
        -0.025474 -0.095071 0.137795,
        -0.049213 -0.085239 0.137795,
        -0.069597 0.069597 0.137795,
        -0.049213 0.085239 0.137795,
        -0.025474 0.095071 0.137795,
        0.069597 0.069597 0.137795,
        0.095071 0.025474 0.137795,
        0.085239 0.049213 0.137795,
        0.085239 -0.049213 0.137795,
        0.049213 -0.085239 0.137795,
        0.069597 -0.069597 0.137795,
        0.000000 -0.098425 0.137795,
        0.025474 -0.095071 0.137795,
        -0.085239 -0.049213 0.137795,
        -0.069597 -0.069597 0.137795,
        -0.098425 0.000000 0.137795,
        -0.095071 -0.025474 0.137795,
        -0.085239 0.049213 0.137795,
        -0.095071 0.025474 0.137795,
      ]
    }
    coordIndex [
      21, 40, 41, -1,
      42, 12, 43, -1,
      43, 12, 11, -1,
      43, 11, 44, -1,
      45, 46, 33, -1,
      47, 48, 6, -1,
      11, 10, 44, -1,
      44, 10, 9, -1,
      44, 9, 49, -1,
      49, 9, 8, -1,
      49, 8, 48, -1,
      48, 8, 7, -1,
      48, 7, 6, -1,
      50, 14, 42, -1,
      42, 14, 13, -1,
      42, 13, 12, -1,
      51, 17, 52, -1,
      52, 17, 16, -1,
      52, 16, 50, -1,
      50, 16, 15, -1,
      50, 15, 14, -1,
      21, 22, 40, -1,
      40, 22, 19, -1,
      40, 19, 51, -1,
      51, 19, 18, -1,
      51, 18, 17, -1,
      53, 23, 41, -1,
      41, 23, 20, -1,
      41, 20, 21, -1,
      54, 26, 55, -1,
      55, 26, 25, -1,
      55, 25, 53, -1,
      53, 25, 24, -1,
      53, 24, 23, -1,
      33, 32, 45, -1,
      45, 32, 31, -1,
      45, 31, 56, -1,
      56, 31, 30, -1,
      56, 30, 57, -1,
      58, 36, 59, -1,
      59, 36, 35, -1,
      59, 35, 46, -1,
      46, 35, 34, -1,
      46, 34, 33, -1,
      60, 39, 61, -1,
      61, 39, 38, -1,
      61, 38, 58, -1,
      58, 38, 37, -1,
      58, 37, 36, -1,
      6, 5, 47, -1,
      47, 5, 4, -1,
      47, 4, 62, -1,
      62, 4, 3, -1,
      62, 3, 63, -1,
      30, 29, 57, -1,
      57, 29, 28, -1,
      57, 28, 54, -1,
      54, 28, 27, -1,
      54, 27, 26, -1,
      3, 2, 63, -1,
      63, 2, 1, -1,
      63, 1, 60, -1,
      60, 1, 0, -1,
      60, 0, 39, -1,
    ]
  }
}

Shape {
  appearance Appearance {
    material Material {
      diffuseColor 0.9686 0.8784 0.6000
      specularColor 0.6784 0.6157 0.4196
      ambientIntensity 0.2
      transparency 0.0000
      shininess 0.5
    }
  }
  geometry IndexedFaceSet {
    ccw TRUE
    solid FALSE
    coord DEF co Coordinate {
      point [
        -0.129485 0.047129 -0.003937,
        -0.135702 0.023928 -0.003937,
        -0.137795 0.000000 -0.003937,
        -0.135702 -0.023928 -0.003937,
        0.119334 0.068898 -0.003937,
        0.129485 0.047129 -0.003937,
        0.135702 0.023928 -0.003937,
        -0.119334 0.068898 -0.003937,
        -0.105557 0.088573 -0.003937,
        -0.088573 0.105557 -0.003937,
        0.105557 0.088573 -0.003937,
        0.088573 0.105557 -0.003937,
        0.068898 0.119334 -0.003937,
        0.047129 0.129485 -0.003937,
        0.023928 0.135702 -0.003937,
        -0.000000 0.137795 -0.003937,
        -0.023928 0.135702 -0.003937,
        -0.047129 0.129485 -0.003937,
        -0.068898 0.119334 -0.003937,
        -0.129485 -0.047129 -0.003937,
        -0.119334 -0.068898 -0.003937,
        -0.105557 -0.088573 -0.003937,
        -0.088573 -0.105557 -0.003937,
        -0.068898 -0.119334 -0.003937,
        -0.047129 -0.129485 -0.003937,
        -0.023928 -0.135702 -0.003937,
        0.000000 -0.137795 -0.003937,
        0.023928 -0.135702 -0.003937,
        0.047129 -0.129485 -0.003937,
        0.068898 -0.119334 -0.003937,
        0.088573 -0.105557 -0.003937,
        0.105557 -0.088573 -0.003937,
        0.119334 -0.068898 -0.003937,
        0.129485 -0.047129 -0.003937,
        0.135702 -0.023928 -0.003937,
        0.137795 0.000000 -0.003937,
        0.098425 0.000000 0.137795,
        0.095071 -0.025474 0.137795,
        0.049213 0.085239 0.137795,
        0.025474 0.095071 0.137795,
        -0.000000 0.098425 0.137795,
        -0.025474 -0.095071 0.137795,
        -0.049213 -0.085239 0.137795,
        -0.069597 0.069597 0.137795,
        -0.049213 0.085239 0.137795,
        -0.025474 0.095071 0.137795,
        0.069597 0.069597 0.137795,
        0.095071 0.025474 0.137795,
        0.085239 0.049213 0.137795,
        0.085239 -0.049213 0.137795,
        0.049213 -0.085239 0.137795,
        0.069597 -0.069597 0.137795,
        0.000000 -0.098425 0.137795,
        0.025474 -0.095071 0.137795,
        -0.085239 -0.049213 0.137795,
        -0.069597 -0.069597 0.137795,
        -0.098425 0.000000 0.137795,
        -0.095071 -0.025474 0.137795,
        -0.085239 0.049213 0.137795,
        -0.095071 0.025474 0.137795,
        -0.096274 -0.020464 0.393701,
        -0.089916 -0.040033 0.393701,
        -0.094687 -0.025349 0.393701,
        -0.079628 -0.057853 0.393701,
        -0.084772 -0.048943 0.393701,
        -0.065859 -0.073144 0.393701,
        -0.069297 -0.069327 0.393701,
        -0.030415 -0.093608 0.393701,
        -0.049213 -0.085239 0.393701,
        -0.010288 -0.097886 0.393701,
        -0.025390 -0.094676 0.393701,
        0.010288 -0.097886 0.393701,
        0.000000 -0.097886 0.393701,
        0.030415 -0.093608 0.393701,
        0.025390 -0.094676 0.393701,
        0.065859 -0.073144 0.393701,
        0.049213 -0.085239 0.393701,
        0.079628 -0.057853 0.393701,
        0.069297 -0.069327 0.393701,
        0.089916 -0.040033 0.393701,
        0.084772 -0.048943 0.393701,
        0.096274 -0.020464 0.393701,
        0.094687 -0.025349 0.393701,
        0.096274 0.020464 0.393701,
        0.098425 0.000000 0.393701,
        0.089916 0.040033 0.393701,
        0.094687 0.025349 0.393701,
        0.079628 0.057853 0.393701,
        0.084772 0.048943 0.393701,
        0.065859 0.073144 0.393701,
        0.069297 0.069327 0.393701,
        0.030415 0.093608 0.393701,
        0.049213 0.085239 0.393701,
        0.010288 0.097886 0.393701,
        0.025390 0.094676 0.393701,
        -0.010288 0.097886 0.393701,
        0.000000 0.097886 0.393701,
        -0.030415 0.093608 0.393701,
        -0.025390 0.094676 0.393701,
        -0.065859 0.073144 0.393701,
        -0.049213 0.085239 0.393701,
        -0.079628 0.057853 0.393701,
        -0.069297 0.069327 0.393701,
        -0.089916 0.040033 0.393701,
        -0.084772 0.048943 0.393701,
        -0.098425 0.000000 0.393701,
        -0.096274 0.020464 0.393701,
        -0.094687 0.025349 0.393701,
        -0.017542 0.007810 0.490235,
        -0.018782 0.003992 0.490235,
        0.000000 0.000000 0.492126,
        -0.015535 0.011287 0.490235,
        -0.012848 0.014270 0.490235,
        -0.009601 0.016629 0.490235,
        -0.005934 0.018262 0.490235,
        -0.002007 0.019096 0.490235,
        0.002007 0.019096 0.490235,
        0.005934 0.018262 0.490235,
        0.009601 0.016629 0.490235,
        0.012848 0.014270 0.490235,
        0.015535 0.011287 0.490235,
        0.017542 0.007810 0.490235,
        0.018782 0.003992 0.490235,
        0.019202 0.000000 0.490235,
        0.018782 -0.003992 0.490235,
        0.017542 -0.007810 0.490235,
        0.015535 -0.011287 0.490235,
        0.012848 -0.014270 0.490235,
        0.009601 -0.016629 0.490235,
        0.005934 -0.018262 0.490235,
        0.002007 -0.019096 0.490235,
        -0.002007 -0.019096 0.490235,
        -0.005934 -0.018262 0.490235,
        -0.009601 -0.016629 0.490235,
        -0.012848 -0.014270 0.490235,
        -0.015535 -0.011287 0.490235,
        -0.017542 -0.007810 0.490235,
        -0.018782 -0.003992 0.490235,
        -0.019202 0.000000 0.490235,
        -0.078098 -0.056741 0.412903,
        -0.088188 -0.039264 0.412903,
        -0.064594 -0.071739 0.412903,
        -0.048267 -0.083601 0.412903,
        -0.029831 -0.091809 0.412903,
        -0.010091 -0.096005 0.412903,
        0.010091 -0.096005 0.412903,
        0.029831 -0.091809 0.412903,
        0.048267 -0.083601 0.412903,
        0.064594 -0.071739 0.412903,
        0.078098 -0.056741 0.412903,
        0.088188 -0.039264 0.412903,
        0.094424 -0.020070 0.412903,
        0.096534 0.000000 0.412903,
        0.094424 0.020070 0.412903,
        0.088188 0.039264 0.412903,
        0.078098 0.056741 0.412903,
        0.064594 0.071739 0.412903,
        0.048267 0.083601 0.412903,
        0.029831 0.091809 0.412903,
        0.010091 0.096005 0.412903,
        -0.010091 0.096005 0.412903,
        -0.029831 0.091809 0.412903,
        -0.048267 0.083601 0.412903,
        -0.064594 0.071739 0.412903,
        -0.078098 0.056741 0.412903,
        -0.088188 0.039264 0.412903,
        -0.094424 0.020070 0.412903,
        -0.096534 0.000000 0.412903,
        -0.094424 -0.020070 0.412903,
        -0.088946 0.018906 0.431367,
        -0.083071 0.036986 0.431367,
        -0.073567 0.053449 0.431367,
        -0.060846 0.067576 0.431367,
        -0.045467 0.078750 0.431367,
        -0.028100 0.086482 0.431367,
        -0.009505 0.090435 0.431367,
        0.009505 0.090435 0.431367,
        0.028100 0.086482 0.431367,
        0.045467 0.078750 0.431367,
        0.060846 0.067576 0.431367,
        0.073567 0.053449 0.431367,
        0.083071 0.036986 0.431367,
        0.088946 0.018906 0.431367,
        0.090933 0.000000 0.431367,
        0.088946 -0.018906 0.431367,
        0.083071 -0.036986 0.431367,
        0.073567 -0.053449 0.431367,
        0.060846 -0.067576 0.431367,
        0.045467 -0.078750 0.431367,
        0.028100 -0.086482 0.431367,
        0.009505 -0.090435 0.431367,
        -0.009505 -0.090435 0.431367,
        -0.028100 -0.086482 0.431367,
        -0.045467 -0.078750 0.431367,
        -0.060846 -0.067576 0.431367,
        -0.073567 -0.053449 0.431367,
        -0.083071 -0.036986 0.431367,
        -0.088946 -0.018906 0.431367,
        -0.090933 0.000000 0.431367,
        -0.080049 0.017015 0.448383,
        -0.074762 0.033286 0.448383,
        -0.066208 0.048103 0.448383,
        -0.054760 0.060817 0.448383,
        -0.040919 0.070873 0.448383,
        -0.025289 0.077832 0.448383,
        -0.008554 0.081389 0.448383,
        0.008554 0.081389 0.448383,
        0.025289 0.077832 0.448383,
        0.040919 0.070873 0.448383,
        0.054760 0.060817 0.448383,
        0.066208 0.048103 0.448383,
        0.074762 0.033286 0.448383,
        0.080049 0.017015 0.448383,
        0.081837 0.000000 0.448383,
        0.080049 -0.017015 0.448383,
        0.074762 -0.033286 0.448383,
        0.066208 -0.048103 0.448383,
        0.054760 -0.060817 0.448383,
        0.040919 -0.070873 0.448383,
        0.025289 -0.077832 0.448383,
        0.008554 -0.081389 0.448383,
        -0.008554 -0.081389 0.448383,
        -0.025289 -0.077832 0.448383,
        -0.040919 -0.070873 0.448383,
        -0.054760 -0.060817 0.448383,
        -0.066208 -0.048103 0.448383,
        -0.074762 -0.033286 0.448383,
        -0.080049 -0.017015 0.448383,
        -0.081837 0.000000 0.448383,
        -0.068076 0.014470 0.463298,
        -0.063580 0.028308 0.463298,
        -0.056305 0.040908 0.463298,
        -0.046570 0.051721 0.463298,
        -0.034798 0.060273 0.463298,
        -0.021507 0.066191 0.463298,
        -0.007275 0.069216 0.463298,
        0.007275 0.069216 0.463298,
        0.021507 0.066191 0.463298,
        0.034798 0.060273 0.463298,
        0.046570 0.051721 0.463298,
        0.056305 0.040908 0.463298,
        0.063580 0.028308 0.463298,
        0.068076 0.014470 0.463298,
        0.069597 0.000000 0.463298,
        0.068076 -0.014470 0.463298,
        0.063580 -0.028308 0.463298,
        0.056305 -0.040908 0.463298,
        0.046570 -0.051721 0.463298,
        0.034798 -0.060273 0.463298,
        0.021507 -0.066191 0.463298,
        0.007275 -0.069216 0.463298,
        -0.007275 -0.069216 0.463298,
        -0.021507 -0.066191 0.463298,
        -0.034798 -0.060273 0.463298,
        -0.046570 -0.051721 0.463298,
        -0.056305 -0.040908 0.463298,
        -0.063580 -0.028308 0.463298,
        -0.068076 -0.014470 0.463298,
        -0.069597 0.000000 0.463298,
        -0.053487 0.011369 0.475538,
        -0.049955 0.022241 0.475538,
        -0.044239 0.032141 0.475538,
        -0.036589 0.040637 0.475538,
        -0.027341 0.047356 0.475538,
        -0.016898 0.052006 0.475538,
        -0.005716 0.054383 0.475538,
        0.005716 0.054383 0.475538,
        0.016898 0.052006 0.475538,
        0.027341 0.047356 0.475538,
        0.036589 0.040637 0.475538,
        0.044239 0.032141 0.475538,
        0.049955 0.022241 0.475538,
        0.053487 0.011369 0.475538,
        0.054682 0.000000 0.475538,
        0.053487 -0.011369 0.475538,
        0.049955 -0.022241 0.475538,
        0.044239 -0.032141 0.475538,
        0.036589 -0.040637 0.475538,
        0.027341 -0.047356 0.475538,
        0.016898 -0.052006 0.475538,
        0.005716 -0.054383 0.475538,
        -0.005716 -0.054383 0.475538,
        -0.016898 -0.052006 0.475538,
        -0.027341 -0.047356 0.475538,
        -0.036589 -0.040637 0.475538,
        -0.044239 -0.032141 0.475538,
        -0.049955 -0.022241 0.475538,
        -0.053487 -0.011369 0.475538,
        -0.054682 0.000000 0.475538,
        -0.036843 0.007831 0.484634,
        -0.034409 0.015320 0.484634,
        -0.030472 0.022139 0.484634,
        -0.025203 0.027991 0.484634,
        -0.018833 0.032619 0.484634,
        -0.011639 0.035822 0.484634,
        -0.003937 0.037459 0.484634,
        0.003937 0.037459 0.484634,
        0.011639 0.035822 0.484634,
        0.018833 0.032619 0.484634,
        0.025203 0.027991 0.484634,
        0.030472 0.022139 0.484634,
        0.034409 0.015320 0.484634,
        0.036843 0.007831 0.484634,
        0.037666 0.000000 0.484634,
        0.036843 -0.007831 0.484634,
        0.034409 -0.015320 0.484634,
        0.030472 -0.022139 0.484634,
        0.025203 -0.027991 0.484634,
        0.018833 -0.032619 0.484634,
        0.011639 -0.035822 0.484634,
        0.003937 -0.037459 0.484634,
        -0.003937 -0.037459 0.484634,
        -0.011639 -0.035822 0.484634,
        -0.018833 -0.032619 0.484634,
        -0.025203 -0.027991 0.484634,
        -0.030472 -0.022139 0.484634,
        -0.034409 -0.015320 0.484634,
        -0.036843 -0.007831 0.484634,
        -0.037666 0.000000 0.484634,
        0.000000 0.000000 0.452756,
        -0.014764 0.003956 0.450744,
        -0.013237 0.007642 0.450744,
        -0.015285 0.000000 0.450744,
        -0.007642 0.013237 0.450744,
        -0.003956 0.014764 0.450744,
        -0.010808 0.010808 0.450744,
        0.003956 0.014764 0.450744,
        0.007642 0.013237 0.450744,
        0.000000 0.015285 0.450744,
        0.013237 0.007642 0.450744,
        0.014764 0.003956 0.450744,
        0.010808 0.010808 0.450744,
        0.014764 -0.003956 0.450744,
        0.013237 -0.007642 0.450744,
        0.015285 0.000000 0.450744,
        0.007642 -0.013237 0.450744,
        0.003956 -0.014764 0.450744,
        0.010808 -0.010808 0.450744,
        -0.003956 -0.014764 0.450744,
        -0.007642 -0.013237 0.450744,
        0.000000 -0.015285 0.450744,
        -0.013237 -0.007642 0.450744,
        -0.014764 -0.003956 0.450744,
        -0.010808 -0.010808 0.450744,
        -0.028521 0.007642 0.444844,
        -0.025572 0.014764 0.444844,
        -0.020879 0.020879 0.444844,
        -0.014764 0.025572 0.444844,
        -0.007642 0.028521 0.444844,
        0.000000 0.029528 0.444844,
        0.007642 0.028521 0.444844,
        0.014764 0.025572 0.444844,
        0.020879 0.020879 0.444844,
        0.025572 0.014764 0.444844,
        0.028521 0.007642 0.444844,
        0.029528 0.000000 0.444844,
        0.028521 -0.007642 0.444844,
        0.025572 -0.014764 0.444844,
        0.020879 -0.020879 0.444844,
        0.014764 -0.025572 0.444844,
        0.007642 -0.028521 0.444844,
        0.000000 -0.029528 0.444844,
        -0.007642 -0.028521 0.444844,
        -0.014764 -0.025572 0.444844,
        -0.020879 -0.020879 0.444844,
        -0.025572 -0.014764 0.444844,
        -0.028521 -0.007642 0.444844,
        -0.029528 0.000000 0.444844,
        -0.040335 0.010808 0.435459,
        -0.036164 0.020879 0.435459,
        -0.029528 0.029528 0.435459,
        -0.020879 0.036164 0.435459,
        -0.010808 0.040335 0.435459,
        0.000000 0.041758 0.435459,
        0.010808 0.040335 0.435459,
        0.020879 0.036164 0.435459,
        0.029528 0.029528 0.435459,
        0.036164 0.020879 0.435459,
        0.040335 0.010808 0.435459,
        0.041758 0.000000 0.435459,
        0.040335 -0.010808 0.435459,
        0.036164 -0.020879 0.435459,
        0.029528 -0.029528 0.435459,
        0.020879 -0.036164 0.435459,
        0.010808 -0.040335 0.435459,
        0.000000 -0.041758 0.435459,
        -0.010808 -0.040335 0.435459,
        -0.020879 -0.036164 0.435459,
        -0.029528 -0.029528 0.435459,
        -0.036164 -0.020879 0.435459,
        -0.040335 -0.010808 0.435459,
        -0.041758 0.000000 0.435459,
        -0.049400 0.013237 0.423228,
        -0.044291 0.025572 0.423228,
        -0.036164 0.036164 0.423228,
        -0.025572 0.044291 0.423228,
        -0.013237 0.049400 0.423228,
        0.000000 0.051143 0.423228,
        0.013237 0.049400 0.423228,
        0.025572 0.044291 0.423228,
        0.036164 0.036164 0.423228,
        0.044291 0.025572 0.423228,
        0.049400 0.013237 0.423228,
        0.051143 0.000000 0.423228,
        0.049400 -0.013237 0.423228,
        0.044291 -0.025572 0.423228,
        0.036164 -0.036164 0.423228,
        0.025572 -0.044291 0.423228,
        0.013237 -0.049400 0.423228,
        0.000000 -0.051143 0.423228,
        -0.013237 -0.049400 0.423228,
        -0.025572 -0.044291 0.423228,
        -0.036164 -0.036164 0.423228,
        -0.044291 -0.025572 0.423228,
        -0.049400 -0.013237 0.423228,
        -0.051143 0.000000 0.423228,
        -0.055099 0.014764 0.408985,
        -0.049400 0.028521 0.408985,
        -0.040335 0.040335 0.408985,
        -0.028521 0.049400 0.408985,
        -0.014764 0.055099 0.408985,
        0.000000 0.057043 0.408985,
        0.014764 0.055099 0.408985,
        0.028521 0.049400 0.408985,
        0.040335 0.040335 0.408985,
        0.049400 0.028521 0.408985,
        0.055099 0.014764 0.408985,
        0.057043 0.000000 0.408985,
        0.055099 -0.014764 0.408985,
        0.049400 -0.028521 0.408985,
        0.040335 -0.040335 0.408985,
        0.028521 -0.049400 0.408985,
        0.014764 -0.055099 0.408985,
        0.000000 -0.057043 0.408985,
        -0.014764 -0.055099 0.408985,
        -0.028521 -0.049400 0.408985,
        -0.040335 -0.040335 0.408985,
        -0.049400 -0.028521 0.408985,
        -0.055099 -0.014764 0.408985,
        -0.057043 0.000000 0.408985,
        -0.057043 0.015285 0.393701,
        -0.051143 0.029528 0.393701,
        -0.041758 0.041758 0.393701,
        -0.029528 0.051143 0.393701,
        -0.015285 0.057043 0.393701,
        0.000000 0.059055 0.393701,
        0.015285 0.057043 0.393701,
        0.029528 0.051143 0.393701,
        0.041758 0.041758 0.393701,
        0.051143 0.029528 0.393701,
        0.057043 0.015285 0.393701,
        0.059055 0.000000 0.393701,
        0.057043 -0.015285 0.393701,
        0.051143 -0.029528 0.393701,
        0.041758 -0.041758 0.393701,
        0.029528 -0.051143 0.393701,
        0.015285 -0.057043 0.393701,
        0.000000 -0.059055 0.393701,
        -0.015285 -0.057043 0.393701,
        -0.029528 -0.051143 0.393701,
        -0.041758 -0.041758 0.393701,
        -0.051143 -0.029528 0.393701,
        -0.057043 -0.015285 0.393701,
        -0.059055 0.000000 0.393701,
        -0.058158 0.010255 0.074803,
        -0.056826 0.015226 0.074803,
        -0.055494 0.020198 0.074803,
        -0.051143 0.029528 0.074803,
        -0.045239 0.037960 0.074803,
        -0.041599 0.041599 0.074803,
        -0.037960 0.045239 0.074803,
        -0.029528 0.051143 0.074803,
        -0.020198 0.055494 0.074803,
        -0.015226 0.056826 0.074803,
        -0.010255 0.058158 0.074803,
        -0.000000 0.059055 0.074803,
        0.010255 0.058158 0.074803,
        0.015226 0.056826 0.074803,
        0.020198 0.055494 0.074803,
        0.029528 0.051143 0.074803,
        0.037960 0.045239 0.074803,
        0.041599 0.041599 0.074803,
        0.045239 0.037960 0.074803,
        0.051143 0.029528 0.074803,
        0.055494 0.020198 0.074803,
        0.056826 0.015226 0.074803,
        0.058158 0.010255 0.074803,
        0.059055 0.000000 0.074803,
        0.058158 -0.010255 0.074803,
        0.056826 -0.015226 0.074803,
        0.055494 -0.020198 0.074803,
        0.051143 -0.029528 0.074803,
        0.045239 -0.037960 0.074803,
        0.041599 -0.041599 0.074803,
        0.037960 -0.045239 0.074803,
        0.029528 -0.051143 0.074803,
        0.020198 -0.055494 0.074803,
        0.015226 -0.056826 0.074803,
        0.010255 -0.058158 0.074803,
        0.000000 -0.059055 0.074803,
        -0.010255 -0.058158 0.074803,
        -0.015226 -0.056826 0.074803,
        -0.020198 -0.055494 0.074803,
        -0.029528 -0.051143 0.074803,
        -0.037960 -0.045239 0.074803,
        -0.041599 -0.041599 0.074803,
        -0.045239 -0.037960 0.074803,
        -0.051143 -0.029528 0.074803,
        -0.055494 -0.020198 0.074803,
        -0.056826 -0.015226 0.074803,
        -0.058158 -0.010255 0.074803,
        -0.059055 -0.000000 0.074803,
        -0.057349 -0.020873 0.057282,
        -0.052853 -0.030515 0.057282,
        -0.046751 -0.039229 0.057282,
        -0.039229 -0.046751 0.057282,
        -0.030515 -0.052853 0.057282,
        -0.020873 -0.057349 0.057282,
        -0.010598 -0.060102 0.057282,
        0.000000 -0.061029 0.057282,
        0.010598 -0.060102 0.057282,
        0.020873 -0.057349 0.057282,
        0.030515 -0.052853 0.057282,
        0.039229 -0.046751 0.057282,
        0.046751 -0.039229 0.057282,
        0.052853 -0.030515 0.057282,
        0.057349 -0.020873 0.057282,
        0.060102 -0.010598 0.057282,
        0.061029 0.000000 0.057282,
        0.060102 0.010598 0.057282,
        0.057349 0.020873 0.057282,
        0.052853 0.030515 0.057282,
        0.046751 0.039229 0.057282,
        0.039229 0.046751 0.057282,
        0.030515 0.052853 0.057282,
        0.020873 0.057349 0.057282,
        0.010598 0.060102 0.057282,
        -0.000000 0.061029 0.057282,
        -0.010598 0.060102 0.057282,
        -0.020873 0.057349 0.057282,
        -0.030515 0.052853 0.057282,
        -0.039229 0.046751 0.057282,
        -0.046751 0.039229 0.057282,
        -0.052853 0.030515 0.057282,
        -0.057349 0.020873 0.057282,
        -0.060102 0.010598 0.057282,
        -0.061029 0.000000 0.057282,
        -0.060102 -0.010598 0.057282,
        -0.065837 0.011609 0.040639,
        -0.062821 0.022865 0.040639,
        -0.057896 0.033426 0.040639,
        -0.051212 0.042972 0.040639,
        -0.042972 0.051212 0.040639,
        -0.033426 0.057896 0.040639,
        -0.022865 0.062821 0.040639,
        -0.011609 0.065837 0.040639,
        -0.000000 0.066853 0.040639,
        0.011609 0.065837 0.040639,
        0.022865 0.062821 0.040639,
        0.033426 0.057896 0.040639,
        0.042972 0.051212 0.040639,
        0.051212 0.042972 0.040639,
        0.057896 0.033426 0.040639,
        0.062821 0.022865 0.040639,
        0.065837 0.011609 0.040639,
        0.066853 0.000000 0.040639,
        0.065837 -0.011609 0.040639,
        0.062821 -0.022865 0.040639,
        0.057896 -0.033426 0.040639,
        0.051212 -0.042972 0.040639,
        0.042972 -0.051212 0.040639,
        0.033426 -0.057896 0.040639,
        0.022865 -0.062821 0.040639,
        0.011609 -0.065837 0.040639,
        0.000000 -0.066853 0.040639,
        -0.011609 -0.065837 0.040639,
        -0.022865 -0.062821 0.040639,
        -0.033426 -0.057896 0.040639,
        -0.042972 -0.051212 0.040639,
        -0.051212 -0.042972 0.040639,
        -0.057896 -0.033426 0.040639,
        -0.062821 -0.022865 0.040639,
        -0.065837 -0.011609 0.040639,
        -0.066853 0.000000 0.040639,
        -0.075076 0.013238 0.025709,
        -0.071636 0.026074 0.025709,
        -0.066020 0.038117 0.025709,
        -0.058398 0.049002 0.025709,
        -0.049002 0.058398 0.025709,
        -0.038117 0.066020 0.025709,
        -0.026074 0.071636 0.025709,
        -0.013238 0.075076 0.025709,
        -0.000000 0.076234 0.025709,
        0.013238 0.075076 0.025709,
        0.026074 0.071636 0.025709,
        0.038117 0.066020 0.025709,
        0.049002 0.058398 0.025709,
        0.058398 0.049002 0.025709,
        0.066020 0.038117 0.025709,
        0.071636 0.026074 0.025709,
        0.075076 0.013238 0.025709,
        0.076234 0.000000 0.025709,
        0.075076 -0.013238 0.025709,
        0.071636 -0.026074 0.025709,
        0.066020 -0.038117 0.025709,
        0.058398 -0.049002 0.025709,
        0.049002 -0.058398 0.025709,
        0.038117 -0.066020 0.025709,
        0.026074 -0.071636 0.025709,
        0.013238 -0.075076 0.025709,
        0.000000 -0.076234 0.025709,
        -0.013238 -0.075076 0.025709,
        -0.026074 -0.071636 0.025709,
        -0.038117 -0.066020 0.025709,
        -0.049002 -0.058398 0.025709,
        -0.058398 -0.049002 0.025709,
        -0.066020 -0.038117 0.025709,
        -0.071636 -0.026074 0.025709,
        -0.075076 -0.013238 0.025709,
        -0.076234 0.000000 0.025709,
        -0.087354 0.015403 0.013242,
        -0.083352 0.030338 0.013242,
        -0.076818 0.044351 0.013242,
        -0.067949 0.057016 0.013242,
        -0.057016 0.067949 0.013242,
        -0.044351 0.076818 0.013242,
        -0.030338 0.083352 0.013242,
        -0.015403 0.087354 0.013242,
        -0.000000 0.088702 0.013242,
        0.015403 0.087354 0.013242,
        0.030338 0.083352 0.013242,
        0.044351 0.076818 0.013242,
        0.057016 0.067949 0.013242,
        0.067949 0.057016 0.013242,
        0.076818 0.044351 0.013242,
        0.083352 0.030338 0.013242,
        0.087354 0.015403 0.013242,
        0.088702 0.000000 0.013242,
        0.087354 -0.015403 0.013242,
        0.083352 -0.030338 0.013242,
        0.076818 -0.044351 0.013242,
        0.067949 -0.057016 0.013242,
        0.057016 -0.067949 0.013242,
        0.044351 -0.076818 0.013242,
        0.030338 -0.083352 0.013242,
        0.015403 -0.087354 0.013242,
        0.000000 -0.088702 0.013242,
        -0.015403 -0.087354 0.013242,
        -0.030338 -0.083352 0.013242,
        -0.044351 -0.076818 0.013242,
        -0.057016 -0.067949 0.013242,
        -0.067949 -0.057016 0.013242,
        -0.076818 -0.044351 0.013242,
        -0.083352 -0.030338 0.013242,
        -0.087354 -0.015403 0.013242,
        -0.088702 0.000000 0.013242,
        -0.102057 0.017995 0.003861,
        -0.097381 0.035444 0.003861,
        -0.089747 0.051816 0.003861,
        -0.079386 0.066613 0.003861,
        -0.066613 0.079386 0.003861,
        -0.051816 0.089747 0.003861,
        -0.035444 0.097381 0.003861,
        -0.017995 0.102057 0.003861,
        -0.000000 0.103631 0.003861,
        0.017995 0.102057 0.003861,
        0.035444 0.097381 0.003861,
        0.051816 0.089747 0.003861,
        0.066613 0.079386 0.003861,
        0.079386 0.066613 0.003861,
        0.089747 0.051816 0.003861,
        0.097381 0.035444 0.003861,
        0.102057 0.017995 0.003861,
        0.103631 0.000000 0.003861,
        0.102057 -0.017995 0.003861,
        0.097381 -0.035444 0.003861,
        0.089747 -0.051816 0.003861,
        0.079386 -0.066613 0.003861,
        0.066613 -0.079386 0.003861,
        0.051816 -0.089747 0.003861,
        0.035444 -0.097381 0.003861,
        0.017995 -0.102057 0.003861,
        0.000000 -0.103631 0.003861,
        -0.017995 -0.102057 0.003861,
        -0.035444 -0.097381 0.003861,
        -0.051816 -0.089747 0.003861,
        -0.066613 -0.079386 0.003861,
        -0.079386 -0.066613 0.003861,
        -0.089747 -0.051816 0.003861,
        -0.097381 -0.035444 0.003861,
        -0.102057 -0.017995 0.003861,
        -0.103631 0.000000 0.003861,
        -0.118447 0.020885 -0.001963,
        -0.113020 0.041136 -0.001963,
        -0.104160 0.060137 -0.001963,
        -0.092135 0.077311 -0.001963,
        -0.077311 0.092135 -0.001963,
        -0.060137 0.104160 -0.001963,
        -0.041136 0.113020 -0.001963,
        -0.020885 0.118447 -0.001963,
        -0.000000 0.120274 -0.001963,
        0.020885 0.118447 -0.001963,
        0.041136 0.113020 -0.001963,
        0.060137 0.104160 -0.001963,
        0.077311 0.092135 -0.001963,
        0.092135 0.077311 -0.001963,
        0.104160 0.060137 -0.001963,
        0.113020 0.041136 -0.001963,
        0.118447 0.020885 -0.001963,
        0.120274 0.000000 -0.001963,
        0.118447 -0.020885 -0.001963,
        0.113020 -0.041136 -0.001963,
        0.104160 -0.060137 -0.001963,
        0.092135 -0.077311 -0.001963,
        0.077311 -0.092135 -0.001963,
        0.060137 -0.104160 -0.001963,
        0.041136 -0.113020 -0.001963,
        0.020885 -0.118447 -0.001963,
        0.000000 -0.120274 -0.001963,
        -0.020885 -0.118447 -0.001963,
        -0.041136 -0.113020 -0.001963,
        -0.060137 -0.104160 -0.001963,
        -0.077311 -0.092135 -0.001963,
        -0.092135 -0.077311 -0.001963,
        -0.104160 -0.060137 -0.001963,
        -0.113020 -0.041136 -0.001963,
        -0.118447 -0.020885 -0.001963,
        -0.120274 0.000000 -0.001963,
      ]
    }
    coordIndex [
      56, 57, 60, -1,
      54, 61, 57, -1,
      57, 61, 62, -1,
      57, 62, 60, -1,
      55, 63, 54, -1,
      54, 63, 64, -1,
      54, 64, 61, -1,
      42, 65, 55, -1,
      55, 65, 66, -1,
      55, 66, 63, -1,
      41, 67, 42, -1,
      42, 67, 68, -1,
      42, 68, 65, -1,
      52, 69, 41, -1,
      41, 69, 70, -1,
      41, 70, 67, -1,
      53, 71, 52, -1,
      52, 71, 72, -1,
      52, 72, 69, -1,
      50, 73, 53, -1,
      53, 73, 74, -1,
      53, 74, 71, -1,
      51, 75, 50, -1,
      50, 75, 76, -1,
      50, 76, 73, -1,
      49, 77, 51, -1,
      51, 77, 78, -1,
      51, 78, 75, -1,
      37, 79, 49, -1,
      49, 79, 80, -1,
      49, 80, 77, -1,
      36, 81, 37, -1,
      37, 81, 82, -1,
      37, 82, 79, -1,
      47, 83, 36, -1,
      36, 83, 84, -1,
      36, 84, 81, -1,
      48, 85, 47, -1,
      47, 85, 86, -1,
      47, 86, 83, -1,
      46, 87, 48, -1,
      48, 87, 88, -1,
      48, 88, 85, -1,
      38, 89, 46, -1,
      46, 89, 90, -1,
      46, 90, 87, -1,
      39, 91, 38, -1,
      38, 91, 92, -1,
      38, 92, 89, -1,
      40, 93, 39, -1,
      39, 93, 94, -1,
      39, 94, 91, -1,
      45, 95, 40, -1,
      40, 95, 96, -1,
      40, 96, 93, -1,
      44, 97, 45, -1,
      45, 97, 98, -1,
      45, 98, 95, -1,
      43, 99, 44, -1,
      44, 99, 100, -1,
      44, 100, 97, -1,
      58, 101, 43, -1,
      43, 101, 102, -1,
      43, 102, 99, -1,
      59, 103, 58, -1,
      58, 103, 104, -1,
      58, 104, 101, -1,
      60, 105, 56, -1,
      56, 105, 106, -1,
      56, 106, 59, -1,
      59, 106, 107, -1,
      59, 107, 103, -1,
      108, 109, 110, -1,
      108, 110, 111, -1,
      112, 111, 110, -1,
      113, 112, 110, -1,
      114, 113, 110, -1,
      115, 114, 110, -1,
      116, 115, 110, -1,
      117, 116, 110, -1,
      118, 117, 110, -1,
      119, 118, 110, -1,
      120, 119, 110, -1,
      121, 120, 110, -1,
      122, 121, 110, -1,
      123, 122, 110, -1,
      124, 123, 110, -1,
      125, 124, 110, -1,
      126, 125, 110, -1,
      127, 126, 110, -1,
      128, 127, 110, -1,
      129, 128, 110, -1,
      130, 129, 110, -1,
      131, 130, 110, -1,
      132, 131, 110, -1,
      133, 132, 110, -1,
      134, 133, 110, -1,
      135, 134, 110, -1,
      136, 135, 110, -1,
      137, 136, 110, -1,
      138, 137, 110, -1,
      109, 138, 110, -1,
      64, 139, 140, -1,
      64, 63, 139, -1,
      139, 63, 66, -1,
      139, 66, 141, -1,
      66, 65, 141, -1,
      141, 65, 68, -1,
      141, 68, 142, -1,
      142, 68, 67, -1,
      142, 67, 143, -1,
      143, 67, 70, -1,
      143, 70, 144, -1,
      70, 69, 144, -1,
      144, 69, 72, -1,
      144, 72, 145, -1,
      72, 71, 145, -1,
      145, 71, 74, -1,
      145, 74, 146, -1,
      74, 73, 146, -1,
      146, 73, 76, -1,
      146, 76, 147, -1,
      147, 76, 75, -1,
      147, 75, 148, -1,
      148, 75, 78, -1,
      148, 78, 149, -1,
      78, 77, 149, -1,
      149, 77, 80, -1,
      149, 80, 150, -1,
      80, 79, 150, -1,
      150, 79, 82, -1,
      150, 82, 151, -1,
      82, 81, 151, -1,
      151, 81, 84, -1,
      151, 84, 152, -1,
      152, 84, 83, -1,
      152, 83, 153, -1,
      153, 83, 86, -1,
      153, 86, 154, -1,
      86, 85, 154, -1,
      154, 85, 88, -1,
      154, 88, 155, -1,
      88, 87, 155, -1,
      155, 87, 90, -1,
      155, 90, 156, -1,
      90, 89, 156, -1,
      156, 89, 92, -1,
      156, 92, 157, -1,
      157, 92, 91, -1,
      157, 91, 158, -1,
      158, 91, 94, -1,
      158, 94, 159, -1,
      94, 93, 159, -1,
      159, 93, 96, -1,
      159, 96, 160, -1,
      96, 95, 160, -1,
      160, 95, 98, -1,
      160, 98, 161, -1,
      98, 97, 161, -1,
      161, 97, 100, -1,
      161, 100, 162, -1,
      162, 100, 99, -1,
      162, 99, 163, -1,
      163, 99, 102, -1,
      163, 102, 164, -1,
      102, 101, 164, -1,
      164, 101, 104, -1,
      164, 104, 165, -1,
      104, 103, 165, -1,
      165, 103, 107, -1,
      165, 107, 166, -1,
      107, 106, 166, -1,
      166, 106, 105, -1,
      166, 105, 167, -1,
      167, 105, 60, -1,
      167, 60, 168, -1,
      168, 60, 62, -1,
      168, 62, 140, -1,
      140, 62, 61, -1,
      140, 61, 64, -1,
      167, 169, 166, -1,
      166, 169, 170, -1,
      166, 170, 165, -1,
      165, 170, 171, -1,
      165, 171, 164, -1,
      164, 171, 172, -1,
      164, 172, 163, -1,
      163, 172, 173, -1,
      163, 173, 162, -1,
      162, 173, 174, -1,
      162, 174, 161, -1,
      161, 174, 175, -1,
      161, 175, 160, -1,
      160, 175, 176, -1,
      160, 176, 159, -1,
      159, 176, 177, -1,
      159, 177, 158, -1,
      158, 177, 178, -1,
      158, 178, 157, -1,
      157, 178, 179, -1,
      157, 179, 156, -1,
      156, 179, 180, -1,
      156, 180, 155, -1,
      155, 180, 181, -1,
      155, 181, 154, -1,
      154, 181, 182, -1,
      154, 182, 153, -1,
      153, 182, 183, -1,
      153, 183, 152, -1,
      152, 183, 184, -1,
      152, 184, 151, -1,
      151, 184, 185, -1,
      151, 185, 150, -1,
      150, 185, 186, -1,
      150, 186, 149, -1,
      149, 186, 187, -1,
      149, 187, 148, -1,
      148, 187, 188, -1,
      148, 188, 147, -1,
      147, 188, 189, -1,
      147, 189, 146, -1,
      146, 189, 190, -1,
      146, 190, 145, -1,
      145, 190, 191, -1,
      145, 191, 144, -1,
      144, 191, 192, -1,
      144, 192, 143, -1,
      143, 192, 193, -1,
      143, 193, 142, -1,
      142, 193, 194, -1,
      142, 194, 141, -1,
      141, 194, 195, -1,
      141, 195, 139, -1,
      139, 195, 196, -1,
      139, 196, 140, -1,
      140, 196, 197, -1,
      140, 197, 168, -1,
      168, 197, 198, -1,
      168, 198, 167, -1,
      167, 198, 169, -1,
      198, 199, 169, -1,
      169, 199, 200, -1,
      169, 200, 170, -1,
      170, 200, 201, -1,
      170, 201, 171, -1,
      171, 201, 202, -1,
      171, 202, 172, -1,
      172, 202, 203, -1,
      172, 203, 173, -1,
      173, 203, 204, -1,
      173, 204, 174, -1,
      174, 204, 205, -1,
      174, 205, 175, -1,
      175, 205, 206, -1,
      175, 206, 176, -1,
      176, 206, 207, -1,
      176, 207, 177, -1,
      177, 207, 208, -1,
      177, 208, 178, -1,
      178, 208, 209, -1,
      178, 209, 179, -1,
      179, 209, 210, -1,
      179, 210, 180, -1,
      180, 210, 211, -1,
      180, 211, 181, -1,
      181, 211, 212, -1,
      181, 212, 182, -1,
      182, 212, 213, -1,
      182, 213, 183, -1,
      183, 213, 214, -1,
      183, 214, 184, -1,
      184, 214, 215, -1,
      184, 215, 185, -1,
      185, 215, 216, -1,
      185, 216, 186, -1,
      186, 216, 217, -1,
      186, 217, 187, -1,
      187, 217, 218, -1,
      187, 218, 188, -1,
      188, 218, 219, -1,
      188, 219, 189, -1,
      189, 219, 220, -1,
      189, 220, 190, -1,
      190, 220, 221, -1,
      190, 221, 191, -1,
      191, 221, 222, -1,
      191, 222, 192, -1,
      192, 222, 223, -1,
      192, 223, 193, -1,
      193, 223, 224, -1,
      193, 224, 194, -1,
      194, 224, 225, -1,
      194, 225, 195, -1,
      195, 225, 226, -1,
      195, 226, 196, -1,
      196, 226, 227, -1,
      196, 227, 197, -1,
      197, 227, 228, -1,
      197, 228, 198, -1,
      198, 228, 199, -1,
      228, 229, 199, -1,
      199, 229, 230, -1,
      199, 230, 200, -1,
      200, 230, 231, -1,
      200, 231, 201, -1,
      201, 231, 232, -1,
      201, 232, 202, -1,
      202, 232, 233, -1,
      202, 233, 203, -1,
      203, 233, 234, -1,
      203, 234, 204, -1,
      204, 234, 235, -1,
      204, 235, 205, -1,
      205, 235, 236, -1,
      205, 236, 206, -1,
      206, 236, 237, -1,
      206, 237, 207, -1,
      207, 237, 238, -1,
      207, 238, 208, -1,
      208, 238, 239, -1,
      208, 239, 209, -1,
      209, 239, 240, -1,
      209, 240, 210, -1,
      210, 240, 241, -1,
      210, 241, 211, -1,
      211, 241, 242, -1,
      211, 242, 212, -1,
      212, 242, 243, -1,
      212, 243, 213, -1,
      213, 243, 244, -1,
      213, 244, 214, -1,
      214, 244, 245, -1,
      214, 245, 215, -1,
      215, 245, 246, -1,
      215, 246, 216, -1,
      216, 246, 247, -1,
      216, 247, 217, -1,
      217, 247, 248, -1,
      217, 248, 218, -1,
      218, 248, 249, -1,
      218, 249, 219, -1,
      219, 249, 250, -1,
      219, 250, 220, -1,
      220, 250, 251, -1,
      220, 251, 221, -1,
      221, 251, 252, -1,
      221, 252, 222, -1,
      222, 252, 253, -1,
      222, 253, 223, -1,
      223, 253, 254, -1,
      223, 254, 224, -1,
      224, 254, 255, -1,
      224, 255, 225, -1,
      225, 255, 256, -1,
      225, 256, 226, -1,
      226, 256, 257, -1,
      226, 257, 227, -1,
      227, 257, 258, -1,
      227, 258, 228, -1,
      228, 258, 229, -1,
      258, 259, 229, -1,
      229, 259, 260, -1,
      229, 260, 230, -1,
      230, 260, 261, -1,
      230, 261, 231, -1,
      231, 261, 262, -1,
      231, 262, 232, -1,
      232, 262, 263, -1,
      232, 263, 233, -1,
      233, 263, 264, -1,
      233, 264, 234, -1,
      234, 264, 265, -1,
      234, 265, 235, -1,
      235, 265, 266, -1,
      235, 266, 236, -1,
      236, 266, 267, -1,
      236, 267, 237, -1,
      237, 267, 268, -1,
      237, 268, 238, -1,
      238, 268, 269, -1,
      238, 269, 239, -1,
      239, 269, 270, -1,
      239, 270, 240, -1,
      240, 270, 271, -1,
      240, 271, 241, -1,
      241, 271, 272, -1,
      241, 272, 242, -1,
      242, 272, 273, -1,
      242, 273, 243, -1,
      243, 273, 274, -1,
      243, 274, 244, -1,
      244, 274, 275, -1,
      244, 275, 245, -1,
      245, 275, 276, -1,
      245, 276, 246, -1,
      246, 276, 277, -1,
      246, 277, 247, -1,
      247, 277, 278, -1,
      247, 278, 248, -1,
      248, 278, 279, -1,
      248, 279, 249, -1,
      249, 279, 280, -1,
      249, 280, 250, -1,
      250, 280, 281, -1,
      250, 281, 251, -1,
      251, 281, 282, -1,
      251, 282, 252, -1,
      252, 282, 283, -1,
      252, 283, 253, -1,
      253, 283, 284, -1,
      253, 284, 254, -1,
      254, 284, 285, -1,
      254, 285, 255, -1,
      255, 285, 286, -1,
      255, 286, 256, -1,
      256, 286, 287, -1,
      256, 287, 257, -1,
      257, 287, 288, -1,
      257, 288, 258, -1,
      258, 288, 259, -1,
      288, 289, 259, -1,
      259, 289, 290, -1,
      259, 290, 260, -1,
      260, 290, 291, -1,
      260, 291, 261, -1,
      261, 291, 292, -1,
      261, 292, 262, -1,
      262, 292, 293, -1,
      262, 293, 263, -1,
      263, 293, 294, -1,
      263, 294, 264, -1,
      264, 294, 295, -1,
      264, 295, 265, -1,
      265, 295, 296, -1,
      265, 296, 266, -1,
      266, 296, 297, -1,
      266, 297, 267, -1,
      267, 297, 298, -1,
      267, 298, 268, -1,
      268, 298, 299, -1,
      268, 299, 269, -1,
      269, 299, 300, -1,
      269, 300, 270, -1,
      270, 300, 301, -1,
      270, 301, 271, -1,
      271, 301, 302, -1,
      271, 302, 272, -1,
      272, 302, 303, -1,
      272, 303, 273, -1,
      273, 303, 304, -1,
      273, 304, 274, -1,
      274, 304, 305, -1,
      274, 305, 275, -1,
      275, 305, 306, -1,
      275, 306, 276, -1,
      276, 306, 307, -1,
      276, 307, 277, -1,
      277, 307, 308, -1,
      277, 308, 278, -1,
      278, 308, 309, -1,
      278, 309, 279, -1,
      279, 309, 310, -1,
      279, 310, 280, -1,
      280, 310, 311, -1,
      280, 311, 281, -1,
      281, 311, 312, -1,
      281, 312, 282, -1,
      282, 312, 313, -1,
      282, 313, 283, -1,
      283, 313, 314, -1,
      283, 314, 284, -1,
      284, 314, 315, -1,
      284, 315, 285, -1,
      285, 315, 316, -1,
      285, 316, 286, -1,
      286, 316, 317, -1,
      286, 317, 287, -1,
      287, 317, 318, -1,
      287, 318, 288, -1,
      288, 318, 289, -1,
      318, 109, 289, -1,
      289, 109, 108, -1,
      289, 108, 290, -1,
      290, 108, 111, -1,
      290, 111, 291, -1,
      291, 111, 112, -1,
      291, 112, 292, -1,
      292, 112, 113, -1,
      292, 113, 293, -1,
      293, 113, 114, -1,
      293, 114, 294, -1,
      294, 114, 115, -1,
      294, 115, 295, -1,
      295, 115, 116, -1,
      295, 116, 296, -1,
      296, 116, 117, -1,
      296, 117, 297, -1,
      297, 117, 118, -1,
      297, 118, 298, -1,
      298, 118, 119, -1,
      298, 119, 299, -1,
      299, 119, 120, -1,
      299, 120, 300, -1,
      300, 120, 121, -1,
      300, 121, 301, -1,
      301, 121, 122, -1,
      301, 122, 302, -1,
      302, 122, 123, -1,
      302, 123, 303, -1,
      303, 123, 124, -1,
      303, 124, 304, -1,
      304, 124, 125, -1,
      304, 125, 305, -1,
      305, 125, 126, -1,
      305, 126, 306, -1,
      306, 126, 127, -1,
      306, 127, 307, -1,
      307, 127, 128, -1,
      307, 128, 308, -1,
      308, 128, 129, -1,
      308, 129, 309, -1,
      309, 129, 130, -1,
      309, 130, 310, -1,
      310, 130, 131, -1,
      310, 131, 311, -1,
      311, 131, 132, -1,
      311, 132, 312, -1,
      312, 132, 133, -1,
      312, 133, 313, -1,
      313, 133, 134, -1,
      313, 134, 314, -1,
      314, 134, 135, -1,
      314, 135, 315, -1,
      315, 135, 136, -1,
      315, 136, 316, -1,
      316, 136, 137, -1,
      316, 137, 317, -1,
      317, 137, 138, -1,
      317, 138, 318, -1,
      318, 138, 109, -1,
      319, 320, 321, -1,
      322, 320, 319, -1,
      319, 323, 324, -1,
      325, 323, 319, -1,
      321, 325, 319, -1,
      319, 326, 327, -1,
      328, 326, 319, -1,
      324, 328, 319, -1,
      319, 329, 330, -1,
      331, 329, 319, -1,
      327, 331, 319, -1,
      319, 332, 333, -1,
      334, 332, 319, -1,
      330, 334, 319, -1,
      319, 335, 336, -1,
      337, 335, 319, -1,
      333, 337, 319, -1,
      319, 338, 339, -1,
      340, 338, 319, -1,
      336, 340, 319, -1,
      319, 341, 342, -1,
      343, 341, 319, -1,
      339, 343, 319, -1,
      342, 322, 319, -1,
      320, 344, 321, -1,
      321, 344, 345, -1,
      321, 345, 325, -1,
      325, 345, 346, -1,
      325, 346, 323, -1,
      323, 346, 347, -1,
      323, 347, 324, -1,
      324, 347, 348, -1,
      324, 348, 328, -1,
      328, 348, 349, -1,
      328, 349, 326, -1,
      326, 349, 350, -1,
      326, 350, 327, -1,
      327, 350, 351, -1,
      327, 351, 331, -1,
      331, 351, 352, -1,
      331, 352, 329, -1,
      329, 352, 353, -1,
      329, 353, 330, -1,
      330, 353, 354, -1,
      330, 354, 334, -1,
      334, 354, 355, -1,
      334, 355, 332, -1,
      332, 355, 356, -1,
      332, 356, 333, -1,
      333, 356, 357, -1,
      333, 357, 337, -1,
      337, 357, 358, -1,
      337, 358, 335, -1,
      335, 358, 359, -1,
      335, 359, 336, -1,
      336, 359, 360, -1,
      336, 360, 340, -1,
      340, 360, 361, -1,
      340, 361, 338, -1,
      338, 361, 362, -1,
      338, 362, 339, -1,
      339, 362, 363, -1,
      339, 363, 343, -1,
      343, 363, 364, -1,
      343, 364, 341, -1,
      341, 364, 365, -1,
      341, 365, 342, -1,
      342, 365, 366, -1,
      342, 366, 322, -1,
      322, 366, 367, -1,
      322, 367, 320, -1,
      320, 367, 344, -1,
      344, 368, 345, -1,
      345, 368, 369, -1,
      345, 369, 346, -1,
      346, 369, 370, -1,
      346, 370, 347, -1,
      347, 370, 371, -1,
      347, 371, 348, -1,
      348, 371, 372, -1,
      348, 372, 349, -1,
      349, 372, 373, -1,
      349, 373, 350, -1,
      350, 373, 374, -1,
      350, 374, 351, -1,
      351, 374, 375, -1,
      351, 375, 352, -1,
      352, 375, 376, -1,
      352, 376, 353, -1,
      353, 376, 377, -1,
      353, 377, 354, -1,
      354, 377, 378, -1,
      354, 378, 355, -1,
      355, 378, 379, -1,
      355, 379, 356, -1,
      356, 379, 380, -1,
      356, 380, 357, -1,
      357, 380, 381, -1,
      357, 381, 358, -1,
      358, 381, 382, -1,
      358, 382, 359, -1,
      359, 382, 383, -1,
      359, 383, 360, -1,
      360, 383, 384, -1,
      360, 384, 361, -1,
      361, 384, 385, -1,
      361, 385, 362, -1,
      362, 385, 386, -1,
      362, 386, 363, -1,
      363, 386, 387, -1,
      363, 387, 364, -1,
      364, 387, 388, -1,
      364, 388, 365, -1,
      365, 388, 389, -1,
      365, 389, 366, -1,
      366, 389, 390, -1,
      366, 390, 367, -1,
      367, 390, 391, -1,
      367, 391, 344, -1,
      344, 391, 368, -1,
      368, 392, 369, -1,
      369, 392, 393, -1,
      369, 393, 370, -1,
      370, 393, 394, -1,
      370, 394, 371, -1,
      371, 394, 395, -1,
      371, 395, 372, -1,
      372, 395, 396, -1,
      372, 396, 373, -1,
      373, 396, 397, -1,
      373, 397, 374, -1,
      374, 397, 398, -1,
      374, 398, 375, -1,
      375, 398, 399, -1,
      375, 399, 376, -1,
      376, 399, 400, -1,
      376, 400, 377, -1,
      377, 400, 401, -1,
      377, 401, 378, -1,
      378, 401, 402, -1,
      378, 402, 379, -1,
      379, 402, 403, -1,
      379, 403, 380, -1,
      380, 403, 404, -1,
      380, 404, 381, -1,
      381, 404, 405, -1,
      381, 405, 382, -1,
      382, 405, 406, -1,
      382, 406, 383, -1,
      383, 406, 407, -1,
      383, 407, 384, -1,
      384, 407, 408, -1,
      384, 408, 385, -1,
      385, 408, 409, -1,
      385, 409, 386, -1,
      386, 409, 410, -1,
      386, 410, 387, -1,
      387, 410, 411, -1,
      387, 411, 388, -1,
      388, 411, 412, -1,
      388, 412, 389, -1,
      389, 412, 413, -1,
      389, 413, 390, -1,
      390, 413, 414, -1,
      390, 414, 391, -1,
      391, 414, 415, -1,
      391, 415, 368, -1,
      368, 415, 392, -1,
      392, 416, 393, -1,
      393, 416, 417, -1,
      393, 417, 394, -1,
      394, 417, 418, -1,
      394, 418, 395, -1,
      395, 418, 419, -1,
      395, 419, 396, -1,
      396, 419, 420, -1,
      396, 420, 397, -1,
      397, 420, 421, -1,
      397, 421, 398, -1,
      398, 421, 422, -1,
      398, 422, 399, -1,
      399, 422, 423, -1,
      399, 423, 400, -1,
      400, 423, 424, -1,
      400, 424, 401, -1,
      401, 424, 425, -1,
      401, 425, 402, -1,
      402, 425, 426, -1,
      402, 426, 403, -1,
      403, 426, 427, -1,
      403, 427, 404, -1,
      404, 427, 428, -1,
      404, 428, 405, -1,
      405, 428, 429, -1,
      405, 429, 406, -1,
      406, 429, 430, -1,
      406, 430, 407, -1,
      407, 430, 431, -1,
      407, 431, 408, -1,
      408, 431, 432, -1,
      408, 432, 409, -1,
      409, 432, 433, -1,
      409, 433, 410, -1,
      410, 433, 434, -1,
      410, 434, 411, -1,
      411, 434, 435, -1,
      411, 435, 412, -1,
      412, 435, 436, -1,
      412, 436, 413, -1,
      413, 436, 437, -1,
      413, 437, 414, -1,
      414, 437, 438, -1,
      414, 438, 415, -1,
      415, 438, 439, -1,
      415, 439, 392, -1,
      392, 439, 416, -1,
      416, 440, 417, -1,
      417, 440, 441, -1,
      417, 441, 418, -1,
      418, 441, 442, -1,
      418, 442, 419, -1,
      419, 442, 443, -1,
      419, 443, 420, -1,
      420, 443, 444, -1,
      420, 444, 421, -1,
      421, 444, 445, -1,
      421, 445, 422, -1,
      422, 445, 446, -1,
      422, 446, 423, -1,
      423, 446, 447, -1,
      423, 447, 424, -1,
      424, 447, 448, -1,
      424, 448, 425, -1,
      425, 448, 449, -1,
      425, 449, 426, -1,
      426, 449, 450, -1,
      426, 450, 427, -1,
      427, 450, 451, -1,
      427, 451, 428, -1,
      428, 451, 452, -1,
      428, 452, 429, -1,
      429, 452, 453, -1,
      429, 453, 430, -1,
      430, 453, 454, -1,
      430, 454, 431, -1,
      431, 454, 455, -1,
      431, 455, 432, -1,
      432, 455, 456, -1,
      432, 456, 433, -1,
      433, 456, 457, -1,
      433, 457, 434, -1,
      434, 457, 458, -1,
      434, 458, 435, -1,
      435, 458, 459, -1,
      435, 459, 436, -1,
      436, 459, 460, -1,
      436, 460, 437, -1,
      437, 460, 461, -1,
      437, 461, 438, -1,
      438, 461, 462, -1,
      438, 462, 439, -1,
      439, 462, 463, -1,
      439, 463, 416, -1,
      416, 463, 440, -1,
      464, 440, 463, -1,
      464, 465, 440, -1,
      440, 465, 466, -1,
      440, 466, 441, -1,
      466, 467, 441, -1,
      441, 467, 468, -1,
      441, 468, 442, -1,
      468, 469, 442, -1,
      442, 469, 470, -1,
      442, 470, 443, -1,
      470, 471, 443, -1,
      443, 471, 472, -1,
      443, 472, 444, -1,
      472, 473, 444, -1,
      444, 473, 474, -1,
      444, 474, 445, -1,
      474, 475, 445, -1,
      445, 475, 476, -1,
      445, 476, 446, -1,
      476, 477, 446, -1,
      446, 477, 478, -1,
      446, 478, 447, -1,
      478, 479, 447, -1,
      447, 479, 480, -1,
      447, 480, 448, -1,
      480, 481, 448, -1,
      448, 481, 482, -1,
      448, 482, 449, -1,
      482, 483, 449, -1,
      449, 483, 484, -1,
      449, 484, 450, -1,
      484, 485, 450, -1,
      450, 485, 486, -1,
      450, 486, 451, -1,
      486, 487, 451, -1,
      451, 487, 488, -1,
      451, 488, 452, -1,
      488, 489, 452, -1,
      452, 489, 490, -1,
      452, 490, 453, -1,
      490, 491, 453, -1,
      453, 491, 492, -1,
      453, 492, 454, -1,
      492, 493, 454, -1,
      454, 493, 494, -1,
      454, 494, 455, -1,
      494, 495, 455, -1,
      455, 495, 496, -1,
      455, 496, 456, -1,
      496, 497, 456, -1,
      456, 497, 498, -1,
      456, 498, 457, -1,
      498, 499, 457, -1,
      457, 499, 500, -1,
      457, 500, 458, -1,
      500, 501, 458, -1,
      458, 501, 502, -1,
      458, 502, 459, -1,
      502, 503, 459, -1,
      459, 503, 504, -1,
      459, 504, 460, -1,
      504, 505, 460, -1,
      460, 505, 506, -1,
      460, 506, 461, -1,
      506, 507, 461, -1,
      461, 507, 508, -1,
      461, 508, 462, -1,
      508, 509, 462, -1,
      462, 509, 510, -1,
      462, 510, 463, -1,
      463, 510, 511, -1,
      463, 511, 464, -1,
      512, 507, 513, -1,
      513, 507, 506, -1,
      513, 506, 514, -1,
      514, 506, 505, -1,
      514, 505, 515, -1,
      505, 504, 515, -1,
      515, 504, 503, -1,
      515, 503, 516, -1,
      516, 503, 502, -1,
      516, 502, 517, -1,
      517, 502, 501, -1,
      517, 501, 518, -1,
      501, 500, 518, -1,
      518, 500, 499, -1,
      518, 499, 519, -1,
      519, 499, 498, -1,
      519, 498, 520, -1,
      520, 498, 497, -1,
      520, 497, 521, -1,
      497, 496, 521, -1,
      521, 496, 495, -1,
      521, 495, 522, -1,
      522, 495, 494, -1,
      522, 494, 523, -1,
      523, 494, 493, -1,
      523, 493, 524, -1,
      493, 492, 524, -1,
      524, 492, 491, -1,
      524, 491, 525, -1,
      525, 491, 490, -1,
      525, 490, 526, -1,
      526, 490, 489, -1,
      526, 489, 527, -1,
      489, 488, 527, -1,
      527, 488, 487, -1,
      527, 487, 528, -1,
      528, 487, 486, -1,
      528, 486, 529, -1,
      529, 486, 485, -1,
      529, 485, 530, -1,
      485, 484, 530, -1,
      530, 484, 483, -1,
      530, 483, 531, -1,
      531, 483, 482, -1,
      531, 482, 532, -1,
      532, 482, 481, -1,
      532, 481, 533, -1,
      481, 480, 533, -1,
      533, 480, 479, -1,
      533, 479, 534, -1,
      534, 479, 478, -1,
      534, 478, 535, -1,
      535, 478, 477, -1,
      535, 477, 536, -1,
      477, 476, 536, -1,
      536, 476, 475, -1,
      536, 475, 537, -1,
      537, 475, 474, -1,
      537, 474, 538, -1,
      538, 474, 473, -1,
      538, 473, 539, -1,
      473, 472, 539, -1,
      539, 472, 471, -1,
      539, 471, 540, -1,
      540, 471, 470, -1,
      540, 470, 541, -1,
      541, 470, 469, -1,
      541, 469, 542, -1,
      469, 468, 542, -1,
      542, 468, 467, -1,
      542, 467, 543, -1,
      543, 467, 466, -1,
      543, 466, 544, -1,
      544, 466, 465, -1,
      544, 465, 545, -1,
      465, 464, 545, -1,
      545, 464, 511, -1,
      545, 511, 546, -1,
      546, 511, 510, -1,
      546, 510, 547, -1,
      547, 510, 509, -1,
      547, 509, 512, -1,
      512, 509, 508, -1,
      512, 508, 507, -1,
      546, 548, 545, -1,
      545, 548, 549, -1,
      545, 549, 544, -1,
      544, 549, 550, -1,
      544, 550, 543, -1,
      543, 550, 551, -1,
      543, 551, 542, -1,
      542, 551, 552, -1,
      542, 552, 541, -1,
      541, 552, 553, -1,
      541, 553, 540, -1,
      540, 553, 554, -1,
      540, 554, 539, -1,
      539, 554, 555, -1,
      539, 555, 538, -1,
      538, 555, 556, -1,
      538, 556, 537, -1,
      537, 556, 557, -1,
      537, 557, 536, -1,
      536, 557, 558, -1,
      536, 558, 535, -1,
      535, 558, 559, -1,
      535, 559, 534, -1,
      534, 559, 560, -1,
      534, 560, 533, -1,
      533, 560, 561, -1,
      533, 561, 532, -1,
      532, 561, 562, -1,
      532, 562, 531, -1,
      531, 562, 563, -1,
      531, 563, 530, -1,
      530, 563, 564, -1,
      530, 564, 529, -1,
      529, 564, 565, -1,
      529, 565, 528, -1,
      528, 565, 566, -1,
      528, 566, 527, -1,
      527, 566, 567, -1,
      527, 567, 526, -1,
      526, 567, 568, -1,
      526, 568, 525, -1,
      525, 568, 569, -1,
      525, 569, 524, -1,
      524, 569, 570, -1,
      524, 570, 523, -1,
      523, 570, 571, -1,
      523, 571, 522, -1,
      522, 571, 572, -1,
      522, 572, 521, -1,
      521, 572, 573, -1,
      521, 573, 520, -1,
      520, 573, 574, -1,
      520, 574, 519, -1,
      519, 574, 575, -1,
      519, 575, 518, -1,
      518, 575, 576, -1,
      518, 576, 517, -1,
      517, 576, 577, -1,
      517, 577, 516, -1,
      516, 577, 578, -1,
      516, 578, 515, -1,
      515, 578, 579, -1,
      515, 579, 514, -1,
      514, 579, 580, -1,
      514, 580, 513, -1,
      513, 580, 581, -1,
      513, 581, 512, -1,
      512, 581, 582, -1,
      512, 582, 547, -1,
      547, 582, 583, -1,
      547, 583, 546, -1,
      546, 583, 548, -1,
      583, 584, 548, -1,
      548, 584, 585, -1,
      548, 585, 549, -1,
      549, 585, 586, -1,
      549, 586, 550, -1,
      550, 586, 587, -1,
      550, 587, 551, -1,
      551, 587, 588, -1,
      551, 588, 552, -1,
      552, 588, 589, -1,
      552, 589, 553, -1,
      553, 589, 590, -1,
      553, 590, 554, -1,
      554, 590, 591, -1,
      554, 591, 555, -1,
      555, 591, 592, -1,
      555, 592, 556, -1,
      556, 592, 593, -1,
      556, 593, 557, -1,
      557, 593, 594, -1,
      557, 594, 558, -1,
      558, 594, 595, -1,
      558, 595, 559, -1,
      559, 595, 596, -1,
      559, 596, 560, -1,
      560, 596, 597, -1,
      560, 597, 561, -1,
      561, 597, 598, -1,
      561, 598, 562, -1,
      562, 598, 599, -1,
      562, 599, 563, -1,
      563, 599, 600, -1,
      563, 600, 564, -1,
      564, 600, 601, -1,
      564, 601, 565, -1,
      565, 601, 602, -1,
      565, 602, 566, -1,
      566, 602, 603, -1,
      566, 603, 567, -1,
      567, 603, 604, -1,
      567, 604, 568, -1,
      568, 604, 605, -1,
      568, 605, 569, -1,
      569, 605, 606, -1,
      569, 606, 570, -1,
      570, 606, 607, -1,
      570, 607, 571, -1,
      571, 607, 608, -1,
      571, 608, 572, -1,
      572, 608, 609, -1,
      572, 609, 573, -1,
      573, 609, 610, -1,
      573, 610, 574, -1,
      574, 610, 611, -1,
      574, 611, 575, -1,
      575, 611, 612, -1,
      575, 612, 576, -1,
      576, 612, 613, -1,
      576, 613, 577, -1,
      577, 613, 614, -1,
      577, 614, 578, -1,
      578, 614, 615, -1,
      578, 615, 579, -1,
      579, 615, 616, -1,
      579, 616, 580, -1,
      580, 616, 617, -1,
      580, 617, 581, -1,
      581, 617, 618, -1,
      581, 618, 582, -1,
      582, 618, 619, -1,
      582, 619, 583, -1,
      583, 619, 584, -1,
      619, 620, 584, -1,
      584, 620, 621, -1,
      584, 621, 585, -1,
      585, 621, 622, -1,
      585, 622, 586, -1,
      586, 622, 623, -1,
      586, 623, 587, -1,
      587, 623, 624, -1,
      587, 624, 588, -1,
      588, 624, 625, -1,
      588, 625, 589, -1,
      589, 625, 626, -1,
      589, 626, 590, -1,
      590, 626, 627, -1,
      590, 627, 591, -1,
      591, 627, 628, -1,
      591, 628, 592, -1,
      592, 628, 629, -1,
      592, 629, 593, -1,
      593, 629, 630, -1,
      593, 630, 594, -1,
      594, 630, 631, -1,
      594, 631, 595, -1,
      595, 631, 632, -1,
      595, 632, 596, -1,
      596, 632, 633, -1,
      596, 633, 597, -1,
      597, 633, 634, -1,
      597, 634, 598, -1,
      598, 634, 635, -1,
      598, 635, 599, -1,
      599, 635, 636, -1,
      599, 636, 600, -1,
      600, 636, 637, -1,
      600, 637, 601, -1,
      601, 637, 638, -1,
      601, 638, 602, -1,
      602, 638, 639, -1,
      602, 639, 603, -1,
      603, 639, 640, -1,
      603, 640, 604, -1,
      604, 640, 641, -1,
      604, 641, 605, -1,
      605, 641, 642, -1,
      605, 642, 606, -1,
      606, 642, 643, -1,
      606, 643, 607, -1,
      607, 643, 644, -1,
      607, 644, 608, -1,
      608, 644, 645, -1,
      608, 645, 609, -1,
      609, 645, 646, -1,
      609, 646, 610, -1,
      610, 646, 647, -1,
      610, 647, 611, -1,
      611, 647, 648, -1,
      611, 648, 612, -1,
      612, 648, 649, -1,
      612, 649, 613, -1,
      613, 649, 650, -1,
      613, 650, 614, -1,
      614, 650, 651, -1,
      614, 651, 615, -1,
      615, 651, 652, -1,
      615, 652, 616, -1,
      616, 652, 653, -1,
      616, 653, 617, -1,
      617, 653, 654, -1,
      617, 654, 618, -1,
      618, 654, 655, -1,
      618, 655, 619, -1,
      619, 655, 620, -1,
      655, 656, 620, -1,
      620, 656, 657, -1,
      620, 657, 621, -1,
      621, 657, 658, -1,
      621, 658, 622, -1,
      622, 658, 659, -1,
      622, 659, 623, -1,
      623, 659, 660, -1,
      623, 660, 624, -1,
      624, 660, 661, -1,
      624, 661, 625, -1,
      625, 661, 662, -1,
      625, 662, 626, -1,
      626, 662, 663, -1,
      626, 663, 627, -1,
      627, 663, 664, -1,
      627, 664, 628, -1,
      628, 664, 665, -1,
      628, 665, 629, -1,
      629, 665, 666, -1,
      629, 666, 630, -1,
      630, 666, 667, -1,
      630, 667, 631, -1,
      631, 667, 668, -1,
      631, 668, 632, -1,
      632, 668, 669, -1,
      632, 669, 633, -1,
      633, 669, 670, -1,
      633, 670, 634, -1,
      634, 670, 671, -1,
      634, 671, 635, -1,
      635, 671, 672, -1,
      635, 672, 636, -1,
      636, 672, 673, -1,
      636, 673, 637, -1,
      637, 673, 674, -1,
      637, 674, 638, -1,
      638, 674, 675, -1,
      638, 675, 639, -1,
      639, 675, 676, -1,
      639, 676, 640, -1,
      640, 676, 677, -1,
      640, 677, 641, -1,
      641, 677, 678, -1,
      641, 678, 642, -1,
      642, 678, 679, -1,
      642, 679, 643, -1,
      643, 679, 680, -1,
      643, 680, 644, -1,
      644, 680, 681, -1,
      644, 681, 645, -1,
      645, 681, 682, -1,
      645, 682, 646, -1,
      646, 682, 683, -1,
      646, 683, 647, -1,
      647, 683, 684, -1,
      647, 684, 648, -1,
      648, 684, 685, -1,
      648, 685, 649, -1,
      649, 685, 686, -1,
      649, 686, 650, -1,
      650, 686, 687, -1,
      650, 687, 651, -1,
      651, 687, 688, -1,
      651, 688, 652, -1,
      652, 688, 689, -1,
      652, 689, 653, -1,
      653, 689, 690, -1,
      653, 690, 654, -1,
      654, 690, 691, -1,
      654, 691, 655, -1,
      655, 691, 656, -1,
      691, 692, 656, -1,
      656, 692, 693, -1,
      656, 693, 657, -1,
      657, 693, 694, -1,
      657, 694, 658, -1,
      658, 694, 695, -1,
      658, 695, 659, -1,
      659, 695, 696, -1,
      659, 696, 660, -1,
      660, 696, 697, -1,
      660, 697, 661, -1,
      661, 697, 698, -1,
      661, 698, 662, -1,
      662, 698, 699, -1,
      662, 699, 663, -1,
      663, 699, 700, -1,
      663, 700, 664, -1,
      664, 700, 701, -1,
      664, 701, 665, -1,
      665, 701, 702, -1,
      665, 702, 666, -1,
      666, 702, 703, -1,
      666, 703, 667, -1,
      667, 703, 704, -1,
      667, 704, 668, -1,
      668, 704, 705, -1,
      668, 705, 669, -1,
      669, 705, 706, -1,
      669, 706, 670, -1,
      670, 706, 707, -1,
      670, 707, 671, -1,
      671, 707, 708, -1,
      671, 708, 672, -1,
      672, 708, 709, -1,
      672, 709, 673, -1,
      673, 709, 710, -1,
      673, 710, 674, -1,
      674, 710, 711, -1,
      674, 711, 675, -1,
      675, 711, 712, -1,
      675, 712, 676, -1,
      676, 712, 713, -1,
      676, 713, 677, -1,
      677, 713, 714, -1,
      677, 714, 678, -1,
      678, 714, 715, -1,
      678, 715, 679, -1,
      679, 715, 716, -1,
      679, 716, 680, -1,
      680, 716, 717, -1,
      680, 717, 681, -1,
      681, 717, 718, -1,
      681, 718, 682, -1,
      682, 718, 719, -1,
      682, 719, 683, -1,
      683, 719, 720, -1,
      683, 720, 684, -1,
      684, 720, 721, -1,
      684, 721, 685, -1,
      685, 721, 722, -1,
      685, 722, 686, -1,
      686, 722, 723, -1,
      686, 723, 687, -1,
      687, 723, 724, -1,
      687, 724, 688, -1,
      688, 724, 725, -1,
      688, 725, 689, -1,
      689, 725, 726, -1,
      689, 726, 690, -1,
      690, 726, 727, -1,
      690, 727, 691, -1,
      691, 727, 692, -1,
      727, 1, 692, -1,
      692, 1, 0, -1,
      692, 0, 693, -1,
      693, 0, 7, -1,
      693, 7, 694, -1,
      694, 7, 8, -1,
      694, 8, 695, -1,
      695, 8, 9, -1,
      695, 9, 696, -1,
      696, 9, 18, -1,
      696, 18, 697, -1,
      697, 18, 17, -1,
      697, 17, 698, -1,
      698, 17, 16, -1,
      698, 16, 699, -1,
      699, 16, 15, -1,
      699, 15, 700, -1,
      700, 15, 14, -1,
      700, 14, 701, -1,
      701, 14, 13, -1,
      701, 13, 702, -1,
      702, 13, 12, -1,
      702, 12, 703, -1,
      703, 12, 11, -1,
      703, 11, 704, -1,
      704, 11, 10, -1,
      704, 10, 705, -1,
      705, 10, 4, -1,
      705, 4, 706, -1,
      706, 4, 5, -1,
      706, 5, 707, -1,
      707, 5, 6, -1,
      707, 6, 708, -1,
      708, 6, 35, -1,
      708, 35, 709, -1,
      709, 35, 34, -1,
      709, 34, 710, -1,
      710, 34, 33, -1,
      710, 33, 711, -1,
      711, 33, 32, -1,
      711, 32, 712, -1,
      712, 32, 31, -1,
      712, 31, 713, -1,
      713, 31, 30, -1,
      713, 30, 714, -1,
      714, 30, 29, -1,
      714, 29, 715, -1,
      715, 29, 28, -1,
      715, 28, 716, -1,
      716, 28, 27, -1,
      716, 27, 717, -1,
      717, 27, 26, -1,
      717, 26, 718, -1,
      718, 26, 25, -1,
      718, 25, 719, -1,
      719, 25, 24, -1,
      719, 24, 720, -1,
      720, 24, 23, -1,
      720, 23, 721, -1,
      721, 23, 22, -1,
      721, 22, 722, -1,
      722, 22, 21, -1,
      722, 21, 723, -1,
      723, 21, 20, -1,
      723, 20, 724, -1,
      724, 20, 19, -1,
      724, 19, 725, -1,
      725, 19, 3, -1,
      725, 3, 726, -1,
      726, 3, 2, -1,
      726, 2, 727, -1,
      727, 2, 1, -1,
    ]
  }
}

Shape {
  appearance Appearance {
    material Material {
      diffuseColor 0.0000 0.0000 0.0000
      specularColor 0.0000 0.0000 0.0000
      ambientIntensity 0.2
      transparency 0.0000
      shininess 0.5
    }
  }
  geometry IndexedFaceSet {
    ccw TRUE
    solid FALSE
    coord DEF co Coordinate {
      point [
        -0.312558 0.511811 0.074493,
        -0.309641 0.511811 0.074235,
        -0.299036 0.511811 0.079811,
        -0.298551 0.511811 0.081092,
        -0.306576 0.511811 0.098601,
        -0.306938 0.511811 0.098642,
        -0.314513 0.511811 0.098346,
        -0.313569 0.511811 0.098642,
        -0.287184 0.511811 0.098749,
        -0.287183 0.511811 0.098642,
        -0.332898 0.511811 0.098425,
        -0.329752 0.511811 0.087996,
        -0.332142 0.511811 0.087979,
        -0.332878 0.511811 0.095662,
        -0.333293 0.511811 0.077139,
        -0.332122 0.511811 0.085228,
        -0.329752 0.511811 0.077165,
        -0.329752 0.511811 0.085245,
        -0.323533 0.511811 0.085289,
        -0.323475 0.511811 0.077209,
        -0.329752 0.511811 0.095684,
        -0.323607 0.511811 0.095728,
        -0.323552 0.511811 0.088040,
        -0.320355 0.511811 0.074493,
        -0.333274 0.511811 0.074401,
        -0.329752 0.511811 0.074426,
        -0.320525 0.511811 0.098513,
        -0.329752 0.511811 0.098447,
        -0.287033 0.511811 0.077467,
        -0.296600 0.511811 0.077400,
        -0.296580 0.511811 0.074661,
        -0.283913 0.511811 0.074751,
        -0.284083 0.511811 0.098771,
        -0.284083 0.511811 0.098642,
        -0.315713 0.511811 0.097970,
        -0.315691 0.511811 0.094728,
        -0.309363 0.511811 0.076928,
        -0.310786 0.511811 0.076986,
        -0.314513 0.511811 0.095246,
        -0.313459 0.511811 0.077529,
        -0.314513 0.511811 0.078009,
        -0.315088 0.511811 0.095046,
        -0.315575 0.511811 0.078493,
        -0.303293 0.511811 0.093377,
        -0.302125 0.511811 0.091711,
        -0.301310 0.511811 0.089635,
        -0.303475 0.511811 0.093574,
        -0.312615 0.511811 0.095909,
        -0.310039 0.511811 0.096193,
        -0.300900 0.511811 0.086371,
        -0.300902 0.511811 0.086024,
        -0.301278 0.511811 0.083114,
        -0.303759 0.511811 0.078958,
        -0.305343 0.511811 0.077856,
        -0.307071 0.511811 0.077205,
        -0.309107 0.511811 0.096161,
        -0.307015 0.511811 0.095774,
        -0.305120 0.511811 0.094912,
        -0.302034 0.511811 0.081166,
        -0.303209 0.511811 0.079502,
        -0.310469 0.511811 0.098985,
        -0.313535 0.511811 0.098653,
        -0.304056 0.511811 0.097649,
        -0.299628 0.511811 0.093589,
        -0.301180 0.511811 0.095519,
        -0.301720 0.511811 0.096029,
        -0.298387 0.511811 0.090986,
        -0.298551 0.511811 0.091330,
        -0.298081 0.511811 0.082332,
        -0.297645 0.511811 0.086210,
        -0.297739 0.511811 0.087943,
        -0.304653 0.511811 0.074869,
        -0.302420 0.511811 0.075996,
        -0.307213 0.511811 0.074274,
        -0.300665 0.511811 0.077506,
        -0.300450 0.511811 0.077746,
        -0.308894 0.511811 0.074169,
        -0.307837 0.511811 0.074235,
        -0.315554 0.511811 0.075521,
        -0.315143 0.511811 0.075320,
        -0.314513 0.511811 0.075118,
        -0.348467 0.511811 0.074781,
        -0.344418 0.511811 0.074322,
        -0.344834 0.511811 0.098340,
        -0.348499 0.511811 0.097909,
        -0.351390 0.511811 0.096830,
        -0.337811 0.511811 0.074369,
        -0.337982 0.511811 0.098389,
        -0.356218 0.511811 0.092134,
        -0.357085 0.511811 0.089833,
        -0.357455 0.511811 0.086547,
        -0.357328 0.511811 0.084641,
        -0.356657 0.511811 0.081892,
        -0.355383 0.511811 0.079457,
        -0.353893 0.511811 0.095095,
        -0.354750 0.511811 0.094244,
        -0.353769 0.511811 0.077620,
        -0.351219 0.511811 0.075825,
        -0.310029 0.511811 0.098993,
        -0.296600 0.511850 0.077400,
        -0.296580 0.511850 0.074661,
        -0.287033 0.511850 0.077467,
        -0.287184 0.511850 0.098749,
        -0.284083 0.511850 0.098771,
        -0.283913 0.511850 0.074751,
        -0.315554 0.511850 0.075521,
        -0.315143 0.511850 0.075320,
        -0.308894 0.511850 0.074169,
        -0.312558 0.511850 0.074493,
        -0.315575 0.511850 0.078493,
        -0.313459 0.511850 0.077529,
        -0.310786 0.511850 0.076986,
        -0.309363 0.511850 0.076928,
        -0.307071 0.511850 0.077205,
        -0.305343 0.511850 0.077856,
        -0.303759 0.511850 0.078958,
        -0.303209 0.511850 0.079502,
        -0.302034 0.511850 0.081166,
        -0.301278 0.511850 0.083114,
        -0.300902 0.511850 0.086024,
        -0.300900 0.511850 0.086371,
        -0.301310 0.511850 0.089635,
        -0.302125 0.511850 0.091711,
        -0.303293 0.511850 0.093377,
        -0.303475 0.511850 0.093574,
        -0.305120 0.511850 0.094912,
        -0.307015 0.511850 0.095774,
        -0.309107 0.511850 0.096161,
        -0.310039 0.511850 0.096193,
        -0.315691 0.511850 0.094728,
        -0.315088 0.511850 0.095046,
        -0.312615 0.511850 0.095909,
        -0.315713 0.511850 0.097970,
        -0.313535 0.511850 0.098653,
        -0.310469 0.511850 0.098985,
        -0.310029 0.511850 0.098993,
        -0.306576 0.511850 0.098601,
        -0.304056 0.511850 0.097649,
        -0.301720 0.511850 0.096029,
        -0.301180 0.511850 0.095519,
        -0.299628 0.511850 0.093589,
        -0.298387 0.511850 0.090986,
        -0.297739 0.511850 0.087943,
        -0.297645 0.511850 0.086210,
        -0.298081 0.511850 0.082332,
        -0.299036 0.511850 0.079811,
        -0.300450 0.511850 0.077746,
        -0.300665 0.511850 0.077506,
        -0.307213 0.511850 0.074274,
        -0.304653 0.511850 0.074869,
        -0.302420 0.511850 0.075996,
        -0.333293 0.511850 0.077139,
        -0.333274 0.511850 0.074401,
        -0.323475 0.511850 0.077209,
        -0.323533 0.511850 0.085289,
        -0.332122 0.511850 0.085228,
        -0.332142 0.511850 0.087979,
        -0.323552 0.511850 0.088040,
        -0.323607 0.511850 0.095728,
        -0.332878 0.511850 0.095662,
        -0.332898 0.511850 0.098425,
        -0.320525 0.511850 0.098513,
        -0.320355 0.511850 0.074493,
        -0.352826 0.511850 0.081057,
        -0.351578 0.511850 0.079515,
        -0.353769 0.511850 0.077620,
        -0.351273 0.511850 0.079235,
        -0.351219 0.511850 0.075825,
        -0.349710 0.511850 0.078175,
        -0.348467 0.511850 0.074781,
        -0.347712 0.511850 0.077425,
        -0.344418 0.511850 0.074322,
        -0.344419 0.511850 0.077061,
        -0.337811 0.511850 0.074369,
        -0.340931 0.511850 0.077085,
        -0.337982 0.511850 0.098389,
        -0.341063 0.511850 0.095604,
        -0.344834 0.511850 0.098340,
        -0.344692 0.511850 0.095578,
        -0.348499 0.511850 0.097909,
        -0.347803 0.511850 0.095210,
        -0.351390 0.511850 0.096830,
        -0.349878 0.511850 0.094440,
        -0.353893 0.511850 0.095095,
        -0.351608 0.511850 0.093269,
        -0.354750 0.511850 0.094244,
        -0.352457 0.511850 0.092383,
        -0.356218 0.511850 0.092134,
        -0.353333 0.511850 0.090973,
        -0.357085 0.511850 0.089833,
        -0.353949 0.511850 0.089111,
        -0.357455 0.511850 0.086547,
        -0.354194 0.511850 0.086484,
        -0.357328 0.511850 0.084641,
        -0.354116 0.511850 0.085073,
        -0.356657 0.511850 0.081892,
        -0.353650 0.511850 0.082850,
        -0.355383 0.511850 0.079457,
        -0.344692 0.511811 0.095578,
        -0.341063 0.511811 0.095604,
        -0.340931 0.511811 0.077085,
        -0.344419 0.511811 0.077061,
        -0.351578 0.511811 0.079515,
        -0.351273 0.511811 0.079235,
        -0.349710 0.511811 0.078175,
        -0.347712 0.511811 0.077425,
        -0.354194 0.511811 0.086484,
        -0.354116 0.511811 0.085073,
        -0.353650 0.511811 0.082850,
        -0.352826 0.511811 0.081057,
        -0.351608 0.511811 0.093269,
        -0.352457 0.511811 0.092383,
        -0.353333 0.511811 0.090973,
        -0.353949 0.511811 0.089111,
        -0.347803 0.511811 0.095210,
        -0.349878 0.511811 0.094440,
      ]
    }
    coordIndex [
      99, 100, 29, -1,
      29, 100, 30, -1,
      101, 99, 28, -1,
      28, 99, 29, -1,
      101, 28, 102, -1,
      102, 28, 9, -1,
      102, 9, 8, -1,
      103, 102, 32, -1,
      32, 102, 8, -1,
      31, 104, 33, -1,
      33, 104, 103, -1,
      33, 103, 32, -1,
      100, 104, 30, -1,
      30, 104, 31, -1,
      102, 103, 101, -1,
      101, 103, 104, -1,
      101, 104, 99, -1,
      99, 104, 100, -1,
      78, 105, 106, -1,
      107, 76, 1, -1,
      107, 1, 108, -1,
      1, 0, 108, -1,
      108, 0, 80, -1,
      108, 80, 106, -1,
      106, 80, 79, -1,
      106, 79, 78, -1,
      109, 105, 42, -1,
      42, 105, 78, -1,
      110, 109, 40, -1,
      40, 109, 42, -1,
      40, 39, 110, -1,
      110, 39, 37, -1,
      110, 37, 111, -1,
      111, 37, 36, -1,
      111, 36, 112, -1,
      112, 36, 54, -1,
      112, 54, 113, -1,
      113, 54, 53, -1,
      113, 53, 114, -1,
      114, 53, 52, -1,
      114, 52, 115, -1,
      115, 52, 59, -1,
      115, 59, 116, -1,
      116, 59, 58, -1,
      116, 58, 117, -1,
      117, 58, 51, -1,
      117, 51, 118, -1,
      118, 51, 50, -1,
      118, 50, 119, -1,
      119, 50, 49, -1,
      119, 49, 120, -1,
      120, 49, 45, -1,
      120, 45, 121, -1,
      121, 45, 44, -1,
      121, 44, 122, -1,
      122, 44, 43, -1,
      122, 43, 123, -1,
      123, 43, 46, -1,
      123, 46, 124, -1,
      124, 46, 57, -1,
      124, 57, 125, -1,
      125, 57, 56, -1,
      125, 56, 126, -1,
      126, 56, 55, -1,
      126, 55, 127, -1,
      127, 55, 48, -1,
      127, 48, 128, -1,
      35, 129, 130, -1,
      128, 48, 47, -1,
      128, 47, 131, -1,
      131, 47, 38, -1,
      131, 38, 130, -1,
      130, 38, 41, -1,
      130, 41, 35, -1,
      132, 129, 34, -1,
      34, 129, 35, -1,
      7, 133, 6, -1,
      6, 133, 132, -1,
      6, 132, 34, -1,
      7, 61, 133, -1,
      133, 61, 60, -1,
      133, 60, 134, -1,
      134, 60, 98, -1,
      134, 98, 135, -1,
      136, 135, 5, -1,
      5, 135, 98, -1,
      5, 4, 136, -1,
      136, 4, 62, -1,
      136, 62, 137, -1,
      137, 62, 65, -1,
      137, 65, 138, -1,
      138, 65, 64, -1,
      138, 64, 139, -1,
      139, 64, 63, -1,
      139, 63, 140, -1,
      140, 63, 67, -1,
      140, 67, 141, -1,
      67, 66, 141, -1,
      141, 66, 70, -1,
      141, 70, 142, -1,
      142, 70, 69, -1,
      142, 69, 143, -1,
      143, 69, 68, -1,
      143, 68, 144, -1,
      144, 68, 3, -1,
      144, 3, 145, -1,
      3, 2, 145, -1,
      145, 2, 75, -1,
      145, 75, 146, -1,
      146, 75, 74, -1,
      146, 74, 147, -1,
      76, 107, 77, -1,
      77, 107, 148, -1,
      77, 148, 73, -1,
      73, 148, 149, -1,
      73, 149, 71, -1,
      71, 149, 150, -1,
      71, 150, 72, -1,
      72, 150, 147, -1,
      72, 147, 74, -1,
      130, 129, 132, -1,
      125, 126, 136, -1,
      121, 122, 140, -1,
      136, 126, 135, -1,
      140, 122, 139, -1,
      130, 132, 131, -1,
      136, 137, 125, -1,
      125, 137, 138, -1,
      125, 138, 124, -1,
      124, 138, 139, -1,
      124, 139, 123, -1,
      123, 139, 122, -1,
      126, 127, 135, -1,
      135, 127, 128, -1,
      135, 128, 134, -1,
      134, 128, 131, -1,
      134, 131, 133, -1,
      133, 131, 132, -1,
      143, 120, 142, -1,
      142, 120, 121, -1,
      142, 121, 141, -1,
      141, 121, 140, -1,
      105, 109, 106, -1,
      106, 109, 110, -1,
      106, 110, 108, -1,
      108, 110, 111, -1,
      108, 111, 107, -1,
      107, 111, 112, -1,
      107, 112, 148, -1,
      148, 112, 113, -1,
      148, 113, 149, -1,
      149, 113, 114, -1,
      149, 114, 150, -1,
      150, 114, 115, -1,
      150, 115, 147, -1,
      147, 115, 116, -1,
      147, 116, 146, -1,
      146, 116, 117, -1,
      146, 117, 145, -1,
      145, 117, 144, -1,
      144, 117, 118, -1,
      144, 118, 143, -1,
      143, 118, 119, -1,
      143, 119, 120, -1,
      151, 152, 14, -1,
      14, 152, 24, -1,
      19, 153, 16, -1,
      16, 153, 151, -1,
      16, 151, 14, -1,
      154, 153, 18, -1,
      18, 153, 19, -1,
      15, 155, 17, -1,
      17, 155, 154, -1,
      17, 154, 18, -1,
      156, 155, 12, -1,
      12, 155, 15, -1,
      22, 157, 11, -1,
      11, 157, 156, -1,
      11, 156, 12, -1,
      158, 157, 21, -1,
      21, 157, 22, -1,
      13, 159, 20, -1,
      20, 159, 158, -1,
      20, 158, 21, -1,
      160, 159, 10, -1,
      10, 159, 13, -1,
      26, 161, 27, -1,
      27, 161, 160, -1,
      27, 160, 10, -1,
      162, 161, 23, -1,
      23, 161, 26, -1,
      24, 152, 25, -1,
      25, 152, 162, -1,
      25, 162, 23, -1,
      152, 151, 162, -1,
      162, 151, 153, -1,
      155, 156, 154, -1,
      154, 156, 157, -1,
      159, 160, 158, -1,
      158, 160, 161, -1,
      158, 161, 157, -1,
      157, 161, 162, -1,
      157, 162, 154, -1,
      154, 162, 153, -1,
      163, 164, 165, -1,
      165, 164, 166, -1,
      165, 166, 167, -1,
      167, 166, 168, -1,
      167, 168, 169, -1,
      169, 168, 170, -1,
      169, 170, 171, -1,
      171, 170, 172, -1,
      171, 172, 173, -1,
      173, 172, 174, -1,
      173, 174, 175, -1,
      175, 174, 176, -1,
      175, 176, 177, -1,
      177, 176, 178, -1,
      177, 178, 179, -1,
      179, 178, 180, -1,
      179, 180, 181, -1,
      181, 180, 182, -1,
      181, 182, 183, -1,
      183, 182, 184, -1,
      183, 184, 185, -1,
      185, 184, 186, -1,
      185, 186, 187, -1,
      187, 186, 188, -1,
      187, 188, 189, -1,
      189, 188, 190, -1,
      189, 190, 191, -1,
      191, 190, 192, -1,
      191, 192, 193, -1,
      193, 192, 194, -1,
      193, 194, 195, -1,
      195, 194, 196, -1,
      195, 196, 197, -1,
      197, 196, 163, -1,
      197, 163, 165, -1,
      171, 173, 82, -1,
      82, 173, 86, -1,
      171, 82, 81, -1,
      171, 81, 169, -1,
      169, 81, 97, -1,
      169, 97, 167, -1,
      167, 97, 96, -1,
      167, 96, 165, -1,
      165, 96, 93, -1,
      165, 93, 197, -1,
      197, 93, 92, -1,
      197, 92, 195, -1,
      195, 92, 91, -1,
      195, 91, 193, -1,
      193, 91, 90, -1,
      193, 90, 191, -1,
      191, 90, 89, -1,
      191, 89, 189, -1,
      189, 89, 88, -1,
      189, 88, 187, -1,
      187, 88, 95, -1,
      187, 95, 185, -1,
      185, 95, 94, -1,
      185, 94, 183, -1,
      183, 94, 85, -1,
      183, 85, 181, -1,
      181, 85, 84, -1,
      181, 84, 179, -1,
      179, 84, 83, -1,
      179, 83, 177, -1,
      175, 177, 87, -1,
      87, 177, 83, -1,
      173, 175, 86, -1,
      86, 175, 87, -1,
      178, 176, 198, -1,
      198, 176, 199, -1,
      176, 174, 199, -1,
      199, 174, 200, -1,
      174, 172, 200, -1,
      200, 172, 201, -1,
      164, 202, 203, -1,
      164, 203, 166, -1,
      166, 203, 204, -1,
      166, 204, 168, -1,
      168, 204, 205, -1,
      168, 205, 170, -1,
      170, 205, 201, -1,
      170, 201, 172, -1,
      192, 206, 207, -1,
      192, 207, 194, -1,
      194, 207, 208, -1,
      194, 208, 196, -1,
      196, 208, 209, -1,
      196, 209, 163, -1,
      163, 209, 202, -1,
      163, 202, 164, -1,
      184, 210, 211, -1,
      184, 211, 186, -1,
      186, 211, 212, -1,
      186, 212, 188, -1,
      188, 212, 213, -1,
      188, 213, 190, -1,
      190, 213, 206, -1,
      190, 206, 192, -1,
      178, 198, 214, -1,
      178, 214, 180, -1,
      180, 214, 215, -1,
      180, 215, 182, -1,
      182, 215, 210, -1,
      182, 210, 184, -1,
    ]
  }
}

Shape {
  appearance Appearance {
    material Material {
      diffuseColor 1.0000 1.0000 1.0000
      specularColor 0.5020 0.5020 0.5020
      ambientIntensity 0.2
      transparency 0.0000
      shininess 0.5
    }
  }
  geometry IndexedFaceSet {
    ccw TRUE
    solid FALSE
    coord DEF co Coordinate {
      point [
        -0.344692 0.511811 0.095578,
        -0.341063 0.511811 0.095604,
        -0.340931 0.511811 0.077085,
        -0.344419 0.511811 0.077061,
        -0.351578 0.511811 0.079515,
        -0.351273 0.511811 0.079235,
        -0.349710 0.511811 0.078175,
        -0.347712 0.511811 0.077425,
        -0.354194 0.511811 0.086484,
        -0.354116 0.511811 0.085073,
        -0.353650 0.511811 0.082850,
        -0.352826 0.511811 0.081057,
        -0.351608 0.511811 0.093269,
        -0.352457 0.511811 0.092383,
        -0.353333 0.511811 0.090973,
        -0.353949 0.511811 0.089111,
        -0.347803 0.511811 0.095210,
        -0.349878 0.511811 0.094440,
      ]
    }
    coordIndex [
      1, 2, 0, -1,
      0, 2, 3, -1,
      0, 3, 7, -1,
      7, 6, 0, -1,
      0, 6, 5, -1,
      0, 5, 4, -1,
      9, 8, 0, -1,
      0, 8, 15, -1,
      0, 15, 14, -1,
      14, 13, 0, -1,
      0, 13, 12, -1,
      0, 12, 16, -1,
      16, 12, 17, -1,
      4, 11, 0, -1,
      0, 11, 10, -1,
      0, 10, 9, -1,
    ]
  }
}

Shape {
  appearance Appearance {
    material Material {
      diffuseColor 0.0000 0.0000 0.0000
      specularColor 0.0000 0.0000 0.0000
      ambientIntensity 0.2
      transparency 0.0000
      shininess 0.5
    }
  }
  geometry IndexedFaceSet {
    ccw TRUE
    solid FALSE
    coord DEF co Coordinate {
      point [
        -0.371335 0.511811 0.098152,
        -0.380251 0.511811 0.074235,
        -0.368019 0.511811 0.098176,
        -0.358706 0.511811 0.074235,
        -0.365363 0.511811 0.091347,
        -0.358700 0.511811 0.074220,
        -0.362126 0.511811 0.074196,
        -0.362140 0.511811 0.074235,
        -0.365363 0.511811 0.080744,
        -0.364482 0.511811 0.080750,
        -0.374484 0.511811 0.080679,
        -0.376835 0.511811 0.074235,
        -0.376887 0.511811 0.074092,
        -0.380313 0.511811 0.074067,
        -0.365483 0.511850 0.083457,
        -0.369146 0.511850 0.093415,
        -0.368019 0.511850 0.098176,
        -0.358700 0.511850 0.074220,
        -0.362126 0.511850 0.074196,
        -0.364482 0.511850 0.080750,
        -0.369359 0.511850 0.094131,
        -0.369551 0.511850 0.095095,
        -0.371335 0.511850 0.098152,
        -0.369625 0.511850 0.095094,
        -0.369812 0.511850 0.094077,
        -0.369987 0.511850 0.093409,
        -0.373545 0.511850 0.083400,
        -0.380313 0.511850 0.074067,
        -0.376887 0.511850 0.074092,
        -0.374484 0.511850 0.080679,
        -0.365483 0.511811 0.083457,
        -0.373545 0.511811 0.083400,
        -0.369987 0.511811 0.093409,
        -0.369625 0.511811 0.095094,
        -0.369812 0.511811 0.094077,
        -0.369551 0.511811 0.095095,
        -0.369146 0.511811 0.093415,
        -0.369359 0.511811 0.094131,
      ]
    }
    coordIndex [
      14, 15, 16, -1,
      17, 18, 19, -1,
      15, 20, 16, -1,
      16, 20, 21, -1,
      16, 21, 22, -1,
      22, 21, 23, -1,
      22, 23, 24, -1,
      24, 25, 22, -1,
      22, 25, 26, -1,
      22, 26, 27, -1,
      28, 27, 29, -1,
      29, 27, 26, -1,
      29, 26, 19, -1,
      19, 26, 14, -1,
      19, 14, 17, -1,
      17, 14, 16, -1,
      0, 22, 1, -1,
      1, 22, 27, -1,
      1, 27, 13, -1,
      16, 22, 2, -1,
      2, 22, 0, -1,
      3, 5, 17, -1,
      3, 17, 4, -1,
      4, 17, 16, -1,
      4, 16, 2, -1,
      18, 17, 6, -1,
      6, 17, 5, -1,
      9, 19, 7, -1,
      7, 19, 18, -1,
      7, 18, 6, -1,
      10, 29, 8, -1,
      8, 29, 19, -1,
      8, 19, 9, -1,
      12, 28, 11, -1,
      11, 28, 29, -1,
      11, 29, 10, -1,
      27, 28, 13, -1,
      13, 28, 12, -1,
      14, 26, 30, -1,
      30, 26, 31, -1,
      26, 25, 31, -1,
      31, 25, 32, -1,
      23, 33, 34, -1,
      23, 34, 24, -1,
      24, 34, 32, -1,
      24, 32, 25, -1,
      23, 21, 33, -1,
      33, 21, 35, -1,
      15, 36, 37, -1,
      15, 37, 20, -1,
      20, 37, 35, -1,
      20, 35, 21, -1,
      15, 14, 36, -1,
      36, 14, 30, -1,
    ]
  }
}

Shape {
  appearance Appearance {
    material Material {
      diffuseColor 1.0000 1.0000 1.0000
      specularColor 0.5020 0.5020 0.5020
      ambientIntensity 0.2
      transparency 0.0000
      shininess 0.5
    }
  }
  geometry IndexedFaceSet {
    ccw TRUE
    solid FALSE
    coord DEF co Coordinate {
      point [
        -0.365483 0.511811 0.083457,
        -0.373545 0.511811 0.083400,
        -0.369987 0.511811 0.093409,
        -0.369625 0.511811 0.095094,
        -0.369812 0.511811 0.094077,
        -0.369551 0.511811 0.095095,
        -0.369146 0.511811 0.093415,
        -0.369359 0.511811 0.094131,
      ]
    }
    coordIndex [
      3, 5, 4, -1,
      4, 5, 7, -1,
      4, 7, 2, -1,
      2, 7, 6, -1,
      2, 6, 1, -1,
      1, 6, 0, -1,
    ]
  }
}

Shape {
  appearance Appearance {
    material Material {
      diffuseColor 0.0000 0.0000 0.0000
      specularColor 0.0000 0.0000 0.0000
      ambientIntensity 0.2
      transparency 0.0000
      shininess 0.5
    }
  }
  geometry IndexedFaceSet {
    ccw TRUE
    solid FALSE
    coord DEF co Coordinate {
      point [
        -0.286820 0.511811 0.047442,
        -0.286763 0.511811 0.039362,
        -0.295411 0.511811 0.047381,
        -0.296581 0.511811 0.039292,
        -0.295430 0.511811 0.050132,
        -0.283643 0.511811 0.036645,
        -0.286894 0.511811 0.057880,
        -0.286840 0.511811 0.050193,
        -0.296166 0.511811 0.057815,
        -0.296562 0.511811 0.036554,
        -0.296181 0.511811 0.059963,
        -0.296186 0.511811 0.060578,
        -0.296185 0.511811 0.060430,
        -0.283813 0.511811 0.060665,
        -0.283812 0.511811 0.060430,
        -0.283808 0.511811 0.059963,
        -0.300025 0.511811 0.043688,
        -0.300674 0.511811 0.044657,
        -0.301210 0.511811 0.049551,
        -0.310217 0.511811 0.036457,
        -0.313226 0.511811 0.036435,
        -0.311966 0.511811 0.052170,
        -0.312585 0.511811 0.051215,
        -0.313059 0.511811 0.049884,
        -0.313304 0.511811 0.047475,
        -0.301584 0.511811 0.045456,
        -0.302840 0.511811 0.046108,
        -0.303170 0.511811 0.050783,
        -0.305206 0.511811 0.046685,
        -0.307868 0.511811 0.051472,
        -0.306849 0.511811 0.051586,
        -0.305055 0.511811 0.051412,
        -0.308907 0.511811 0.053862,
        -0.310186 0.511811 0.053475,
        -0.311187 0.511811 0.052904,
        -0.300588 0.511811 0.037812,
        -0.300922 0.511811 0.037468,
        -0.301930 0.511811 0.036754,
        -0.299969 0.511811 0.038741,
        -0.299613 0.511811 0.039761,
        -0.299474 0.511811 0.041126,
        -0.301231 0.511811 0.052473,
        -0.302232 0.511811 0.053016,
        -0.304546 0.511811 0.053782,
        -0.307149 0.511811 0.054028,
        -0.299639 0.511811 0.042600,
        -0.310236 0.511811 0.039109,
        -0.310157 0.511811 0.039110,
        -0.306433 0.511811 0.036250,
        -0.304879 0.511811 0.036089,
        -0.303081 0.511811 0.036311,
        -0.310295 0.511811 0.047362,
        -0.310200 0.511811 0.048693,
        -0.309896 0.511811 0.049766,
        -0.309547 0.511811 0.050388,
        -0.309679 0.511811 0.038395,
        -0.308721 0.511811 0.037380,
        -0.307656 0.511811 0.036683,
        -0.309096 0.511811 0.050875,
        -0.308564 0.511811 0.051223,
        -0.296581 0.511850 0.039292,
        -0.296562 0.511850 0.036554,
        -0.286763 0.511850 0.039362,
        -0.286820 0.511850 0.047442,
        -0.295411 0.511850 0.047381,
        -0.295430 0.511850 0.050132,
        -0.286840 0.511850 0.050193,
        -0.286894 0.511850 0.057880,
        -0.296166 0.511850 0.057815,
        -0.296186 0.511850 0.060578,
        -0.283813 0.511850 0.060665,
        -0.283643 0.511850 0.036645,
        -0.310217 0.511850 0.036457,
        -0.313226 0.511850 0.036435,
        -0.310236 0.511850 0.039109,
        -0.313304 0.511850 0.047475,
        -0.310295 0.511850 0.047362,
        -0.303742 0.511850 0.043820,
        -0.304462 0.511850 0.044153,
        -0.310157 0.511850 0.039110,
        -0.308573 0.511850 0.039563,
        -0.309679 0.511850 0.038395,
        -0.307719 0.511850 0.038995,
        -0.306259 0.511850 0.044554,
        -0.310279 0.511850 0.045065,
        -0.310267 0.511850 0.043420,
        -0.310263 0.511850 0.043220,
        -0.310059 0.511850 0.041879,
        -0.309610 0.511850 0.040809,
        -0.308953 0.511850 0.039929,
        -0.310200 0.511850 0.048693,
        -0.313059 0.511850 0.049884,
        -0.309896 0.511850 0.049766,
        -0.312585 0.511850 0.051215,
        -0.309547 0.511850 0.050388,
        -0.311966 0.511850 0.052170,
        -0.309096 0.511850 0.050875,
        -0.311187 0.511850 0.052904,
        -0.308564 0.511850 0.051223,
        -0.310186 0.511850 0.053475,
        -0.307868 0.511850 0.051472,
        -0.308907 0.511850 0.053862,
        -0.306849 0.511850 0.051586,
        -0.307149 0.511850 0.054028,
        -0.305055 0.511850 0.051412,
        -0.304546 0.511850 0.053782,
        -0.303170 0.511850 0.050783,
        -0.302232 0.511850 0.053016,
        -0.301210 0.511850 0.049551,
        -0.301231 0.511850 0.052473,
        -0.303131 0.511850 0.039601,
        -0.300922 0.511850 0.037468,
        -0.303385 0.511850 0.039342,
        -0.301930 0.511850 0.036754,
        -0.303982 0.511850 0.038928,
        -0.303081 0.511850 0.036311,
        -0.304661 0.511850 0.038674,
        -0.304879 0.511850 0.036089,
        -0.305676 0.511850 0.038552,
        -0.306433 0.511850 0.036250,
        -0.306803 0.511850 0.038670,
        -0.307656 0.511850 0.036683,
        -0.308721 0.511850 0.037380,
        -0.305206 0.511850 0.046685,
        -0.302840 0.511850 0.046108,
        -0.303341 0.511850 0.043518,
        -0.301584 0.511850 0.045456,
        -0.302978 0.511850 0.043074,
        -0.300674 0.511850 0.044657,
        -0.302710 0.511850 0.042515,
        -0.300025 0.511850 0.043688,
        -0.302556 0.511850 0.041827,
        -0.299639 0.511850 0.042600,
        -0.302528 0.511850 0.041350,
        -0.299474 0.511850 0.041126,
        -0.302599 0.511850 0.040659,
        -0.299613 0.511850 0.039761,
        -0.302793 0.511850 0.040111,
        -0.299969 0.511850 0.038741,
        -0.300588 0.511850 0.037812,
        -0.303341 0.511811 0.043518,
        -0.303742 0.511811 0.043820,
        -0.304462 0.511811 0.044153,
        -0.306259 0.511811 0.044554,
        -0.302528 0.511811 0.041350,
        -0.302556 0.511811 0.041827,
        -0.302710 0.511811 0.042515,
        -0.302978 0.511811 0.043074,
        -0.303385 0.511811 0.039342,
        -0.303131 0.511811 0.039601,
        -0.302793 0.511811 0.040111,
        -0.302599 0.511811 0.040659,
        -0.305676 0.511811 0.038552,
        -0.304661 0.511811 0.038674,
        -0.303982 0.511811 0.038928,
        -0.308953 0.511811 0.039929,
        -0.308573 0.511811 0.039563,
        -0.307719 0.511811 0.038995,
        -0.306803 0.511811 0.038670,
        -0.310267 0.511811 0.043420,
        -0.310263 0.511811 0.043220,
        -0.310059 0.511811 0.041879,
        -0.309610 0.511811 0.040809,
        -0.310279 0.511811 0.045065,
      ]
    }
    coordIndex [
      60, 61, 3, -1,
      3, 61, 9, -1,
      62, 60, 1, -1,
      1, 60, 3, -1,
      63, 62, 0, -1,
      0, 62, 1, -1,
      64, 63, 2, -1,
      2, 63, 0, -1,
      65, 64, 4, -1,
      4, 64, 2, -1,
      66, 65, 7, -1,
      7, 65, 4, -1,
      67, 66, 6, -1,
      6, 66, 7, -1,
      68, 67, 8, -1,
      8, 67, 6, -1,
      68, 8, 10, -1,
      68, 10, 69, -1,
      69, 10, 12, -1,
      69, 12, 11, -1,
      70, 69, 13, -1,
      13, 69, 11, -1,
      5, 71, 15, -1,
      15, 71, 70, -1,
      15, 70, 14, -1,
      14, 70, 13, -1,
      61, 71, 9, -1,
      9, 71, 5, -1,
      71, 61, 60, -1,
      60, 62, 71, -1,
      71, 62, 63, -1,
      71, 63, 70, -1,
      68, 69, 67, -1,
      67, 69, 70, -1,
      67, 70, 66, -1,
      66, 70, 63, -1,
      66, 63, 65, -1,
      65, 63, 64, -1,
      72, 73, 74, -1,
      74, 73, 75, -1,
      76, 77, 78, -1,
      79, 80, 81, -1,
      81, 80, 82, -1,
      83, 84, 75, -1,
      75, 84, 85, -1,
      85, 86, 75, -1,
      75, 86, 87, -1,
      75, 87, 74, -1,
      74, 87, 88, -1,
      74, 88, 79, -1,
      79, 88, 89, -1,
      79, 89, 80, -1,
      78, 83, 76, -1,
      76, 83, 75, -1,
      76, 75, 90, -1,
      90, 75, 91, -1,
      90, 91, 92, -1,
      92, 91, 93, -1,
      92, 93, 94, -1,
      94, 93, 95, -1,
      94, 95, 96, -1,
      96, 95, 97, -1,
      96, 97, 98, -1,
      98, 97, 99, -1,
      98, 99, 100, -1,
      100, 99, 101, -1,
      100, 101, 102, -1,
      102, 101, 103, -1,
      102, 103, 104, -1,
      104, 103, 105, -1,
      104, 105, 106, -1,
      106, 105, 107, -1,
      106, 107, 108, -1,
      108, 107, 109, -1,
      110, 111, 112, -1,
      112, 111, 113, -1,
      112, 113, 114, -1,
      114, 113, 115, -1,
      114, 115, 116, -1,
      116, 115, 117, -1,
      116, 117, 118, -1,
      118, 117, 119, -1,
      118, 119, 120, -1,
      120, 119, 121, -1,
      120, 121, 82, -1,
      82, 121, 122, -1,
      82, 122, 81, -1,
      76, 123, 77, -1,
      77, 123, 124, -1,
      77, 124, 125, -1,
      125, 124, 126, -1,
      125, 126, 127, -1,
      127, 126, 128, -1,
      127, 128, 129, -1,
      129, 128, 130, -1,
      129, 130, 131, -1,
      131, 130, 132, -1,
      131, 132, 133, -1,
      133, 132, 134, -1,
      133, 134, 135, -1,
      135, 134, 136, -1,
      135, 136, 137, -1,
      137, 136, 138, -1,
      137, 138, 110, -1,
      110, 138, 139, -1,
      110, 139, 111, -1,
      103, 44, 43, -1,
      103, 43, 105, -1,
      105, 43, 42, -1,
      105, 42, 107, -1,
      107, 42, 41, -1,
      107, 41, 109, -1,
      108, 109, 18, -1,
      18, 109, 41, -1,
      108, 18, 27, -1,
      108, 27, 106, -1,
      106, 27, 31, -1,
      106, 31, 104, -1,
      104, 31, 30, -1,
      104, 30, 102, -1,
      102, 30, 29, -1,
      102, 29, 100, -1,
      100, 29, 59, -1,
      100, 59, 98, -1,
      98, 59, 58, -1,
      98, 58, 96, -1,
      96, 58, 54, -1,
      96, 54, 94, -1,
      94, 54, 53, -1,
      94, 53, 92, -1,
      92, 53, 52, -1,
      92, 52, 90, -1,
      90, 52, 51, -1,
      90, 51, 76, -1,
      123, 76, 28, -1,
      28, 76, 51, -1,
      123, 28, 26, -1,
      123, 26, 124, -1,
      124, 26, 25, -1,
      124, 25, 126, -1,
      126, 25, 17, -1,
      126, 17, 128, -1,
      128, 17, 16, -1,
      128, 16, 130, -1,
      130, 16, 45, -1,
      130, 45, 132, -1,
      132, 45, 40, -1,
      132, 40, 134, -1,
      134, 40, 39, -1,
      134, 39, 136, -1,
      136, 39, 38, -1,
      136, 38, 138, -1,
      138, 38, 35, -1,
      138, 35, 139, -1,
      139, 35, 36, -1,
      139, 36, 111, -1,
      111, 36, 37, -1,
      111, 37, 113, -1,
      113, 37, 50, -1,
      113, 50, 115, -1,
      115, 50, 49, -1,
      115, 49, 117, -1,
      117, 49, 48, -1,
      117, 48, 119, -1,
      119, 48, 57, -1,
      119, 57, 121, -1,
      121, 57, 56, -1,
      121, 56, 122, -1,
      122, 56, 55, -1,
      122, 55, 81, -1,
      81, 55, 47, -1,
      81, 47, 79, -1,
      74, 79, 46, -1,
      46, 79, 47, -1,
      72, 74, 19, -1,
      19, 74, 46, -1,
      73, 72, 20, -1,
      20, 72, 19, -1,
      75, 73, 24, -1,
      24, 73, 20, -1,
      75, 24, 23, -1,
      75, 23, 91, -1,
      91, 23, 22, -1,
      91, 22, 93, -1,
      93, 22, 21, -1,
      93, 21, 95, -1,
      95, 21, 34, -1,
      95, 34, 97, -1,
      97, 34, 33, -1,
      97, 33, 99, -1,
      99, 33, 32, -1,
      99, 32, 101, -1,
      101, 32, 44, -1,
      101, 44, 103, -1,
      125, 140, 141, -1,
      125, 141, 77, -1,
      77, 141, 142, -1,
      77, 142, 78, -1,
      78, 142, 143, -1,
      78, 143, 83, -1,
      133, 144, 145, -1,
      133, 145, 131, -1,
      131, 145, 146, -1,
      131, 146, 129, -1,
      129, 146, 147, -1,
      129, 147, 127, -1,
      127, 147, 140, -1,
      127, 140, 125, -1,
      112, 148, 149, -1,
      112, 149, 110, -1,
      110, 149, 150, -1,
      110, 150, 137, -1,
      137, 150, 151, -1,
      137, 151, 135, -1,
      135, 151, 144, -1,
      135, 144, 133, -1,
      118, 152, 153, -1,
      118, 153, 116, -1,
      116, 153, 154, -1,
      116, 154, 114, -1,
      114, 154, 148, -1,
      114, 148, 112, -1,
      89, 155, 156, -1,
      89, 156, 80, -1,
      80, 156, 157, -1,
      80, 157, 82, -1,
      82, 157, 158, -1,
      82, 158, 120, -1,
      120, 158, 152, -1,
      120, 152, 118, -1,
      85, 159, 160, -1,
      85, 160, 86, -1,
      86, 160, 161, -1,
      86, 161, 87, -1,
      87, 161, 162, -1,
      87, 162, 88, -1,
      88, 162, 155, -1,
      88, 155, 89, -1,
      85, 84, 159, -1,
      159, 84, 163, -1,
      84, 83, 163, -1,
      163, 83, 143, -1,
    ]
  }
}

Shape {
  appearance Appearance {
    material Material {
      diffuseColor 1.0000 1.0000 1.0000
      specularColor 0.5020 0.5020 0.5020
      ambientIntensity 0.2
      transparency 0.0000
      shininess 0.5
    }
  }
  geometry IndexedFaceSet {
    ccw TRUE
    solid FALSE
    coord DEF co Coordinate {
      point [
        -0.303341 0.511811 0.043518,
        -0.303742 0.511811 0.043820,
        -0.304462 0.511811 0.044153,
        -0.306259 0.511811 0.044554,
        -0.302528 0.511811 0.041350,
        -0.302556 0.511811 0.041827,
        -0.302710 0.511811 0.042515,
        -0.302978 0.511811 0.043074,
        -0.303385 0.511811 0.039342,
        -0.303131 0.511811 0.039601,
        -0.302793 0.511811 0.040111,
        -0.302599 0.511811 0.040659,
        -0.305676 0.511811 0.038552,
        -0.304661 0.511811 0.038674,
        -0.303982 0.511811 0.038928,
        -0.308953 0.511811 0.039929,
        -0.308573 0.511811 0.039563,
        -0.307719 0.511811 0.038995,
        -0.306803 0.511811 0.038670,
        -0.310267 0.511811 0.043420,
        -0.310263 0.511811 0.043220,
        -0.310059 0.511811 0.041879,
        -0.309610 0.511811 0.040809,
        -0.310279 0.511811 0.045065,
      ]
    }
    coordIndex [
      20, 19, 0, -1,
      19, 23, 3, -1,
      3, 2, 19, -1,
      19, 2, 1, -1,
      19, 1, 0, -1,
      20, 0, 21, -1,
      21, 0, 7, -1,
      21, 7, 22, -1,
      9, 8, 16, -1,
      9, 16, 10, -1,
      17, 16, 18, -1,
      18, 16, 12, -1,
      7, 6, 22, -1,
      22, 6, 5, -1,
      22, 5, 15, -1,
      15, 5, 4, -1,
      15, 4, 16, -1,
      16, 4, 11, -1,
      16, 11, 10, -1,
      8, 14, 16, -1,
      16, 14, 13, -1,
      16, 13, 12, -1,
    ]
  }
}

Shape {
  appearance Appearance {
    material Material {
      diffuseColor 0.0000 0.0000 0.0000
      specularColor 0.0000 0.0000 0.0000
      ambientIntensity 0.2
      transparency 0.0000
      shininess 0.5
    }
  }
  geometry IndexedFaceSet {
    ccw TRUE
    solid FALSE
    coord DEF co Coordinate {
      point [
        -0.335843 0.511811 0.033193,
        -0.337185 0.511811 0.036302,
        -0.335552 0.511811 0.040544,
        -0.381201 0.511811 0.058511,
        -0.378309 0.511811 0.059590,
        -0.375137 0.511811 0.059963,
        -0.378278 0.511811 0.036462,
        -0.386468 0.511811 0.043573,
        -0.385194 0.511811 0.041139,
        -0.383703 0.511811 0.056776,
        -0.384560 0.511811 0.055925,
        -0.386028 0.511811 0.053815,
        -0.383579 0.511811 0.039302,
        -0.381030 0.511811 0.037506,
        -0.386896 0.511811 0.051513,
        -0.387265 0.511811 0.048228,
        -0.387138 0.511811 0.046322,
        -0.374228 0.511811 0.036003,
        -0.367622 0.511811 0.036050,
        -0.367791 0.511811 0.059963,
        -0.367792 0.511811 0.060070,
        -0.374644 0.511811 0.060021,
        -0.362707 0.511811 0.059963,
        -0.362689 0.511811 0.057343,
        -0.361933 0.511811 0.046909,
        -0.361952 0.511811 0.049660,
        -0.358083 0.511811 0.049688,
        -0.363084 0.511811 0.036082,
        -0.363104 0.511811 0.038820,
        -0.358083 0.511811 0.038856,
        -0.358083 0.511811 0.046937,
        -0.353343 0.511811 0.046970,
        -0.353285 0.511811 0.038890,
        -0.358083 0.511811 0.057376,
        -0.353417 0.511811 0.057409,
        -0.353362 0.511811 0.049721,
        -0.362708 0.511811 0.060106,
        -0.350336 0.511811 0.060194,
        -0.358083 0.511811 0.060139,
        -0.335552 0.511811 0.048704,
        -0.338333 0.511811 0.040519,
        -0.339149 0.511811 0.040489,
        -0.338691 0.511811 0.039104,
        -0.338771 0.511811 0.039104,
        -0.338913 0.511811 0.039690,
        -0.343926 0.511811 0.053374,
        -0.350334 0.511811 0.059963,
        -0.347045 0.511811 0.053352,
        -0.350165 0.511811 0.036173,
        -0.339119 0.511811 0.033661,
        -0.337738 0.511811 0.031018,
        -0.336628 0.511811 0.029703,
        -0.336422 0.511811 0.029517,
        -0.335552 0.511811 0.028918,
        -0.317307 0.511811 0.037008,
        -0.317330 0.511811 0.040115,
        -0.318831 0.511811 0.036452,
        -0.317411 0.511811 0.048932,
        -0.317537 0.511811 0.050007,
        -0.317531 0.511811 0.047763,
        -0.317857 0.511811 0.046842,
        -0.318831 0.511811 0.039264,
        -0.318831 0.511811 0.045628,
        -0.318365 0.511811 0.039453,
        -0.318733 0.511811 0.045694,
        -0.318245 0.511811 0.046212,
        -0.319327 0.511811 0.036271,
        -0.327936 0.511811 0.043835,
        -0.328492 0.511811 0.043002,
        -0.328165 0.511811 0.050194,
        -0.328806 0.511811 0.042113,
        -0.328923 0.511811 0.040991,
        -0.319365 0.511811 0.052578,
        -0.320191 0.511811 0.053070,
        -0.317902 0.511811 0.050973,
        -0.318467 0.511811 0.051783,
        -0.318831 0.511811 0.052106,
        -0.321828 0.511811 0.053663,
        -0.324127 0.511811 0.053907,
        -0.326043 0.511811 0.053741,
        -0.328186 0.511811 0.053117,
        -0.328771 0.511811 0.039783,
        -0.328395 0.511811 0.038832,
        -0.327828 0.511811 0.038043,
        -0.326962 0.511811 0.037296,
        -0.326078 0.511811 0.036779,
        -0.324433 0.511811 0.036214,
        -0.321955 0.511811 0.035968,
        -0.323815 0.511811 0.051466,
        -0.322924 0.511811 0.051406,
        -0.320513 0.511811 0.049180,
        -0.322117 0.511811 0.051198,
        -0.321440 0.511811 0.050844,
        -0.320538 0.511811 0.048780,
        -0.320654 0.511811 0.048312,
        -0.320868 0.511811 0.047904,
        -0.321159 0.511811 0.047579,
        -0.322215 0.511811 0.046909,
        -0.325920 0.511811 0.051194,
        -0.324071 0.511811 0.046085,
        -0.327617 0.511811 0.050521,
        -0.325233 0.511811 0.045606,
        -0.327223 0.511811 0.044480,
        -0.320983 0.511811 0.050446,
        -0.320722 0.511811 0.050065,
        -0.320571 0.511811 0.049660,
        -0.320239 0.511811 0.038693,
        -0.321931 0.511811 0.043914,
        -0.320144 0.511811 0.044749,
        -0.322267 0.511811 0.038422,
        -0.322400 0.511811 0.038422,
        -0.323901 0.511811 0.043073,
        -0.323943 0.511811 0.038584,
        -0.325832 0.511811 0.040718,
        -0.325806 0.511811 0.041093,
        -0.324722 0.511811 0.038863,
        -0.324997 0.511811 0.039027,
        -0.325344 0.511811 0.039331,
        -0.325610 0.511811 0.039718,
        -0.325766 0.511811 0.040144,
        -0.325672 0.511811 0.041563,
        -0.325442 0.511811 0.041964,
        -0.325070 0.511811 0.042357,
        -0.330577 0.511811 0.053469,
        -0.333942 0.511811 0.053445,
        -0.358083 0.511811 0.036117,
        -0.335365 0.511811 0.028790,
        -0.331039 0.511811 0.031151,
        -0.331653 0.511811 0.030945,
        -0.334175 0.511811 0.028346,
        -0.332959 0.511811 0.028215,
        -0.331020 0.511811 0.028474,
        -0.332294 0.511811 0.028243,
        -0.334127 0.511811 0.031113,
        -0.334682 0.511811 0.031493,
        -0.333467 0.511811 0.030871,
        -0.332744 0.511811 0.030795,
        -0.335247 0.511811 0.032117,
        -0.335552 0.511811 0.032668,
        -0.317330 0.511850 0.040115,
        -0.318365 0.511850 0.039453,
        -0.322267 0.511850 0.038422,
        -0.320239 0.511850 0.038693,
        -0.317307 0.511850 0.037008,
        -0.321955 0.511850 0.035968,
        -0.319327 0.511850 0.036271,
        -0.324433 0.511850 0.036214,
        -0.326078 0.511850 0.036779,
        -0.326962 0.511850 0.037296,
        -0.327828 0.511850 0.038043,
        -0.328395 0.511850 0.038832,
        -0.328771 0.511850 0.039783,
        -0.328923 0.511850 0.040991,
        -0.328806 0.511850 0.042113,
        -0.328492 0.511850 0.043002,
        -0.327936 0.511850 0.043835,
        -0.327223 0.511850 0.044480,
        -0.325233 0.511850 0.045606,
        -0.324071 0.511850 0.046085,
        -0.322215 0.511850 0.046909,
        -0.321159 0.511850 0.047579,
        -0.320868 0.511850 0.047904,
        -0.320654 0.511850 0.048312,
        -0.320538 0.511850 0.048780,
        -0.320513 0.511850 0.049180,
        -0.320571 0.511850 0.049660,
        -0.320722 0.511850 0.050065,
        -0.320983 0.511850 0.050446,
        -0.321440 0.511850 0.050844,
        -0.322117 0.511850 0.051198,
        -0.322924 0.511850 0.051406,
        -0.323815 0.511850 0.051466,
        -0.325920 0.511850 0.051194,
        -0.327617 0.511850 0.050521,
        -0.328165 0.511850 0.050194,
        -0.328186 0.511850 0.053117,
        -0.326043 0.511850 0.053741,
        -0.324127 0.511850 0.053907,
        -0.321828 0.511850 0.053663,
        -0.320191 0.511850 0.053070,
        -0.319365 0.511850 0.052578,
        -0.318467 0.511850 0.051783,
        -0.317902 0.511850 0.050973,
        -0.317537 0.511850 0.050007,
        -0.317411 0.511850 0.048932,
        -0.317531 0.511850 0.047763,
        -0.317857 0.511850 0.046842,
        -0.318245 0.511850 0.046212,
        -0.321931 0.511850 0.043914,
        -0.320144 0.511850 0.044749,
        -0.318733 0.511850 0.045694,
        -0.323901 0.511850 0.043073,
        -0.325070 0.511850 0.042357,
        -0.325442 0.511850 0.041964,
        -0.325672 0.511850 0.041563,
        -0.325806 0.511850 0.041093,
        -0.325832 0.511850 0.040718,
        -0.325766 0.511850 0.040144,
        -0.325610 0.511850 0.039718,
        -0.325344 0.511850 0.039331,
        -0.324997 0.511850 0.039027,
        -0.324722 0.511850 0.038863,
        -0.323943 0.511850 0.038584,
        -0.322400 0.511850 0.038422,
        -0.343926 0.511850 0.053374,
        -0.347045 0.511850 0.053352,
        -0.339149 0.511850 0.040489,
        -0.338913 0.511850 0.039690,
        -0.338771 0.511850 0.039104,
        -0.338691 0.511850 0.039104,
        -0.338333 0.511850 0.040519,
        -0.333942 0.511850 0.053445,
        -0.330577 0.511850 0.053469,
        -0.337185 0.511850 0.036302,
        -0.335843 0.511850 0.033193,
        -0.335247 0.511850 0.032117,
        -0.334682 0.511850 0.031493,
        -0.334127 0.511850 0.031113,
        -0.333467 0.511850 0.030871,
        -0.332744 0.511850 0.030795,
        -0.331653 0.511850 0.030945,
        -0.331039 0.511850 0.031151,
        -0.331020 0.511850 0.028474,
        -0.332294 0.511850 0.028243,
        -0.332959 0.511850 0.028215,
        -0.334175 0.511850 0.028346,
        -0.335365 0.511850 0.028790,
        -0.336422 0.511850 0.029517,
        -0.336628 0.511850 0.029703,
        -0.337738 0.511850 0.031018,
        -0.339119 0.511850 0.033661,
        -0.363104 0.511850 0.038820,
        -0.363084 0.511850 0.036082,
        -0.353285 0.511850 0.038890,
        -0.353343 0.511850 0.046970,
        -0.361933 0.511850 0.046909,
        -0.361952 0.511850 0.049660,
        -0.353362 0.511850 0.049721,
        -0.353417 0.511850 0.057409,
        -0.362689 0.511850 0.057343,
        -0.362708 0.511850 0.060106,
        -0.350336 0.511850 0.060194,
        -0.350165 0.511850 0.036173,
        -0.382636 0.511850 0.042739,
        -0.381388 0.511850 0.041196,
        -0.383579 0.511850 0.039302,
        -0.381083 0.511850 0.040917,
        -0.381030 0.511850 0.037506,
        -0.379521 0.511850 0.039856,
        -0.378278 0.511850 0.036462,
        -0.377522 0.511850 0.039106,
        -0.374228 0.511850 0.036003,
        -0.374230 0.511850 0.038741,
        -0.367622 0.511850 0.036050,
        -0.370742 0.511850 0.038766,
        -0.367792 0.511850 0.060070,
        -0.370873 0.511850 0.057285,
        -0.374644 0.511850 0.060021,
        -0.374502 0.511850 0.057259,
        -0.378309 0.511850 0.059590,
        -0.377613 0.511850 0.056891,
        -0.381201 0.511850 0.058511,
        -0.379688 0.511850 0.056121,
        -0.383703 0.511850 0.056776,
        -0.381419 0.511850 0.054950,
        -0.384560 0.511850 0.055925,
        -0.382268 0.511850 0.054065,
        -0.386028 0.511850 0.053815,
        -0.383143 0.511850 0.052654,
        -0.386896 0.511850 0.051513,
        -0.383759 0.511850 0.050791,
        -0.387265 0.511850 0.048228,
        -0.384004 0.511850 0.048165,
        -0.387138 0.511850 0.046322,
        -0.383926 0.511850 0.046754,
        -0.386468 0.511850 0.043573,
        -0.383461 0.511850 0.044531,
        -0.385194 0.511850 0.041139,
        -0.374502 0.511811 0.057259,
        -0.370873 0.511811 0.057285,
        -0.370742 0.511811 0.038766,
        -0.374230 0.511811 0.038741,
        -0.381388 0.511811 0.041196,
        -0.381083 0.511811 0.040917,
        -0.379521 0.511811 0.039856,
        -0.377522 0.511811 0.039106,
        -0.384004 0.511811 0.048165,
        -0.383926 0.511811 0.046754,
        -0.383461 0.511811 0.044531,
        -0.382636 0.511811 0.042739,
        -0.381419 0.511811 0.054950,
        -0.382268 0.511811 0.054065,
        -0.383143 0.511811 0.052654,
        -0.383759 0.511811 0.050791,
        -0.377613 0.511811 0.056891,
        -0.379688 0.511811 0.056121,
      ]
    }
    coordIndex [
      55, 139, 140, -1,
      141, 109, 106, -1,
      141, 106, 142, -1,
      142, 106, 61, -1,
      142, 61, 140, -1,
      140, 61, 63, -1,
      140, 63, 55, -1,
      143, 139, 54, -1,
      54, 139, 55, -1,
      87, 144, 145, -1,
      143, 54, 56, -1,
      143, 56, 145, -1,
      145, 56, 66, -1,
      145, 66, 87, -1,
      144, 87, 86, -1,
      144, 86, 146, -1,
      146, 86, 85, -1,
      146, 85, 147, -1,
      147, 85, 84, -1,
      147, 84, 148, -1,
      148, 84, 83, -1,
      148, 83, 149, -1,
      149, 83, 82, -1,
      149, 82, 150, -1,
      150, 82, 81, -1,
      150, 81, 151, -1,
      151, 81, 71, -1,
      151, 71, 152, -1,
      152, 71, 70, -1,
      152, 70, 153, -1,
      153, 70, 68, -1,
      153, 68, 154, -1,
      154, 68, 67, -1,
      154, 67, 155, -1,
      155, 67, 102, -1,
      155, 102, 156, -1,
      156, 102, 101, -1,
      156, 101, 157, -1,
      157, 101, 99, -1,
      157, 99, 158, -1,
      158, 99, 97, -1,
      158, 97, 159, -1,
      159, 97, 96, -1,
      159, 96, 160, -1,
      160, 96, 95, -1,
      160, 95, 161, -1,
      161, 95, 94, -1,
      161, 94, 162, -1,
      162, 94, 93, -1,
      162, 93, 163, -1,
      163, 93, 90, -1,
      163, 90, 164, -1,
      164, 90, 105, -1,
      164, 105, 165, -1,
      165, 105, 104, -1,
      165, 104, 166, -1,
      166, 104, 103, -1,
      166, 103, 167, -1,
      167, 103, 92, -1,
      167, 92, 168, -1,
      168, 92, 91, -1,
      168, 91, 169, -1,
      169, 91, 89, -1,
      169, 89, 170, -1,
      170, 89, 88, -1,
      170, 88, 171, -1,
      171, 88, 98, -1,
      171, 98, 172, -1,
      172, 98, 100, -1,
      172, 100, 173, -1,
      173, 100, 69, -1,
      173, 69, 174, -1,
      175, 174, 80, -1,
      80, 174, 69, -1,
      175, 80, 79, -1,
      175, 79, 176, -1,
      176, 79, 78, -1,
      176, 78, 177, -1,
      177, 78, 77, -1,
      177, 77, 178, -1,
      178, 77, 73, -1,
      178, 73, 179, -1,
      179, 73, 72, -1,
      179, 72, 180, -1,
      181, 180, 76, -1,
      76, 180, 72, -1,
      76, 75, 181, -1,
      181, 75, 74, -1,
      181, 74, 182, -1,
      182, 74, 58, -1,
      182, 58, 183, -1,
      183, 58, 57, -1,
      183, 57, 184, -1,
      184, 57, 59, -1,
      184, 59, 185, -1,
      185, 59, 60, -1,
      185, 60, 186, -1,
      186, 60, 65, -1,
      186, 65, 187, -1,
      107, 188, 189, -1,
      187, 65, 64, -1,
      187, 64, 190, -1,
      190, 64, 62, -1,
      190, 62, 189, -1,
      189, 62, 108, -1,
      189, 108, 107, -1,
      188, 107, 111, -1,
      188, 111, 191, -1,
      191, 111, 122, -1,
      191, 122, 192, -1,
      192, 122, 121, -1,
      192, 121, 193, -1,
      193, 121, 120, -1,
      193, 120, 194, -1,
      194, 120, 114, -1,
      194, 114, 195, -1,
      195, 114, 113, -1,
      195, 113, 196, -1,
      196, 113, 119, -1,
      196, 119, 197, -1,
      197, 119, 118, -1,
      197, 118, 198, -1,
      198, 118, 117, -1,
      198, 117, 199, -1,
      199, 117, 116, -1,
      199, 116, 200, -1,
      200, 116, 115, -1,
      200, 115, 201, -1,
      201, 115, 112, -1,
      201, 112, 202, -1,
      202, 112, 110, -1,
      202, 110, 203, -1,
      203, 110, 109, -1,
      203, 109, 141, -1,
      167, 168, 179, -1,
      179, 168, 178, -1,
      191, 158, 188, -1,
      188, 158, 159, -1,
      144, 141, 145, -1,
      145, 141, 142, -1,
      145, 142, 143, -1,
      143, 142, 140, -1,
      143, 140, 139, -1,
      168, 169, 178, -1,
      178, 169, 170, -1,
      178, 170, 177, -1,
      177, 170, 171, -1,
      177, 171, 176, -1,
      176, 171, 172, -1,
      176, 172, 175, -1,
      175, 172, 173, -1,
      175, 173, 174, -1,
      147, 148, 199, -1,
      199, 148, 149, -1,
      199, 149, 198, -1,
      198, 149, 150, -1,
      198, 150, 197, -1,
      197, 150, 151, -1,
      197, 151, 196, -1,
      196, 151, 152, -1,
      196, 152, 195, -1,
      195, 152, 153, -1,
      195, 153, 194, -1,
      194, 153, 154, -1,
      194, 154, 193, -1,
      193, 154, 155, -1,
      193, 155, 192, -1,
      192, 155, 156, -1,
      192, 156, 191, -1,
      191, 156, 157, -1,
      191, 157, 158, -1,
      199, 200, 147, -1,
      147, 200, 201, -1,
      147, 201, 146, -1,
      146, 201, 202, -1,
      146, 202, 144, -1,
      144, 202, 203, -1,
      144, 203, 141, -1,
      179, 180, 167, -1,
      167, 180, 181, -1,
      167, 181, 166, -1,
      166, 181, 182, -1,
      166, 182, 165, -1,
      165, 182, 183, -1,
      165, 183, 164, -1,
      164, 183, 184, -1,
      164, 184, 163, -1,
      163, 184, 185, -1,
      163, 185, 162, -1,
      162, 185, 186, -1,
      162, 186, 161, -1,
      161, 186, 187, -1,
      161, 187, 160, -1,
      160, 187, 190, -1,
      160, 190, 159, -1,
      159, 190, 189, -1,
      159, 189, 188, -1,
      204, 205, 45, -1,
      45, 205, 47, -1,
      206, 204, 41, -1,
      41, 204, 45, -1,
      206, 41, 44, -1,
      206, 44, 207, -1,
      207, 44, 43, -1,
      207, 43, 208, -1,
      209, 208, 42, -1,
      42, 208, 43, -1,
      210, 209, 40, -1,
      40, 209, 42, -1,
      124, 211, 39, -1,
      39, 211, 210, -1,
      39, 210, 40, -1,
      212, 211, 123, -1,
      123, 211, 124, -1,
      1, 213, 2, -1,
      2, 213, 212, -1,
      2, 212, 123, -1,
      214, 213, 0, -1,
      0, 213, 1, -1,
      214, 0, 138, -1,
      214, 138, 215, -1,
      138, 137, 215, -1,
      215, 137, 134, -1,
      215, 134, 216, -1,
      216, 134, 133, -1,
      216, 133, 217, -1,
      217, 133, 135, -1,
      217, 135, 218, -1,
      218, 135, 136, -1,
      218, 136, 219, -1,
      219, 136, 128, -1,
      219, 128, 220, -1,
      220, 128, 127, -1,
      220, 127, 221, -1,
      222, 221, 131, -1,
      131, 221, 127, -1,
      222, 131, 132, -1,
      222, 132, 223, -1,
      223, 132, 130, -1,
      223, 130, 224, -1,
      224, 130, 129, -1,
      224, 129, 225, -1,
      225, 129, 126, -1,
      225, 126, 226, -1,
      226, 126, 53, -1,
      226, 53, 227, -1,
      53, 52, 227, -1,
      227, 52, 51, -1,
      227, 51, 228, -1,
      228, 51, 50, -1,
      228, 50, 229, -1,
      229, 50, 49, -1,
      229, 49, 230, -1,
      205, 230, 47, -1,
      47, 230, 49, -1,
      207, 208, 230, -1,
      205, 204, 230, -1,
      230, 204, 206, -1,
      230, 206, 207, -1,
      211, 212, 210, -1,
      210, 212, 213, -1,
      210, 213, 209, -1,
      229, 215, 228, -1,
      228, 215, 216, -1,
      221, 222, 220, -1,
      220, 222, 223, -1,
      220, 223, 219, -1,
      219, 223, 224, -1,
      219, 224, 218, -1,
      218, 224, 225, -1,
      218, 225, 217, -1,
      217, 225, 226, -1,
      217, 226, 216, -1,
      216, 226, 227, -1,
      216, 227, 228, -1,
      208, 209, 230, -1,
      230, 209, 213, -1,
      230, 213, 229, -1,
      229, 213, 214, -1,
      229, 214, 215, -1,
      231, 232, 28, -1,
      28, 232, 27, -1,
      32, 233, 29, -1,
      29, 233, 231, -1,
      29, 231, 28, -1,
      234, 233, 31, -1,
      31, 233, 32, -1,
      24, 235, 30, -1,
      30, 235, 234, -1,
      30, 234, 31, -1,
      236, 235, 25, -1,
      25, 235, 24, -1,
      35, 237, 26, -1,
      26, 237, 236, -1,
      26, 236, 25, -1,
      238, 237, 34, -1,
      34, 237, 35, -1,
      23, 239, 33, -1,
      33, 239, 238, -1,
      33, 238, 34, -1,
      36, 240, 22, -1,
      22, 240, 239, -1,
      22, 239, 23, -1,
      37, 241, 38, -1,
      38, 241, 240, -1,
      38, 240, 36, -1,
      48, 242, 46, -1,
      46, 242, 241, -1,
      46, 241, 37, -1,
      27, 232, 125, -1,
      125, 232, 242, -1,
      125, 242, 48, -1,
      242, 232, 231, -1,
      231, 233, 242, -1,
      242, 233, 234, -1,
      242, 234, 241, -1,
      239, 240, 238, -1,
      238, 240, 241, -1,
      238, 241, 237, -1,
      237, 241, 234, -1,
      237, 234, 236, -1,
      236, 234, 235, -1,
      243, 244, 245, -1,
      245, 244, 246, -1,
      245, 246, 247, -1,
      247, 246, 248, -1,
      247, 248, 249, -1,
      249, 248, 250, -1,
      249, 250, 251, -1,
      251, 250, 252, -1,
      251, 252, 253, -1,
      253, 252, 254, -1,
      253, 254, 255, -1,
      255, 254, 256, -1,
      255, 256, 257, -1,
      257, 256, 258, -1,
      257, 258, 259, -1,
      259, 258, 260, -1,
      259, 260, 261, -1,
      261, 260, 262, -1,
      261, 262, 263, -1,
      263, 262, 264, -1,
      263, 264, 265, -1,
      265, 264, 266, -1,
      265, 266, 267, -1,
      267, 266, 268, -1,
      267, 268, 269, -1,
      269, 268, 270, -1,
      269, 270, 271, -1,
      271, 270, 272, -1,
      271, 272, 273, -1,
      273, 272, 274, -1,
      273, 274, 275, -1,
      275, 274, 276, -1,
      275, 276, 277, -1,
      277, 276, 243, -1,
      277, 243, 245, -1,
      251, 253, 17, -1,
      17, 253, 18, -1,
      251, 17, 6, -1,
      251, 6, 249, -1,
      249, 6, 13, -1,
      249, 13, 247, -1,
      247, 13, 12, -1,
      247, 12, 245, -1,
      245, 12, 8, -1,
      245, 8, 277, -1,
      277, 8, 7, -1,
      277, 7, 275, -1,
      275, 7, 16, -1,
      275, 16, 273, -1,
      273, 16, 15, -1,
      273, 15, 271, -1,
      271, 15, 14, -1,
      271, 14, 269, -1,
      269, 14, 11, -1,
      269, 11, 267, -1,
      267, 11, 10, -1,
      267, 10, 265, -1,
      265, 10, 9, -1,
      265, 9, 263, -1,
      21, 257, 5, -1,
      5, 257, 259, -1,
      5, 259, 4, -1,
      4, 259, 261, -1,
      4, 261, 3, -1,
      3, 261, 263, -1,
      3, 263, 9, -1,
      255, 257, 20, -1,
      20, 257, 21, -1,
      18, 253, 19, -1,
      19, 253, 255, -1,
      19, 255, 20, -1,
      258, 256, 278, -1,
      278, 256, 279, -1,
      256, 254, 279, -1,
      279, 254, 280, -1,
      254, 252, 280, -1,
      280, 252, 281, -1,
      244, 282, 283, -1,
      244, 283, 246, -1,
      246, 283, 284, -1,
      246, 284, 248, -1,
      248, 284, 285, -1,
      248, 285, 250, -1,
      250, 285, 281, -1,
      250, 281, 252, -1,
      272, 286, 287, -1,
      272, 287, 274, -1,
      274, 287, 288, -1,
      274, 288, 276, -1,
      276, 288, 289, -1,
      276, 289, 243, -1,
      243, 289, 282, -1,
      243, 282, 244, -1,
      264, 290, 291, -1,
      264, 291, 266, -1,
      266, 291, 292, -1,
      266, 292, 268, -1,
      268, 292, 293, -1,
      268, 293, 270, -1,
      270, 293, 286, -1,
      270, 286, 272, -1,
      258, 278, 294, -1,
      258, 294, 260, -1,
      260, 294, 295, -1,
      260, 295, 262, -1,
      262, 295, 290, -1,
      262, 290, 264, -1,
    ]
  }
}

Shape {
  appearance Appearance {
    material Material {
      diffuseColor 1.0000 1.0000 1.0000
      specularColor 0.5020 0.5020 0.5020
      ambientIntensity 0.2
      transparency 0.0000
      shininess 0.5
    }
  }
  geometry IndexedFaceSet {
    ccw TRUE
    solid FALSE
    coord DEF co Coordinate {
      point [
        -0.374502 0.511811 0.057259,
        -0.370873 0.511811 0.057285,
        -0.370742 0.511811 0.038766,
        -0.374230 0.511811 0.038741,
        -0.381388 0.511811 0.041196,
        -0.381083 0.511811 0.040917,
        -0.379521 0.511811 0.039856,
        -0.377522 0.511811 0.039106,
        -0.384004 0.511811 0.048165,
        -0.383926 0.511811 0.046754,
        -0.383461 0.511811 0.044531,
        -0.382636 0.511811 0.042739,
        -0.381419 0.511811 0.054950,
        -0.382268 0.511811 0.054065,
        -0.383143 0.511811 0.052654,
        -0.383759 0.511811 0.050791,
        -0.377613 0.511811 0.056891,
        -0.379688 0.511811 0.056121,
      ]
    }
    coordIndex [
      1, 2, 0, -1,
      0, 2, 3, -1,
      0, 3, 7, -1,
      7, 6, 0, -1,
      0, 6, 5, -1,
      0, 5, 4, -1,
      9, 8, 0, -1,
      0, 8, 15, -1,
      0, 15, 14, -1,
      14, 13, 0, -1,
      0, 13, 12, -1,
      0, 12, 16, -1,
      16, 12, 17, -1,
      4, 11, 0, -1,
      0, 11, 10, -1,
      0, 10, 9, -1,
    ]
  }
}

Shape {
  appearance Appearance {
    material Material {
      diffuseColor 0.0000 0.0000 0.0000
      specularColor 0.0000 0.0000 0.0000
      ambientIntensity 0.2
      transparency 0.0000
      shininess 0.5
    }
  }
  geometry IndexedFaceSet {
    ccw TRUE
    solid FALSE
    coord DEF co Coordinate {
      point [
        -0.406698 0.511811 0.035772,
        -0.404294 0.511811 0.042360,
        -0.394292 0.511811 0.042431,
        -0.391937 0.511811 0.035877,
        -0.388511 0.511811 0.035902,
        -0.397830 0.511811 0.059857,
        -0.401145 0.511811 0.059833,
        -0.410124 0.511811 0.035748,
        -0.395294 0.511850 0.045138,
        -0.398957 0.511850 0.055096,
        -0.397830 0.511850 0.059857,
        -0.388511 0.511850 0.035902,
        -0.391937 0.511850 0.035877,
        -0.394292 0.511850 0.042431,
        -0.399170 0.511850 0.055811,
        -0.399361 0.511850 0.056776,
        -0.401145 0.511850 0.059833,
        -0.399435 0.511850 0.056775,
        -0.399622 0.511850 0.055757,
        -0.399798 0.511850 0.055090,
        -0.403356 0.511850 0.045081,
        -0.410124 0.511850 0.035748,
        -0.406698 0.511850 0.035772,
        -0.404294 0.511850 0.042360,
        -0.395294 0.511811 0.045138,
        -0.403356 0.511811 0.045081,
        -0.399798 0.511811 0.055090,
        -0.399435 0.511811 0.056775,
        -0.399622 0.511811 0.055757,
        -0.399361 0.511811 0.056776,
        -0.398957 0.511811 0.055096,
        -0.399170 0.511811 0.055811,
      ]
    }
    coordIndex [
      8, 9, 10, -1,
      11, 12, 13, -1,
      9, 14, 10, -1,
      10, 14, 15, -1,
      10, 15, 16, -1,
      16, 15, 17, -1,
      16, 17, 18, -1,
      18, 19, 16, -1,
      16, 19, 20, -1,
      16, 20, 21, -1,
      22, 21, 23, -1,
      23, 21, 20, -1,
      23, 20, 13, -1,
      13, 20, 8, -1,
      13, 8, 11, -1,
      11, 8, 10, -1,
      16, 21, 6, -1,
      6, 21, 7, -1,
      10, 16, 5, -1,
      5, 16, 6, -1,
      11, 10, 4, -1,
      4, 10, 5, -1,
      12, 11, 3, -1,
      3, 11, 4, -1,
      13, 12, 2, -1,
      2, 12, 3, -1,
      23, 13, 1, -1,
      1, 13, 2, -1,
      22, 23, 0, -1,
      0, 23, 1, -1,
      21, 22, 7, -1,
      7, 22, 0, -1,
      8, 20, 24, -1,
      24, 20, 25, -1,
      20, 19, 25, -1,
      25, 19, 26, -1,
      17, 27, 28, -1,
      17, 28, 18, -1,
      18, 28, 26, -1,
      18, 26, 19, -1,
      17, 15, 27, -1,
      27, 15, 29, -1,
      9, 30, 31, -1,
      9, 31, 14, -1,
      14, 31, 29, -1,
      14, 29, 15, -1,
      9, 8, 30, -1,
      30, 8, 24, -1,
    ]
  }
}

Shape {
  appearance Appearance {
    material Material {
      diffuseColor 1.0000 1.0000 1.0000
      specularColor 0.5020 0.5020 0.5020
      ambientIntensity 0.2
      transparency 0.0000
      shininess 0.5
    }
  }
  geometry IndexedFaceSet {
    ccw TRUE
    solid FALSE
    coord DEF co Coordinate {
      point [
        -0.395294 0.511811 0.045138,
        -0.403356 0.511811 0.045081,
        -0.399798 0.511811 0.055090,
        -0.399435 0.511811 0.056775,
        -0.399622 0.511811 0.055757,
        -0.399361 0.511811 0.056776,
        -0.398957 0.511811 0.055096,
        -0.399170 0.511811 0.055811,
      ]
    }
    coordIndex [
      3, 5, 4, -1,
      4, 5, 7, -1,
      4, 7, 2, -1,
      2, 7, 6, -1,
      2, 6, 1, -1,
      1, 6, 0, -1,
    ]
  }
}

Shape {
  appearance Appearance {
    material Material {
      diffuseColor 0.0000 0.0000 0.0000
      specularColor 0.0000 0.0000 0.0000
      ambientIntensity 0.2
      transparency 0.0000
      shininess 0.5
    }
  }
  geometry IndexedFaceSet {
    ccw TRUE
    solid FALSE
    coord DEF co Coordinate {
      point [
        -0.261344 0.511811 0.071429,
        -0.262938 0.511811 0.067367,
        -0.194957 0.511811 0.059963,
        -0.215898 0.511811 0.059963,
        -0.216806 0.511811 0.060430,
        -0.155984 0.511811 0.057929,
        -0.155747 0.511811 0.059963,
        -0.155264 0.511811 0.066263,
        -0.155469 0.511811 0.067367,
        -0.238265 0.511811 0.096660,
        -0.243891 0.511811 0.090049,
        -0.247391 0.511811 0.083103,
        -0.248221 0.511811 0.082818,
        -0.222372 0.511811 0.104863,
        -0.229144 0.511811 0.102370,
        -0.230900 0.511811 0.101724,
        -0.235382 0.511811 0.098642,
        -0.215101 0.511811 0.105706,
        -0.206649 0.511811 0.104726,
        -0.200407 0.511811 0.102370,
        -0.198752 0.511811 0.101746,
        -0.193910 0.511811 0.098642,
        -0.194560 0.511811 0.099191,
        -0.176331 0.511811 0.091315,
        -0.183067 0.511811 0.092099,
        -0.190522 0.511811 0.095782,
        -0.185030 0.511811 0.091978,
        -0.186993 0.511811 0.091730,
        -0.163369 0.511811 0.084041,
        -0.164528 0.511811 0.085122,
        -0.169987 0.511811 0.088903,
        -0.156455 0.511811 0.072674,
        -0.157160 0.511811 0.074235,
        -0.159224 0.511811 0.078803,
        -0.229951 0.511811 0.046899,
        -0.231126 0.511811 0.047354,
        -0.233202 0.511811 0.057073,
        -0.228896 0.511811 0.046162,
        -0.155204 0.511811 0.064628,
        -0.155693 0.511811 0.060430,
        -0.264052 0.511811 0.059963,
        -0.263314 0.511811 0.054526,
        -0.167541 0.511811 0.041381,
        -0.162245 0.511811 0.045962,
        -0.232451 0.511811 0.047514,
        -0.232617 0.511811 0.047501,
        -0.233128 0.511811 0.047383,
        -0.261131 0.511811 0.049134,
        -0.257706 0.511811 0.044431,
        -0.158387 0.511811 0.051554,
        -0.250017 0.511811 0.051504,
        -0.251915 0.511811 0.054153,
        -0.253115 0.511811 0.057188,
        -0.231539 0.511811 0.059963,
        -0.187313 0.511811 0.026612,
        -0.183383 0.511811 0.028293,
        -0.180059 0.511811 0.030833,
        -0.177540 0.511811 0.033985,
        -0.175849 0.511811 0.037668,
        -0.173691 0.511811 0.038330,
        -0.233474 0.511811 0.047336,
        -0.241159 0.511811 0.047281,
        -0.244242 0.511811 0.047851,
        -0.253033 0.511811 0.040532,
        -0.247805 0.511811 0.038019,
        -0.242110 0.511811 0.036856,
        -0.227119 0.511811 0.042257,
        -0.227167 0.511811 0.042931,
        -0.209203 0.511811 0.044605,
        -0.227519 0.511811 0.044228,
        -0.228184 0.511811 0.045389,
        -0.208050 0.511811 0.036894,
        -0.205998 0.511811 0.033105,
        -0.203371 0.511811 0.030203,
        -0.199954 0.511811 0.027858,
        -0.247264 0.511811 0.049229,
        -0.249801 0.511811 0.051276,
        -0.232034 0.511811 0.036928,
        -0.231073 0.511811 0.037090,
        -0.229946 0.511811 0.037543,
        -0.228844 0.511811 0.038338,
        -0.228450 0.511811 0.038745,
        -0.227714 0.511811 0.039823,
        -0.227272 0.511811 0.040984,
        -0.209083 0.511811 0.041102,
        -0.209191 0.511811 0.042897,
        -0.196135 0.511811 0.026421,
        -0.191991 0.511811 0.025940,
        -0.191341 0.511811 0.025956,
        -0.253478 0.511811 0.059963,
        -0.253539 0.511811 0.060430,
        -0.231270 0.511811 0.060430,
        -0.253550 0.511811 0.060515,
        -0.166673 0.511811 0.060430,
        -0.166154 0.511811 0.062243,
        -0.227972 0.511811 0.066162,
        -0.165966 0.511811 0.064894,
        -0.166289 0.511811 0.067367,
        -0.253475 0.511811 0.062030,
        -0.252692 0.511811 0.065315,
        -0.251601 0.511811 0.067367,
        -0.198421 0.511811 0.059078,
        -0.202032 0.511811 0.057111,
        -0.205002 0.511811 0.054369,
        -0.184365 0.511811 0.058374,
        -0.188147 0.511811 0.059792,
        -0.166807 0.511811 0.059963,
        -0.189623 0.511811 0.059963,
        -0.192235 0.511811 0.060267,
        -0.194306 0.511811 0.060130,
        -0.167353 0.511811 0.058056,
        -0.178011 0.511811 0.052762,
        -0.180856 0.511811 0.055971,
        -0.169353 0.511811 0.054600,
        -0.172392 0.511811 0.051431,
        -0.176101 0.511811 0.049109,
        -0.238957 0.511811 0.073940,
        -0.167997 0.511811 0.072828,
        -0.166506 0.511811 0.069030,
        -0.240324 0.511811 0.073931,
        -0.251121 0.511811 0.068270,
        -0.249181 0.511811 0.070465,
        -0.246546 0.511811 0.072335,
        -0.243574 0.511811 0.073506,
        -0.235339 0.511811 0.084242,
        -0.231515 0.511811 0.088868,
        -0.192198 0.511811 0.079225,
        -0.231106 0.511811 0.089246,
        -0.226332 0.511811 0.092612,
        -0.194848 0.511811 0.084612,
        -0.168992 0.511811 0.074235,
        -0.191006 0.511811 0.079889,
        -0.238895 0.511811 0.074235,
        -0.237939 0.511811 0.078723,
        -0.187188 0.511811 0.081321,
        -0.183165 0.511811 0.081851,
        -0.181369 0.511811 0.081769,
        -0.198711 0.511811 0.089160,
        -0.220991 0.511811 0.094703,
        -0.203308 0.511811 0.092469,
        -0.215199 0.511811 0.095457,
        -0.208902 0.511811 0.094691,
        -0.177147 0.511811 0.080795,
        -0.173329 0.511811 0.078798,
        -0.170390 0.511811 0.076212,
        -0.263396 0.511811 0.066198,
        -0.264140 0.511811 0.060611,
        -0.264115 0.511811 0.060430,
        -0.253286 0.511811 0.080261,
        -0.257892 0.511811 0.076311,
        -0.259360 0.511811 0.074235,
        -0.177540 0.511850 0.033985,
        -0.180059 0.511850 0.030833,
        -0.176101 0.511850 0.049109,
        -0.233202 0.511850 0.057073,
        -0.227972 0.511850 0.066162,
        -0.205002 0.511850 0.054369,
        -0.193408 0.511850 0.049344,
        -0.194990 0.511850 0.048765,
        -0.173329 0.511850 0.078798,
        -0.177147 0.511850 0.080795,
        -0.176331 0.511850 0.091315,
        -0.186993 0.511850 0.091730,
        -0.192198 0.511850 0.079225,
        -0.194848 0.511850 0.084612,
        -0.172392 0.511850 0.051431,
        -0.173691 0.511850 0.038330,
        -0.175849 0.511850 0.037668,
        -0.183067 0.511850 0.092099,
        -0.196357 0.511850 0.047828,
        -0.197449 0.511850 0.046592,
        -0.209203 0.511850 0.044605,
        -0.190316 0.511850 0.049306,
        -0.188147 0.511850 0.059792,
        -0.188820 0.511850 0.048728,
        -0.184365 0.511850 0.058374,
        -0.187478 0.511850 0.047788,
        -0.180856 0.511850 0.055971,
        -0.186798 0.511850 0.047079,
        -0.178011 0.511850 0.052762,
        -0.185906 0.511850 0.045673,
        -0.185391 0.511850 0.044069,
        -0.185294 0.511850 0.042405,
        -0.198421 0.511850 0.059078,
        -0.194306 0.511850 0.060130,
        -0.192235 0.511850 0.060267,
        -0.238957 0.511850 0.073940,
        -0.240324 0.511850 0.073931,
        -0.247391 0.511850 0.083103,
        -0.243574 0.511850 0.073506,
        -0.248221 0.511850 0.082818,
        -0.246546 0.511850 0.072335,
        -0.253286 0.511850 0.080261,
        -0.257892 0.511850 0.076311,
        -0.190522 0.511850 0.095782,
        -0.198711 0.511850 0.089160,
        -0.194560 0.511850 0.099191,
        -0.203308 0.511850 0.092469,
        -0.198752 0.511850 0.101746,
        -0.181369 0.511850 0.081769,
        -0.183165 0.511850 0.081851,
        -0.185030 0.511850 0.091978,
        -0.187188 0.511850 0.081321,
        -0.191006 0.511850 0.079889,
        -0.198181 0.511850 0.045185,
        -0.198560 0.511850 0.043599,
        -0.209191 0.511850 0.042897,
        -0.198551 0.511850 0.042036,
        -0.209083 0.511850 0.041102,
        -0.257706 0.511850 0.044431,
        -0.249801 0.511850 0.051276,
        -0.253033 0.511850 0.040532,
        -0.247264 0.511850 0.049229,
        -0.247805 0.511850 0.038019,
        -0.244242 0.511850 0.047851,
        -0.242110 0.511850 0.036856,
        -0.241159 0.511850 0.047281,
        -0.232034 0.511850 0.036928,
        -0.233474 0.511850 0.047336,
        -0.231073 0.511850 0.037090,
        -0.191988 0.511850 0.049509,
        -0.202032 0.511850 0.057111,
        -0.249181 0.511850 0.070465,
        -0.251121 0.511850 0.068270,
        -0.261344 0.511850 0.071429,
        -0.252692 0.511850 0.065315,
        -0.263396 0.511850 0.066198,
        -0.253475 0.511850 0.062030,
        -0.264140 0.511850 0.060611,
        -0.253550 0.511850 0.060515,
        -0.263314 0.511850 0.054526,
        -0.253115 0.511850 0.057188,
        -0.261131 0.511850 0.049134,
        -0.251915 0.511850 0.054153,
        -0.250017 0.511850 0.051504,
        -0.238265 0.511850 0.096660,
        -0.231515 0.511850 0.088868,
        -0.243891 0.511850 0.090049,
        -0.235339 0.511850 0.084242,
        -0.237939 0.511850 0.078723,
        -0.166506 0.511850 0.069030,
        -0.155264 0.511850 0.066263,
        -0.165966 0.511850 0.064894,
        -0.155204 0.511850 0.064628,
        -0.166154 0.511850 0.062243,
        -0.155984 0.511850 0.057929,
        -0.167353 0.511850 0.058056,
        -0.158387 0.511850 0.051554,
        -0.169353 0.511850 0.054600,
        -0.162245 0.511850 0.045962,
        -0.167541 0.511850 0.041381,
        -0.185599 0.511850 0.040802,
        -0.186265 0.511850 0.039361,
        -0.206649 0.511850 0.104726,
        -0.208902 0.511850 0.094691,
        -0.215101 0.511850 0.105706,
        -0.215199 0.511850 0.095457,
        -0.222372 0.511850 0.104863,
        -0.220991 0.511850 0.094703,
        -0.230900 0.511850 0.101724,
        -0.226332 0.511850 0.092612,
        -0.231106 0.511850 0.089246,
        -0.169987 0.511850 0.088903,
        -0.164528 0.511850 0.085122,
        -0.170390 0.511850 0.076212,
        -0.163369 0.511850 0.084041,
        -0.167997 0.511850 0.072828,
        -0.159224 0.511850 0.078803,
        -0.156455 0.511850 0.072674,
        -0.208050 0.511850 0.036894,
        -0.198131 0.511850 0.040400,
        -0.205998 0.511850 0.033105,
        -0.197327 0.511850 0.038939,
        -0.203371 0.511850 0.030203,
        -0.196393 0.511850 0.037898,
        -0.199954 0.511850 0.027858,
        -0.195089 0.511850 0.036977,
        -0.196135 0.511850 0.026421,
        -0.193605 0.511850 0.036396,
        -0.191991 0.511850 0.025940,
        -0.191893 0.511850 0.036188,
        -0.191341 0.511850 0.025956,
        -0.191602 0.511850 0.036196,
        -0.187313 0.511850 0.026612,
        -0.190071 0.511850 0.036457,
        -0.183383 0.511850 0.028293,
        -0.188532 0.511850 0.037131,
        -0.187231 0.511850 0.038142,
        -0.232617 0.511850 0.047501,
        -0.228450 0.511850 0.038745,
        -0.228844 0.511850 0.038338,
        -0.233128 0.511850 0.047383,
        -0.229946 0.511850 0.037543,
        -0.227119 0.511850 0.042257,
        -0.227272 0.511850 0.040984,
        -0.227714 0.511850 0.039823,
        -0.231126 0.511850 0.047354,
        -0.229951 0.511850 0.046899,
        -0.227167 0.511850 0.042931,
        -0.228896 0.511850 0.046162,
        -0.228184 0.511850 0.045389,
        -0.227519 0.511850 0.044228,
        -0.232451 0.511850 0.047514,
        -0.191988 0.511811 0.049509,
        -0.193408 0.511811 0.049344,
        -0.194990 0.511811 0.048765,
        -0.196357 0.511811 0.047828,
        -0.197449 0.511811 0.046592,
        -0.198181 0.511811 0.045185,
        -0.198560 0.511811 0.043599,
        -0.198551 0.511811 0.042036,
        -0.198131 0.511811 0.040400,
        -0.197327 0.511811 0.038939,
        -0.196393 0.511811 0.037898,
        -0.195089 0.511811 0.036977,
        -0.193605 0.511811 0.036396,
        -0.191893 0.511811 0.036188,
        -0.191602 0.511811 0.036196,
        -0.190071 0.511811 0.036457,
        -0.188532 0.511811 0.037131,
        -0.187231 0.511811 0.038142,
        -0.186265 0.511811 0.039361,
        -0.185599 0.511811 0.040802,
        -0.185294 0.511811 0.042405,
        -0.185391 0.511811 0.044069,
        -0.185906 0.511811 0.045673,
        -0.186798 0.511811 0.047079,
        -0.187478 0.511811 0.047788,
        -0.188820 0.511811 0.048728,
        -0.190316 0.511811 0.049306,
      ]
    }
    coordIndex [
      151, 152, 153, -1,
      154, 155, 156, -1,
      157, 158, 154, -1,
      159, 160, 161, -1,
      162, 163, 164, -1,
      165, 166, 153, -1,
      153, 166, 167, -1,
      153, 167, 151, -1,
      161, 160, 168, -1,
      158, 169, 154, -1,
      154, 169, 170, -1,
      154, 170, 171, -1,
      172, 173, 174, -1,
      174, 173, 175, -1,
      174, 175, 176, -1,
      176, 175, 177, -1,
      176, 177, 178, -1,
      178, 177, 179, -1,
      178, 179, 180, -1,
      180, 179, 153, -1,
      180, 153, 181, -1,
      181, 153, 182, -1,
      183, 184, 172, -1,
      172, 184, 185, -1,
      172, 185, 173, -1,
      186, 187, 188, -1,
      188, 187, 189, -1,
      188, 189, 190, -1,
      190, 189, 191, -1,
      190, 191, 192, -1,
      192, 191, 193, -1,
      162, 164, 194, -1,
      194, 164, 195, -1,
      194, 195, 196, -1,
      196, 195, 197, -1,
      196, 197, 198, -1,
      160, 199, 168, -1,
      168, 199, 200, -1,
      168, 200, 201, -1,
      201, 200, 202, -1,
      201, 202, 162, -1,
      162, 202, 203, -1,
      162, 203, 163, -1,
      170, 204, 171, -1,
      171, 204, 205, -1,
      171, 205, 206, -1,
      206, 205, 207, -1,
      206, 207, 208, -1,
      209, 210, 211, -1,
      211, 210, 212, -1,
      211, 212, 213, -1,
      213, 212, 214, -1,
      213, 214, 215, -1,
      215, 214, 216, -1,
      215, 216, 217, -1,
      217, 216, 218, -1,
      217, 218, 219, -1,
      157, 154, 220, -1,
      220, 154, 156, -1,
      220, 156, 172, -1,
      172, 156, 221, -1,
      172, 221, 183, -1,
      191, 222, 193, -1,
      193, 222, 223, -1,
      193, 223, 224, -1,
      224, 223, 225, -1,
      224, 225, 226, -1,
      226, 225, 227, -1,
      226, 227, 228, -1,
      228, 227, 229, -1,
      228, 229, 230, -1,
      230, 229, 231, -1,
      230, 231, 232, -1,
      232, 231, 233, -1,
      232, 233, 209, -1,
      209, 233, 234, -1,
      209, 234, 210, -1,
      235, 236, 237, -1,
      237, 236, 238, -1,
      237, 238, 188, -1,
      188, 238, 239, -1,
      188, 239, 186, -1,
      240, 241, 242, -1,
      242, 241, 243, -1,
      242, 243, 244, -1,
      244, 243, 245, -1,
      244, 245, 246, -1,
      246, 245, 247, -1,
      246, 247, 248, -1,
      248, 247, 249, -1,
      248, 249, 165, -1,
      165, 249, 250, -1,
      165, 250, 166, -1,
      182, 153, 251, -1,
      251, 153, 152, -1,
      251, 152, 252, -1,
      198, 197, 253, -1,
      253, 197, 254, -1,
      253, 254, 255, -1,
      255, 254, 256, -1,
      255, 256, 257, -1,
      257, 256, 258, -1,
      257, 258, 259, -1,
      259, 258, 260, -1,
      259, 260, 235, -1,
      235, 260, 261, -1,
      235, 261, 236, -1,
      161, 262, 159, -1,
      159, 262, 263, -1,
      159, 263, 264, -1,
      264, 263, 265, -1,
      264, 265, 266, -1,
      266, 265, 267, -1,
      266, 267, 240, -1,
      240, 267, 268, -1,
      240, 268, 241, -1,
      208, 207, 269, -1,
      269, 207, 270, -1,
      269, 270, 271, -1,
      271, 270, 272, -1,
      271, 272, 273, -1,
      273, 272, 274, -1,
      273, 274, 275, -1,
      275, 274, 276, -1,
      275, 276, 277, -1,
      277, 276, 278, -1,
      277, 278, 279, -1,
      279, 278, 280, -1,
      279, 280, 281, -1,
      281, 280, 282, -1,
      281, 282, 283, -1,
      283, 282, 284, -1,
      283, 284, 285, -1,
      285, 284, 286, -1,
      285, 286, 152, -1,
      152, 286, 287, -1,
      152, 287, 252, -1,
      288, 289, 290, -1,
      218, 291, 219, -1,
      219, 291, 288, -1,
      219, 288, 292, -1,
      292, 288, 290, -1,
      293, 294, 288, -1,
      288, 294, 295, -1,
      288, 295, 289, -1,
      296, 297, 298, -1,
      297, 299, 298, -1,
      298, 299, 300, -1,
      298, 300, 301, -1,
      293, 288, 298, -1,
      298, 288, 302, -1,
      298, 302, 296, -1,
      228, 146, 145, -1,
      150, 193, 224, -1,
      228, 145, 226, -1,
      226, 145, 1, -1,
      226, 1, 224, -1,
      224, 1, 0, -1,
      224, 0, 150, -1,
      150, 149, 193, -1,
      193, 149, 148, -1,
      193, 148, 192, -1,
      192, 148, 12, -1,
      192, 12, 190, -1,
      190, 12, 11, -1,
      190, 11, 188, -1,
      188, 11, 10, -1,
      188, 10, 237, -1,
      237, 10, 9, -1,
      237, 9, 235, -1,
      17, 255, 257, -1,
      235, 9, 16, -1,
      235, 16, 259, -1,
      16, 15, 259, -1,
      259, 15, 14, -1,
      259, 14, 257, -1,
      257, 14, 13, -1,
      257, 13, 17, -1,
      22, 196, 198, -1,
      255, 17, 18, -1,
      255, 18, 253, -1,
      253, 18, 19, -1,
      253, 19, 198, -1,
      198, 19, 20, -1,
      198, 20, 22, -1,
      27, 162, 194, -1,
      196, 22, 21, -1,
      196, 21, 194, -1,
      194, 21, 25, -1,
      194, 25, 27, -1,
      162, 27, 26, -1,
      162, 26, 201, -1,
      201, 26, 24, -1,
      201, 24, 168, -1,
      168, 24, 23, -1,
      168, 23, 161, -1,
      161, 23, 30, -1,
      161, 30, 262, -1,
      262, 30, 29, -1,
      262, 29, 263, -1,
      263, 29, 28, -1,
      263, 28, 265, -1,
      38, 243, 241, -1,
      265, 28, 33, -1,
      265, 33, 267, -1,
      267, 33, 32, -1,
      267, 32, 268, -1,
      32, 31, 268, -1,
      268, 31, 8, -1,
      268, 8, 241, -1,
      241, 8, 7, -1,
      241, 7, 38, -1,
      6, 245, 39, -1,
      39, 245, 243, -1,
      39, 243, 38, -1,
      6, 5, 245, -1,
      245, 5, 49, -1,
      245, 49, 247, -1,
      247, 49, 43, -1,
      247, 43, 249, -1,
      249, 43, 42, -1,
      249, 42, 250, -1,
      250, 42, 59, -1,
      250, 59, 166, -1,
      166, 59, 58, -1,
      166, 58, 167, -1,
      167, 58, 57, -1,
      167, 57, 151, -1,
      151, 57, 56, -1,
      151, 56, 152, -1,
      152, 56, 55, -1,
      152, 55, 285, -1,
      285, 55, 54, -1,
      285, 54, 283, -1,
      283, 54, 88, -1,
      283, 88, 281, -1,
      281, 88, 87, -1,
      281, 87, 279, -1,
      279, 87, 86, -1,
      279, 86, 277, -1,
      277, 86, 74, -1,
      277, 74, 275, -1,
      275, 74, 73, -1,
      275, 73, 273, -1,
      273, 73, 72, -1,
      273, 72, 271, -1,
      271, 72, 71, -1,
      271, 71, 269, -1,
      269, 71, 84, -1,
      269, 84, 208, -1,
      208, 84, 85, -1,
      208, 85, 206, -1,
      171, 206, 68, -1,
      68, 206, 85, -1,
      154, 171, 36, -1,
      36, 171, 68, -1,
      36, 53, 154, -1,
      154, 53, 91, -1,
      154, 91, 155, -1,
      155, 91, 95, -1,
      3, 103, 156, -1,
      3, 156, 4, -1,
      4, 156, 155, -1,
      4, 155, 95, -1,
      108, 185, 184, -1,
      156, 103, 102, -1,
      156, 102, 221, -1,
      221, 102, 101, -1,
      221, 101, 183, -1,
      183, 101, 2, -1,
      183, 2, 184, -1,
      184, 2, 109, -1,
      184, 109, 108, -1,
      173, 185, 107, -1,
      107, 185, 108, -1,
      107, 105, 173, -1,
      173, 105, 104, -1,
      173, 104, 175, -1,
      175, 104, 112, -1,
      175, 112, 177, -1,
      177, 112, 111, -1,
      177, 111, 179, -1,
      179, 111, 115, -1,
      179, 115, 153, -1,
      93, 244, 106, -1,
      106, 244, 246, -1,
      106, 246, 110, -1,
      110, 246, 248, -1,
      110, 248, 113, -1,
      113, 248, 165, -1,
      113, 165, 114, -1,
      114, 165, 153, -1,
      114, 153, 115, -1,
      93, 94, 244, -1,
      244, 94, 96, -1,
      244, 96, 242, -1,
      240, 242, 97, -1,
      97, 242, 96, -1,
      97, 118, 240, -1,
      240, 118, 117, -1,
      240, 117, 266, -1,
      266, 117, 130, -1,
      266, 130, 264, -1,
      130, 144, 264, -1,
      264, 144, 143, -1,
      264, 143, 159, -1,
      159, 143, 142, -1,
      159, 142, 160, -1,
      160, 142, 136, -1,
      160, 136, 199, -1,
      199, 136, 135, -1,
      199, 135, 200, -1,
      200, 135, 134, -1,
      200, 134, 202, -1,
      202, 134, 131, -1,
      202, 131, 203, -1,
      203, 131, 126, -1,
      203, 126, 163, -1,
      163, 126, 129, -1,
      163, 129, 164, -1,
      164, 129, 137, -1,
      164, 137, 195, -1,
      195, 137, 139, -1,
      195, 139, 197, -1,
      197, 139, 141, -1,
      197, 141, 254, -1,
      254, 141, 140, -1,
      254, 140, 256, -1,
      116, 186, 132, -1,
      132, 186, 239, -1,
      132, 239, 133, -1,
      133, 239, 238, -1,
      133, 238, 124, -1,
      124, 238, 236, -1,
      124, 236, 125, -1,
      125, 236, 261, -1,
      125, 261, 127, -1,
      127, 261, 260, -1,
      127, 260, 128, -1,
      128, 260, 258, -1,
      128, 258, 138, -1,
      138, 258, 256, -1,
      138, 256, 140, -1,
      187, 186, 119, -1,
      119, 186, 116, -1,
      187, 119, 123, -1,
      187, 123, 189, -1,
      189, 123, 122, -1,
      189, 122, 191, -1,
      191, 122, 121, -1,
      191, 121, 222, -1,
      222, 121, 120, -1,
      222, 120, 223, -1,
      223, 120, 100, -1,
      223, 100, 225, -1,
      100, 99, 225, -1,
      225, 99, 98, -1,
      225, 98, 227, -1,
      227, 98, 92, -1,
      227, 92, 229, -1,
      92, 90, 229, -1,
      229, 90, 89, -1,
      229, 89, 231, -1,
      89, 52, 231, -1,
      231, 52, 51, -1,
      231, 51, 233, -1,
      233, 51, 50, -1,
      233, 50, 234, -1,
      234, 50, 76, -1,
      234, 76, 210, -1,
      210, 76, 75, -1,
      210, 75, 212, -1,
      212, 75, 62, -1,
      212, 62, 214, -1,
      214, 62, 61, -1,
      214, 61, 216, -1,
      218, 216, 60, -1,
      60, 216, 61, -1,
      218, 60, 46, -1,
      218, 46, 291, -1,
      291, 46, 45, -1,
      291, 45, 288, -1,
      288, 45, 44, -1,
      288, 44, 302, -1,
      302, 44, 35, -1,
      302, 35, 296, -1,
      296, 35, 34, -1,
      296, 34, 297, -1,
      297, 34, 37, -1,
      297, 37, 299, -1,
      299, 37, 70, -1,
      299, 70, 300, -1,
      300, 70, 69, -1,
      300, 69, 301, -1,
      301, 69, 67, -1,
      301, 67, 298, -1,
      298, 67, 66, -1,
      298, 66, 293, -1,
      293, 66, 83, -1,
      293, 83, 294, -1,
      294, 83, 82, -1,
      294, 82, 295, -1,
      295, 82, 81, -1,
      295, 81, 289, -1,
      289, 81, 80, -1,
      289, 80, 290, -1,
      290, 80, 79, -1,
      290, 79, 292, -1,
      292, 79, 78, -1,
      292, 78, 219, -1,
      219, 78, 77, -1,
      219, 77, 217, -1,
      215, 217, 65, -1,
      65, 217, 77, -1,
      215, 65, 64, -1,
      215, 64, 213, -1,
      213, 64, 63, -1,
      213, 63, 211, -1,
      211, 63, 48, -1,
      211, 48, 209, -1,
      209, 48, 47, -1,
      209, 47, 232, -1,
      232, 47, 41, -1,
      232, 41, 230, -1,
      230, 41, 40, -1,
      230, 40, 228, -1,
      228, 40, 147, -1,
      228, 147, 146, -1,
      220, 303, 304, -1,
      220, 304, 157, -1,
      157, 304, 305, -1,
      157, 305, 158, -1,
      158, 305, 306, -1,
      158, 306, 169, -1,
      169, 306, 307, -1,
      169, 307, 170, -1,
      170, 307, 308, -1,
      170, 308, 204, -1,
      204, 308, 309, -1,
      204, 309, 205, -1,
      205, 309, 310, -1,
      205, 310, 207, -1,
      207, 310, 311, -1,
      207, 311, 270, -1,
      270, 311, 312, -1,
      270, 312, 272, -1,
      272, 312, 313, -1,
      272, 313, 274, -1,
      274, 313, 314, -1,
      274, 314, 276, -1,
      276, 314, 315, -1,
      276, 315, 278, -1,
      278, 315, 316, -1,
      278, 316, 280, -1,
      280, 316, 317, -1,
      280, 317, 282, -1,
      282, 317, 318, -1,
      282, 318, 284, -1,
      284, 318, 319, -1,
      284, 319, 286, -1,
      286, 319, 320, -1,
      286, 320, 287, -1,
      287, 320, 321, -1,
      287, 321, 252, -1,
      252, 321, 322, -1,
      252, 322, 251, -1,
      251, 322, 323, -1,
      251, 323, 182, -1,
      182, 323, 324, -1,
      182, 324, 181, -1,
      181, 324, 325, -1,
      181, 325, 180, -1,
      180, 325, 326, -1,
      180, 326, 178, -1,
      178, 326, 327, -1,
      178, 327, 176, -1,
      176, 327, 328, -1,
      176, 328, 174, -1,
      174, 328, 329, -1,
      174, 329, 172, -1,
      172, 329, 303, -1,
      172, 303, 220, -1,
    ]
  }
}

Shape {
  appearance Appearance {
    material Material {
      diffuseColor 1.0000 1.0000 1.0000
      specularColor 0.5020 0.5020 0.5020
      ambientIntensity 0.2
      transparency 0.0000
      shininess 0.5
    }
  }
  geometry IndexedFaceSet {
    ccw TRUE
    solid FALSE
    coord DEF co Coordinate {
      point [
        -0.191988 0.511811 0.049509,
        -0.193408 0.511811 0.049344,
        -0.194990 0.511811 0.048765,
        -0.196357 0.511811 0.047828,
        -0.197449 0.511811 0.046592,
        -0.198181 0.511811 0.045185,
        -0.198560 0.511811 0.043599,
        -0.198551 0.511811 0.042036,
        -0.198131 0.511811 0.040400,
        -0.197327 0.511811 0.038939,
        -0.196393 0.511811 0.037898,
        -0.195089 0.511811 0.036977,
        -0.193605 0.511811 0.036396,
        -0.191893 0.511811 0.036188,
        -0.191602 0.511811 0.036196,
        -0.190071 0.511811 0.036457,
        -0.188532 0.511811 0.037131,
        -0.187231 0.511811 0.038142,
        -0.186265 0.511811 0.039361,
        -0.185599 0.511811 0.040802,
        -0.185294 0.511811 0.042405,
        -0.185391 0.511811 0.044069,
        -0.185906 0.511811 0.045673,
        -0.186798 0.511811 0.047079,
        -0.187478 0.511811 0.047788,
        -0.188820 0.511811 0.048728,
        -0.190316 0.511811 0.049306,
      ]
    }
    coordIndex [
      14, 24, 23, -1,
      12, 11, 1, -1,
      0, 26, 14, -1,
      14, 26, 25, -1,
      14, 25, 24, -1,
      19, 18, 23, -1,
      23, 18, 17, -1,
      0, 14, 1, -1,
      1, 14, 13, -1,
      1, 13, 12, -1,
      22, 21, 23, -1,
      23, 21, 20, -1,
      23, 20, 19, -1,
      17, 16, 23, -1,
      23, 16, 15, -1,
      23, 15, 14, -1,
      11, 10, 1, -1,
      1, 10, 9, -1,
      1, 9, 8, -1,
      8, 7, 1, -1,
      1, 7, 6, -1,
      1, 6, 5, -1,
      5, 4, 1, -1,
      1, 4, 3, -1,
      1, 3, 2, -1,
    ]
  }
}
