#VRML V2.0 utf8

Shape {
  appearance Appearance {
    material Material {
      diffuseColor 0.0000 0.5020 0.0000
      specularColor 0.0000 0.2510 0.0000
      ambientIntensity 0.2
      transparency 0.0000
      shininess 0.5
    }
  }
  geometry IndexedFaceSet {
    ccw TRUE
    solid FALSE
    coord DEF co Coordinate {
      point [
        0.000000 -2.047244 0.000000,
        0.000000 -2.401575 0.000000,
        -0.094579 -2.401575 0.000000,
        -1.732283 2.047244 0.000000,
        -1.732283 2.401575 0.000000,
        -1.614173 2.401575 0.000000,
        -2.598425 2.047244 0.000000,
        -3.149606 -0.238293 0.000000,
        -2.913386 2.047244 0.000000,
        -3.149606 2.401575 0.000000,
        -2.913386 2.401575 0.000000,
        -1.614173 2.047244 0.000000,
        -1.299213 2.047244 0.000000,
        -0.132989 0.157808 0.000000,
        -2.598425 2.401575 0.000000,
        -2.480315 2.401575 0.000000,
        -2.480315 2.047244 0.000000,
        -2.165354 2.401575 0.000000,
        -2.047244 2.401575 0.000000,
        -2.165354 2.047244 0.000000,
        -2.047244 2.047244 0.000000,
        -1.299213 2.401575 0.000000,
        -1.181102 2.401575 0.000000,
        -1.181102 2.047244 0.000000,
        -0.866142 2.047244 0.000000,
        -0.866142 2.401575 0.000000,
        -0.244093 0.157808 0.000000,
        -0.300971 0.151728 0.000000,
        -0.347035 0.135553 0.000000,
        -0.627516 0.157808 0.000000,
        -0.389886 0.106836 0.000000,
        -0.240041 -0.235893 0.000000,
        -0.132989 -0.235893 0.000000,
        -0.094579 -0.238293 0.000000,
        -0.094579 2.401575 0.000000,
        -0.390298 0.106474 0.000000,
        -0.418138 0.075603 0.000000,
        -0.436435 0.041744 0.000000,
        -0.447009 0.002954 0.000000,
        -0.449870 -0.034091 0.000000,
        -0.478678 -0.235893 0.000000,
        -0.833969 -0.235893 0.000000,
        -0.776354 -0.235893 0.000000,
        -0.444345 -0.086780 0.000000,
        -0.430211 -0.127988 0.000000,
        -0.407633 -0.163202 0.000000,
        -0.680329 0.157808 0.000000,
        -0.375228 -0.194230 0.000000,
        -0.334120 -0.218119 0.000000,
        -0.288755 -0.231641 0.000000,
        -0.536292 -0.235893 0.000000,
        -0.573877 -0.125465 0.000000,
        -0.736519 -0.125465 0.000000,
        -1.181102 -2.047244 0.000000,
        -1.181102 -2.401575 0.000000,
        -1.299213 -2.401575 0.000000,
        -1.299213 -2.047244 0.000000,
        -1.614173 -2.047244 0.000000,
        -0.866142 -2.047244 0.000000,
        -0.866142 -2.401575 0.000000,
        -2.047244 -2.047244 0.000000,
        -2.047244 -2.401575 0.000000,
        -2.165354 -2.401575 0.000000,
        -2.165354 -2.047244 0.000000,
        -2.480315 -2.047244 0.000000,
        -1.732283 -2.047244 0.000000,
        -1.732283 -2.401575 0.000000,
        -1.614173 -2.401575 0.000000,
        -2.913386 -2.401575 0.000000,
        -3.149606 -2.401575 0.000000,
        -2.913386 -2.047244 0.000000,
        -2.598425 -2.047244 0.000000,
        -2.598425 -2.401575 0.000000,
        -2.480315 -2.401575 0.000000,
        1.299213 -2.047244 0.000000,
        1.299213 -2.401575 0.000000,
        1.181102 -2.401575 0.000000,
        0.433071 -2.401575 0.000000,
        0.314961 -2.401575 0.000000,
        0.433071 -2.047244 0.000000,
        0.314961 -2.047244 0.000000,
        2.598425 -2.047244 0.000000,
        3.149606 -0.238293 0.000000,
        2.913386 -2.047244 0.000000,
        3.149606 -2.401575 0.000000,
        2.913386 -2.401575 0.000000,
        0.313653 -0.238293 0.000000,
        0.329467 -0.240509 0.000000,
        0.340232 -0.240694 0.000000,
        0.363385 -0.238293 0.000000,
        0.866142 -2.401575 0.000000,
        0.748031 -2.401575 0.000000,
        0.866142 -2.047244 0.000000,
        0.748031 -2.047244 0.000000,
        2.598425 -2.401575 0.000000,
        2.480315 -2.401575 0.000000,
        2.480315 -2.047244 0.000000,
        2.165354 -2.047244 0.000000,
        1.181102 -2.047244 0.000000,
        2.165354 -2.401575 0.000000,
        2.047244 -2.401575 0.000000,
        2.047244 -2.047244 0.000000,
        1.732283 -2.047244 0.000000,
        1.732283 -2.401575 0.000000,
        1.614173 -2.401575 0.000000,
        1.614173 -2.047244 0.000000,
        0.155085 0.157808 0.000000,
        0.231904 -0.172276 0.000000,
        0.155085 -0.235893 0.000000,
        0.231904 -0.215487 0.000000,
        0.273871 -0.232719 0.000000,
        0.314961 2.401575 0.000000,
        0.433071 2.401575 0.000000,
        0.314961 2.047244 0.000000,
        0.433071 2.047244 0.000000,
        -0.056169 -0.235893 0.000000,
        -0.056169 -0.192681 0.000000,
        1.181102 2.047244 0.000000,
        1.181102 2.401575 0.000000,
        1.299213 2.401575 0.000000,
        1.299213 2.047244 0.000000,
        1.614173 2.047244 0.000000,
        -0.046567 0.157808 0.000000,
        0.000000 2.047244 0.000000,
        0.866142 2.047244 0.000000,
        0.748031 2.047244 0.000000,
        0.866142 2.401575 0.000000,
        0.748031 2.401575 0.000000,
        0.362870 0.115044 0.000000,
        0.392338 0.104410 0.000000,
        0.238961 -0.176185 0.000000,
        0.419588 0.086180 0.000000,
        0.443363 0.059933 0.000000,
        0.471966 -0.043243 0.000000,
        0.467980 -0.085864 0.000000,
        0.457283 -0.119728 0.000000,
        0.369677 -0.193364 0.000000,
        0.332955 -0.197483 0.000000,
        0.398363 -0.182803 0.000000,
        0.422526 -0.166517 0.000000,
        0.441000 -0.147027 0.000000,
        0.280695 -0.191682 0.000000,
        0.459594 0.029535 0.000000,
        0.470088 -0.012611 0.000000,
        -0.046567 0.114597 0.000000,
        0.000000 2.401575 0.000000,
        0.504002 0.054113 0.000000,
        0.480926 0.090921 0.000000,
        0.707226 0.157808 0.000000,
        0.760040 0.157808 0.000000,
        0.760040 -0.235893 0.000000,
        0.558388 -0.235893 0.000000,
        0.388750 -0.235663 0.000000,
        0.426909 -0.222529 0.000000,
        2.047244 2.047244 0.000000,
        2.047244 2.401575 0.000000,
        2.165354 2.401575 0.000000,
        -0.036965 -0.058247 0.000000,
        0.102271 -0.058247 0.000000,
        0.102271 -0.192681 0.000000,
        2.165354 2.047244 0.000000,
        2.480315 2.047244 0.000000,
        0.445381 0.125105 0.000000,
        -0.036965 -0.015036 0.000000,
        0.102271 -0.015036 0.000000,
        0.102271 0.114597 0.000000,
        1.732283 2.047244 0.000000,
        1.732283 2.401575 0.000000,
        1.614173 2.401575 0.000000,
        0.458578 -0.202306 0.000000,
        0.488150 -0.171173 0.000000,
        0.558388 -0.192681 0.000000,
        0.509124 -0.133738 0.000000,
        0.707226 -0.192681 0.000000,
        2.913386 2.401575 0.000000,
        3.149606 2.401575 0.000000,
        2.913386 2.047244 0.000000,
        2.598425 2.047244 0.000000,
        2.598425 2.401575 0.000000,
        2.480315 2.401575 0.000000,
        0.520972 -0.092065 0.000000,
        0.524780 -0.046469 0.000000,
        0.519116 0.009503 0.000000,
        0.407986 0.146630 0.000000,
        0.364096 0.159381 0.000000,
        0.324553 0.162609 0.000000,
        0.277423 0.159357 0.000000,
        0.231904 0.147006 0.000000,
        0.231904 0.094192 0.000000,
        0.276251 0.113181 0.000000,
        0.324103 0.119398 0.000000,
      ]
    }
    coordIndex [
      0, 1, 2, -1,
      3, 4, 5, -1,
      6, 7, 8, -1,
      8, 7, 9, -1,
      8, 9, 10, -1,
      11, 12, 13, -1,
      14, 15, 6, -1,
      6, 15, 16, -1,
      17, 18, 19, -1,
      19, 18, 20, -1,
      21, 22, 12, -1,
      12, 22, 23, -1,
      12, 23, 13, -1,
      13, 23, 24, -1,
      13, 24, 25, -1,
      5, 11, 3, -1,
      3, 11, 13, -1,
      3, 13, 20, -1,
      20, 13, 26, -1,
      20, 26, 19, -1,
      27, 28, 29, -1,
      29, 28, 30, -1,
      31, 32, 33, -1,
      33, 32, 13, -1,
      33, 13, 34, -1,
      34, 13, 25, -1,
      30, 35, 29, -1,
      29, 35, 36, -1,
      29, 36, 37, -1,
      37, 38, 29, -1,
      29, 38, 39, -1,
      29, 39, 40, -1,
      41, 42, 33, -1,
      39, 43, 40, -1,
      40, 43, 44, -1,
      40, 44, 45, -1,
      26, 27, 19, -1,
      19, 27, 29, -1,
      19, 29, 16, -1,
      16, 29, 46, -1,
      16, 46, 6, -1,
      6, 46, 41, -1,
      6, 41, 7, -1,
      7, 41, 33, -1,
      45, 47, 40, -1,
      40, 47, 48, -1,
      40, 48, 49, -1,
      49, 31, 40, -1,
      40, 31, 33, -1,
      40, 33, 50, -1,
      50, 33, 42, -1,
      50, 42, 51, -1,
      51, 42, 52, -1,
      53, 54, 55, -1,
      56, 57, 7, -1,
      55, 56, 53, -1,
      53, 56, 7, -1,
      53, 7, 58, -1,
      58, 7, 33, -1,
      58, 33, 59, -1,
      59, 33, 2, -1,
      60, 61, 62, -1,
      63, 64, 7, -1,
      62, 63, 60, -1,
      60, 63, 7, -1,
      60, 7, 65, -1,
      65, 7, 57, -1,
      65, 57, 66, -1,
      66, 57, 67, -1,
      68, 69, 70, -1,
      70, 69, 7, -1,
      70, 7, 71, -1,
      71, 7, 64, -1,
      71, 64, 72, -1,
      72, 64, 73, -1,
      74, 75, 76, -1,
      77, 78, 79, -1,
      79, 78, 80, -1,
      81, 82, 83, -1,
      83, 82, 84, -1,
      83, 84, 85, -1,
      2, 33, 0, -1,
      0, 33, 86, -1,
      0, 86, 80, -1,
      80, 86, 87, -1,
      80, 87, 88, -1,
      88, 89, 80, -1,
      80, 89, 82, -1,
      80, 82, 79, -1,
      90, 91, 92, -1,
      92, 91, 93, -1,
      94, 95, 81, -1,
      81, 95, 96, -1,
      81, 96, 82, -1,
      82, 96, 97, -1,
      98, 92, 82, -1,
      82, 92, 93, -1,
      82, 93, 79, -1,
      99, 100, 97, -1,
      97, 100, 101, -1,
      97, 101, 82, -1,
      82, 101, 102, -1,
      103, 104, 102, -1,
      102, 104, 105, -1,
      102, 105, 82, -1,
      82, 105, 74, -1,
      82, 74, 98, -1,
      98, 74, 76, -1,
      106, 107, 108, -1,
      108, 107, 109, -1,
      108, 109, 110, -1,
      111, 112, 113, -1,
      113, 112, 114, -1,
      110, 86, 108, -1,
      108, 86, 33, -1,
      108, 33, 115, -1,
      115, 33, 116, -1,
      117, 118, 119, -1,
      120, 121, 82, -1,
      106, 122, 123, -1,
      119, 120, 117, -1,
      117, 120, 82, -1,
      117, 82, 124, -1,
      124, 82, 125, -1,
      124, 125, 126, -1,
      126, 125, 127, -1,
      128, 129, 130, -1,
      130, 129, 131, -1,
      130, 131, 132, -1,
      133, 134, 130, -1,
      130, 134, 135, -1,
      136, 137, 138, -1,
      138, 137, 139, -1,
      135, 140, 130, -1,
      130, 140, 139, -1,
      130, 139, 141, -1,
      141, 139, 137, -1,
      132, 142, 130, -1,
      130, 142, 143, -1,
      130, 143, 133, -1,
      144, 33, 122, -1,
      122, 33, 34, -1,
      122, 34, 123, -1,
      123, 34, 145, -1,
      146, 147, 148, -1,
      149, 82, 150, -1,
      150, 82, 89, -1,
      150, 89, 151, -1,
      151, 89, 152, -1,
      151, 152, 153, -1,
      154, 155, 156, -1,
      157, 158, 159, -1,
      160, 161, 82, -1,
      147, 162, 148, -1,
      148, 162, 123, -1,
      148, 123, 149, -1,
      149, 123, 113, -1,
      149, 113, 82, -1,
      82, 113, 114, -1,
      82, 114, 125, -1,
      159, 116, 157, -1,
      157, 116, 33, -1,
      157, 33, 163, -1,
      163, 33, 144, -1,
      163, 144, 164, -1,
      164, 144, 165, -1,
      156, 160, 154, -1,
      154, 160, 82, -1,
      154, 82, 166, -1,
      166, 82, 121, -1,
      166, 121, 167, -1,
      167, 121, 168, -1,
      153, 169, 151, -1,
      151, 169, 170, -1,
      151, 170, 171, -1,
      171, 170, 172, -1,
      171, 172, 173, -1,
      174, 175, 176, -1,
      176, 175, 82, -1,
      176, 82, 177, -1,
      177, 82, 161, -1,
      177, 161, 178, -1,
      178, 161, 179, -1,
      172, 180, 173, -1,
      173, 180, 181, -1,
      173, 181, 148, -1,
      148, 181, 182, -1,
      148, 182, 146, -1,
      162, 183, 123, -1,
      123, 183, 184, -1,
      123, 184, 185, -1,
      185, 186, 123, -1,
      123, 186, 187, -1,
      123, 187, 106, -1,
      106, 187, 188, -1,
      106, 188, 107, -1,
      107, 188, 189, -1,
      107, 189, 130, -1,
      130, 189, 190, -1,
      130, 190, 128, -1,
    ]
  }
}

Shape {
  appearance Appearance {
    material Material {
      diffuseColor 1.0000 1.0000 0.0000
      specularColor 0.5020 0.5020 0.0000
      ambientIntensity 0.2
      transparency 0.0000
      shininess 0.5
    }
  }
  geometry IndexedFaceSet {
    ccw TRUE
    solid FALSE
    coord DEF co Coordinate {
      point [
        0.059055 2.405512 -0.007874,
        0.000000 2.405512 -0.007874,
        0.059055 2.405512 0.326772,
        0.000000 2.405512 0.326772,
        0.255906 2.405512 0.326772,
        0.314961 2.405512 0.326772,
        0.255906 2.405512 -0.007874,
        0.314961 2.405512 -0.007874,
        0.492126 2.405512 -0.007874,
        0.433071 2.405512 -0.007874,
        0.492126 2.405512 0.326772,
        0.433071 2.405512 0.326772,
        0.688976 2.405512 0.326772,
        0.748031 2.405512 0.326772,
        0.688976 2.405512 -0.007874,
        0.748031 2.405512 -0.007874,
        -1.122047 2.405512 -0.007874,
        -1.181102 2.405512 -0.007874,
        -1.122047 2.405512 0.326772,
        -1.181102 2.405512 0.326772,
        -0.925197 2.405512 0.326772,
        -0.866142 2.405512 0.326772,
        -0.925197 2.405512 -0.007874,
        -0.866142 2.405512 -0.007874,
        -2.854331 2.405512 -0.007874,
        -2.913386 2.405512 -0.007874,
        -2.854331 2.405512 0.326772,
        -2.913386 2.405512 0.326772,
        -2.657480 2.405512 0.326772,
        -2.598425 2.405512 0.326772,
        -2.657480 2.405512 -0.007874,
        -2.598425 2.405512 -0.007874,
        -2.421260 2.405512 -0.007874,
        -2.480315 2.405512 -0.007874,
        -2.421260 2.405512 0.326772,
        -2.480315 2.405512 0.326772,
        -2.224409 2.405512 0.326772,
        -2.165354 2.405512 0.326772,
        -2.224409 2.405512 -0.007874,
        -2.165354 2.405512 -0.007874,
        2.657480 2.405512 -0.007874,
        2.598425 2.405512 -0.007874,
        2.657480 2.405512 0.326772,
        2.598425 2.405512 0.326772,
        2.854331 2.405512 0.326772,
        2.913386 2.405512 0.326772,
        2.854331 2.405512 -0.007874,
        2.913386 2.405512 -0.007874,
        2.224409 2.405512 -0.007874,
        2.165354 2.405512 -0.007874,
        2.224409 2.405512 0.326772,
        2.165354 2.405512 0.326772,
        2.421260 2.405512 0.326772,
        2.480315 2.405512 0.326772,
        2.421260 2.405512 -0.007874,
        2.480315 2.405512 -0.007874,
        1.791339 2.405512 -0.007874,
        1.732283 2.405512 -0.007874,
        1.791339 2.405512 0.326772,
        1.732283 2.405512 0.326772,
        1.988189 2.405512 0.326772,
        2.047244 2.405512 0.326772,
        1.988189 2.405512 -0.007874,
        2.047244 2.405512 -0.007874,
        1.358268 2.405512 -0.007874,
        1.299213 2.405512 -0.007874,
        1.358268 2.405512 0.326772,
        1.299213 2.405512 0.326772,
        1.555118 2.405512 0.326772,
        1.614173 2.405512 0.326772,
        1.555118 2.405512 -0.007874,
        1.614173 2.405512 -0.007874,
        0.925197 2.405512 -0.007874,
        0.866142 2.405512 -0.007874,
        0.925197 2.405512 0.326772,
        0.866142 2.405512 0.326772,
        1.122047 2.405512 0.326772,
        1.181102 2.405512 0.326772,
        1.122047 2.405512 -0.007874,
        1.181102 2.405512 -0.007874,
        -1.555118 2.405512 -0.007874,
        -1.614173 2.405512 -0.007874,
        -1.555118 2.405512 0.326772,
        -1.614173 2.405512 0.326772,
        -1.358268 2.405512 0.326772,
        -1.299213 2.405512 0.326772,
        -1.358268 2.405512 -0.007874,
        -1.299213 2.405512 -0.007874,
        -1.988189 2.405512 -0.007874,
        -2.047244 2.405512 -0.007874,
        -1.988189 2.405512 0.326772,
        -2.047244 2.405512 0.326772,
        -1.791339 2.405512 0.326772,
        -1.732283 2.405512 0.326772,
        -1.791339 2.405512 -0.007874,
        -1.732283 2.405512 -0.007874,
        -2.598425 -2.405512 -0.007874,
        -2.598425 -2.405512 0.326772,
        -2.657480 -2.405512 -0.007874,
        -2.657480 -2.405512 0.326772,
        -2.165354 -2.405512 -0.007874,
        -2.165354 -2.405512 0.326772,
        -2.224409 -2.405512 -0.007874,
        -2.224409 -2.405512 0.326772,
        -1.732283 -2.405512 -0.007874,
        -1.732283 -2.405512 0.326772,
        -1.791339 -2.405512 -0.007874,
        -1.791339 -2.405512 0.326772,
        -1.299213 -2.405512 -0.007874,
        -1.299213 -2.405512 0.326772,
        -1.358268 -2.405512 -0.007874,
        -1.358268 -2.405512 0.326772,
        -0.866142 -2.405512 -0.007874,
        -0.866142 -2.405512 0.326772,
        -0.925197 -2.405512 -0.007874,
        -0.925197 -2.405512 0.326772,
        0.314961 -2.405512 -0.007874,
        0.314961 -2.405512 0.326772,
        0.255906 -2.405512 -0.007874,
        0.255906 -2.405512 0.326772,
        0.748031 -2.405512 -0.007874,
        0.748031 -2.405512 0.326772,
        0.688976 -2.405512 -0.007874,
        0.688976 -2.405512 0.326772,
        1.181102 -2.405512 -0.007874,
        1.181102 -2.405512 0.326772,
        1.122047 -2.405512 -0.007874,
        1.122047 -2.405512 0.326772,
        1.614173 -2.405512 -0.007874,
        1.614173 -2.405512 0.326772,
        1.555118 -2.405512 -0.007874,
        1.555118 -2.405512 0.326772,
        2.047244 -2.405512 -0.007874,
        2.047244 -2.405512 0.326772,
        1.988189 -2.405512 -0.007874,
        1.988189 -2.405512 0.326772,
        2.480315 -2.405512 -0.007874,
        2.480315 -2.405512 0.326772,
        2.421260 -2.405512 -0.007874,
        2.421260 -2.405512 0.326772,
        2.913386 -2.405512 -0.007874,
        2.913386 -2.405512 0.326772,
        2.854331 -2.405512 -0.007874,
        2.854331 -2.405512 0.326772,
      ]
    }
    coordIndex [
      0, 1, 2, -1,
      2, 1, 3, -1,
      4, 5, 6, -1,
      6, 5, 7, -1,
      8, 9, 10, -1,
      10, 9, 11, -1,
      12, 13, 14, -1,
      14, 13, 15, -1,
      16, 17, 18, -1,
      18, 17, 19, -1,
      20, 21, 22, -1,
      22, 21, 23, -1,
      24, 25, 26, -1,
      26, 25, 27, -1,
      28, 29, 30, -1,
      30, 29, 31, -1,
      32, 33, 34, -1,
      34, 33, 35, -1,
      36, 37, 38, -1,
      38, 37, 39, -1,
      40, 41, 42, -1,
      42, 41, 43, -1,
      44, 45, 46, -1,
      46, 45, 47, -1,
      48, 49, 50, -1,
      50, 49, 51, -1,
      52, 53, 54, -1,
      54, 53, 55, -1,
      56, 57, 58, -1,
      58, 57, 59, -1,
      60, 61, 62, -1,
      62, 61, 63, -1,
      64, 65, 66, -1,
      66, 65, 67, -1,
      68, 69, 70, -1,
      70, 69, 71, -1,
      72, 73, 74, -1,
      74, 73, 75, -1,
      76, 77, 78, -1,
      78, 77, 79, -1,
      80, 81, 82, -1,
      82, 81, 83, -1,
      84, 85, 86, -1,
      86, 85, 87, -1,
      88, 89, 90, -1,
      90, 89, 91, -1,
      92, 93, 94, -1,
      94, 93, 95, -1,
      96, 97, 98, -1,
      98, 97, 99, -1,
      100, 101, 102, -1,
      102, 101, 103, -1,
      104, 105, 106, -1,
      106, 105, 107, -1,
      108, 109, 110, -1,
      110, 109, 111, -1,
      112, 113, 114, -1,
      114, 113, 115, -1,
      116, 117, 118, -1,
      118, 117, 119, -1,
      120, 121, 122, -1,
      122, 121, 123, -1,
      124, 125, 126, -1,
      126, 125, 127, -1,
      128, 129, 130, -1,
      130, 129, 131, -1,
      132, 133, 134, -1,
      134, 133, 135, -1,
      136, 137, 138, -1,
      138, 137, 139, -1,
      140, 141, 142, -1,
      142, 141, 143, -1,
    ]
  }
}

Shape {
  appearance Appearance {
    material Material {
      diffuseColor 0.7529 0.7529 0.7529
      specularColor 0.3765 0.3765 0.3765
      ambientIntensity 0.2
      transparency 0.0000
      shininess 0.5
    }
  }
  geometry IndexedFaceSet {
    ccw TRUE
    solid FALSE
    coord DEF co Coordinate {
      point [
        2.755906 -2.204724 0.322835,
        2.755906 -2.204724 0.748031,
        -2.755906 -2.204724 0.322835,
        -2.755906 -2.204724 0.748031,
        -2.755906 2.204724 0.322835,
        -2.755906 2.204724 0.748031,
        2.755906 2.204724 0.322835,
        2.755906 2.204724 0.748031,
      ]
    }
    coordIndex [
      0, 1, 2, -1,
      2, 1, 3, -1,
      4, 5, 6, -1,
      6, 5, 7, -1,
    ]
  }
}

Shape {
  appearance Appearance {
    material Material {
      diffuseColor 0.0000 0.5020 0.0000
      specularColor 0.0000 0.2510 0.0000
      ambientIntensity 0.2
      transparency 0.0000
      shininess 0.5
    }
  }
  geometry IndexedFaceSet {
    ccw TRUE
    solid FALSE
    coord DEF co Coordinate {
      point [
        0.000000 -2.401575 0.000000,
        -1.732283 2.401575 0.000000,
        -1.614173 2.401575 0.000000,
        -3.149606 2.401575 0.000000,
        -2.913386 2.401575 0.000000,
        -2.598425 2.401575 0.000000,
        -2.480315 2.401575 0.000000,
        -2.165354 2.401575 0.000000,
        -2.047244 2.401575 0.000000,
        -1.299213 2.401575 0.000000,
        -1.181102 2.401575 0.000000,
        -0.866142 2.401575 0.000000,
        -1.181102 -2.401575 0.000000,
        -1.299213 -2.401575 0.000000,
        -0.866142 -2.401575 0.000000,
        -2.047244 -2.401575 0.000000,
        -2.165354 -2.401575 0.000000,
        -1.732283 -2.401575 0.000000,
        -1.614173 -2.401575 0.000000,
        -2.913386 -2.401575 0.000000,
        -3.149606 -2.401575 0.000000,
        -2.598425 -2.401575 0.000000,
        -2.480315 -2.401575 0.000000,
        1.299213 -2.401575 0.000000,
        1.181102 -2.401575 0.000000,
        0.433071 -2.401575 0.000000,
        0.314961 -2.401575 0.000000,
        3.149606 -2.401575 0.000000,
        2.913386 -2.401575 0.000000,
        0.866142 -2.401575 0.000000,
        0.748031 -2.401575 0.000000,
        2.598425 -2.401575 0.000000,
        2.480315 -2.401575 0.000000,
        2.165354 -2.401575 0.000000,
        2.047244 -2.401575 0.000000,
        1.732283 -2.401575 0.000000,
        1.614173 -2.401575 0.000000,
        0.314961 2.401575 0.000000,
        0.433071 2.401575 0.000000,
        1.181102 2.401575 0.000000,
        1.299213 2.401575 0.000000,
        0.866142 2.401575 0.000000,
        0.748031 2.401575 0.000000,
        0.000000 2.401575 0.000000,
        2.047244 2.401575 0.000000,
        2.165354 2.401575 0.000000,
        1.732283 2.401575 0.000000,
        1.614173 2.401575 0.000000,
        2.913386 2.401575 0.000000,
        3.149606 2.401575 0.000000,
        2.598425 2.401575 0.000000,
        2.480315 2.401575 0.000000,
        2.755906 -2.204724 0.322835,
        -2.755906 -2.204724 0.322835,
        -2.755906 2.204724 0.322835,
        2.755906 2.204724 0.322835,
        -2.047244 2.401575 0.322835,
        -2.165354 2.401575 0.322835,
        -1.732283 2.401575 0.322835,
        -1.614173 2.401575 0.322835,
        0.866142 2.401575 0.322835,
        0.748031 2.401575 0.322835,
        1.181102 2.401575 0.322835,
        1.299213 2.401575 0.322835,
        1.614173 2.401575 0.322835,
        1.732283 2.401575 0.322835,
        2.047244 2.401575 0.322835,
        2.165354 2.401575 0.322835,
        2.480315 2.401575 0.322835,
        2.598425 2.401575 0.322835,
        -2.480315 2.401575 0.322835,
        -2.598425 2.401575 0.322835,
        -1.299213 2.401575 0.322835,
        -1.181102 2.401575 0.322835,
        -2.913386 2.401575 0.322835,
        -3.149606 2.401575 0.322835,
        2.913386 -2.401575 0.322835,
        3.149606 -2.401575 0.322835,
        2.598425 -2.401575 0.322835,
        2.480315 -2.401575 0.322835,
        2.165354 -2.401575 0.322835,
        2.047244 -2.401575 0.322835,
        1.732283 -2.401575 0.322835,
        1.614173 -2.401575 0.322835,
        1.299213 -2.401575 0.322835,
        1.181102 -2.401575 0.322835,
        0.866142 -2.401575 0.322835,
        0.748031 -2.401575 0.322835,
        0.433071 -2.401575 0.322835,
        0.314961 -2.401575 0.322835,
        0.000000 -2.401575 0.322835,
        -0.866142 -2.401575 0.322835,
        -1.181102 -2.401575 0.322835,
        -1.299213 -2.401575 0.322835,
        -1.614173 -2.401575 0.322835,
        -1.732283 -2.401575 0.322835,
        -2.047244 -2.401575 0.322835,
        -2.165354 -2.401575 0.322835,
        0.433071 2.401575 0.322835,
        0.314961 2.401575 0.322835,
        -0.866142 2.401575 0.322835,
        0.000000 2.401575 0.322835,
        -2.480315 -2.401575 0.322835,
        -2.598425 -2.401575 0.322835,
        3.149606 2.401575 0.322835,
        2.913386 2.401575 0.322835,
        -3.149606 -2.401575 0.322835,
        -2.913386 -2.401575 0.322835,
        2.913386 2.283465 0.322835,
        0.433071 2.283465 0.322835,
        2.598425 2.283465 0.322835,
        2.480315 2.283465 0.322835,
        -1.614173 2.283465 0.322835,
        2.806854 2.198017 0.322835,
        2.854331 2.178351 0.322835,
        2.895100 2.147069 0.322835,
        1.181102 2.283465 0.322835,
        0.866142 2.283465 0.322835,
        0.314961 2.283465 0.322835,
        0.000000 2.283465 0.322835,
        2.913386 -2.283465 0.322835,
        0.748031 2.283465 0.322835,
        -0.866142 2.283465 0.322835,
        -1.181102 2.283465 0.322835,
        1.299213 2.283465 0.322835,
        -1.732283 2.283465 0.322835,
        -2.047244 2.283465 0.322835,
        -1.299213 2.283465 0.322835,
        0.866142 -2.283465 0.322835,
        1.181102 -2.283465 0.322835,
        2.165354 2.283465 0.322835,
        0.748031 -2.283465 0.322835,
        1.614173 -2.283465 0.322835,
        2.047244 2.283465 0.322835,
        1.732283 2.283465 0.322835,
        -2.165354 2.283465 0.322835,
        -2.480315 2.283465 0.322835,
        -2.806854 2.198017 0.322835,
        1.732283 -2.283465 0.322835,
        2.047244 -2.283465 0.322835,
        1.299213 -2.283465 0.322835,
        1.614173 2.283465 0.322835,
        -2.598425 2.283465 0.322835,
        -2.913386 2.283465 0.322835,
        -2.926383 2.106299 0.322835,
        -2.895100 2.147069 0.322835,
        -2.854331 2.178351 0.322835,
        2.480315 -2.283465 0.322835,
        2.598425 -2.283465 0.322835,
        -2.913386 -2.283465 0.322835,
        -2.806854 -2.198017 0.322835,
        -2.854331 -2.178351 0.322835,
        -2.895100 -2.147069 0.322835,
        -2.598425 -2.283465 0.322835,
        -2.480315 -2.283465 0.322835,
        2.926383 2.106299 0.322835,
        2.946048 2.058822 0.322835,
        2.952756 2.007874 0.322835,
        -2.946048 2.058822 0.322835,
        -2.926383 -2.106299 0.322835,
        -2.946048 -2.058822 0.322835,
        -2.952756 -2.007874 0.322835,
        -2.952756 2.007874 0.322835,
        2.895100 -2.147069 0.322835,
        2.854331 -2.178351 0.322835,
        2.806854 -2.198017 0.322835,
        2.165354 -2.283465 0.322835,
        2.952756 -2.007874 0.322835,
        2.946048 -2.058822 0.322835,
        2.926383 -2.106299 0.322835,
        -1.299213 -2.283465 0.322835,
        -1.181102 -2.283465 0.322835,
        -0.866142 -2.283465 0.322835,
        -2.165354 -2.283465 0.322835,
        0.314961 -2.283465 0.322835,
        0.000000 -2.283465 0.322835,
        0.433071 -2.283465 0.322835,
        -2.047244 -2.283465 0.322835,
        -1.732283 -2.283465 0.322835,
        -1.614173 -2.283465 0.322835,
      ]
    }
    coordIndex [
      8, 7, 56, -1,
      56, 7, 57, -1,
      58, 59, 1, -1,
      1, 59, 2, -1,
      41, 42, 60, -1,
      60, 42, 61, -1,
      62, 63, 39, -1,
      39, 63, 40, -1,
      64, 65, 47, -1,
      47, 65, 46, -1,
      66, 67, 44, -1,
      44, 67, 45, -1,
      68, 69, 51, -1,
      51, 69, 50, -1,
      6, 5, 70, -1,
      70, 5, 71, -1,
      72, 73, 9, -1,
      9, 73, 10, -1,
      4, 3, 74, -1,
      74, 3, 75, -1,
      28, 27, 76, -1,
      76, 27, 77, -1,
      78, 79, 31, -1,
      31, 79, 32, -1,
      80, 81, 33, -1,
      33, 81, 34, -1,
      82, 83, 35, -1,
      35, 83, 36, -1,
      84, 85, 23, -1,
      23, 85, 24, -1,
      86, 87, 29, -1,
      29, 87, 30, -1,
      88, 89, 25, -1,
      25, 89, 26, -1,
      90, 91, 0, -1,
      0, 91, 14, -1,
      92, 93, 12, -1,
      12, 93, 13, -1,
      94, 95, 18, -1,
      18, 95, 17, -1,
      96, 97, 15, -1,
      15, 97, 16, -1,
      38, 37, 98, -1,
      98, 37, 99, -1,
      100, 101, 11, -1,
      11, 101, 43, -1,
      102, 103, 22, -1,
      22, 103, 21, -1,
      104, 77, 49, -1,
      49, 77, 27, -1,
      105, 104, 48, -1,
      48, 104, 49, -1,
      106, 75, 20, -1,
      20, 75, 3, -1,
      107, 106, 19, -1,
      19, 106, 20, -1,
      104, 105, 108, -1,
      109, 98, 99, -1,
      69, 68, 110, -1,
      110, 68, 111, -1,
      112, 59, 58, -1,
      113, 114, 108, -1,
      108, 114, 115, -1,
      54, 116, 117, -1,
      54, 118, 119, -1,
      120, 76, 77, -1,
      60, 61, 117, -1,
      117, 61, 121, -1,
      117, 121, 54, -1,
      54, 121, 109, -1,
      54, 109, 118, -1,
      118, 109, 99, -1,
      101, 100, 119, -1,
      119, 100, 122, -1,
      119, 122, 54, -1,
      54, 122, 123, -1,
      124, 63, 62, -1,
      54, 125, 126, -1,
      73, 72, 123, -1,
      123, 72, 127, -1,
      123, 127, 54, -1,
      54, 127, 112, -1,
      54, 112, 125, -1,
      125, 112, 58, -1,
      128, 129, 52, -1,
      113, 108, 55, -1,
      55, 108, 110, -1,
      55, 110, 54, -1,
      54, 110, 111, -1,
      54, 111, 130, -1,
      131, 87, 86, -1,
      132, 83, 82, -1,
      67, 66, 130, -1,
      130, 66, 133, -1,
      130, 133, 54, -1,
      54, 133, 134, -1,
      56, 57, 126, -1,
      126, 57, 135, -1,
      126, 135, 54, -1,
      54, 135, 136, -1,
      54, 136, 137, -1,
      138, 139, 52, -1,
      82, 138, 132, -1,
      132, 138, 52, -1,
      132, 52, 140, -1,
      140, 52, 129, -1,
      140, 129, 84, -1,
      84, 129, 85, -1,
      65, 64, 134, -1,
      134, 64, 141, -1,
      134, 141, 54, -1,
      54, 141, 124, -1,
      54, 124, 116, -1,
      116, 124, 62, -1,
      70, 71, 136, -1,
      136, 71, 142, -1,
      136, 142, 137, -1,
      137, 142, 143, -1,
      144, 145, 143, -1,
      143, 145, 146, -1,
      143, 146, 137, -1,
      79, 78, 147, -1,
      147, 78, 148, -1,
      106, 107, 149, -1,
      150, 151, 149, -1,
      149, 151, 152, -1,
      103, 102, 153, -1,
      153, 102, 154, -1,
      115, 155, 108, -1,
      108, 155, 156, -1,
      108, 156, 104, -1,
      104, 156, 157, -1,
      104, 157, 77, -1,
      74, 75, 143, -1,
      143, 75, 158, -1,
      143, 158, 144, -1,
      152, 159, 149, -1,
      149, 159, 160, -1,
      149, 160, 106, -1,
      106, 160, 161, -1,
      106, 161, 75, -1,
      75, 161, 162, -1,
      75, 162, 158, -1,
      163, 164, 120, -1,
      120, 164, 165, -1,
      81, 80, 139, -1,
      139, 80, 166, -1,
      139, 166, 52, -1,
      52, 166, 147, -1,
      52, 147, 165, -1,
      165, 147, 148, -1,
      165, 148, 120, -1,
      157, 167, 77, -1,
      77, 167, 168, -1,
      77, 168, 120, -1,
      120, 168, 169, -1,
      120, 169, 163, -1,
      170, 93, 92, -1,
      171, 172, 52, -1,
      150, 149, 53, -1,
      53, 149, 153, -1,
      53, 153, 52, -1,
      52, 153, 154, -1,
      52, 154, 173, -1,
      174, 52, 175, -1,
      175, 52, 172, -1,
      175, 172, 90, -1,
      90, 172, 91, -1,
      86, 128, 131, -1,
      131, 128, 52, -1,
      131, 52, 176, -1,
      176, 52, 174, -1,
      176, 174, 88, -1,
      88, 174, 89, -1,
      97, 96, 173, -1,
      173, 96, 177, -1,
      173, 177, 52, -1,
      52, 177, 178, -1,
      95, 94, 178, -1,
      178, 94, 179, -1,
      178, 179, 52, -1,
      52, 179, 170, -1,
      52, 170, 171, -1,
      171, 170, 92, -1,
    ]
  }
}

Shape {
  appearance Appearance {
    material Material {
      diffuseColor 0.7529 0.7529 0.7529
      specularColor 0.3765 0.3765 0.3765
      ambientIntensity 0.2
      transparency 0.0000
      shininess 0.5
    }
  }
  geometry IndexedFaceSet {
    ccw TRUE
    solid FALSE
    coord DEF co Coordinate {
      point [
        2.755906 -2.204724 0.322835,
        2.755906 -2.204724 0.748031,
        -2.755906 -2.204724 0.322835,
        -2.755906 -2.204724 0.748031,
        -2.755906 2.204724 0.322835,
        -2.755906 2.204724 0.748031,
        2.755906 2.204724 0.322835,
        2.755906 2.204724 0.748031,
        2.806854 2.198017 0.322835,
        2.854331 2.178351 0.322835,
        2.895100 2.147069 0.322835,
        -2.806854 2.198017 0.322835,
        -2.926383 2.106299 0.322835,
        -2.895100 2.147069 0.322835,
        -2.854331 2.178351 0.322835,
        -2.806854 -2.198017 0.322835,
        -2.854331 -2.178351 0.322835,
        -2.895100 -2.147069 0.322835,
        2.926383 2.106299 0.322835,
        2.946048 2.058822 0.322835,
        2.952756 2.007874 0.322835,
        -2.946048 2.058822 0.322835,
        -2.926383 -2.106299 0.322835,
        -2.946048 -2.058822 0.322835,
        -2.952756 -2.007874 0.322835,
        -2.952756 2.007874 0.322835,
        2.895100 -2.147069 0.322835,
        2.854331 -2.178351 0.322835,
        2.806854 -2.198017 0.322835,
        2.952756 -2.007874 0.322835,
        2.946048 -2.058822 0.322835,
        2.926383 -2.106299 0.322835,
        2.952756 2.007874 0.748031,
        2.952756 -2.007874 0.748031,
        -2.952756 -2.007874 0.748031,
        -2.952756 2.007874 0.748031,
        2.286994 1.512410 0.944882,
        2.260441 1.547014 0.944882,
        -2.755906 -2.007874 0.944882,
        2.755906 2.007874 0.944882,
        2.566532 1.587312 0.944882,
        2.755906 -2.007874 0.944882,
        2.549840 1.547014 0.944882,
        2.523287 1.512410 0.944882,
        2.488683 1.485857 0.944882,
        2.448385 1.469165 0.944882,
        2.549840 1.714099 0.944882,
        2.566532 1.673801 0.944882,
        2.572226 1.630556 0.944882,
        2.238056 1.630556 0.944882,
        2.243749 1.673801 0.944882,
        -2.755906 2.007874 0.944882,
        2.260441 1.714099 0.944882,
        2.286994 1.748704 0.944882,
        2.243749 1.587312 0.944882,
        2.448385 1.791948 0.944882,
        2.488683 1.775256 0.944882,
        2.523287 1.748704 0.944882,
        2.321598 1.775256 0.944882,
        2.361896 1.791948 0.944882,
        2.405141 1.797641 0.944882,
        2.405141 1.463472 0.944882,
        2.361896 1.469165 0.944882,
        2.321598 1.485857 0.944882,
        2.806854 -2.198017 0.748031,
        2.854331 -2.178351 0.748031,
        2.895100 -2.147069 0.748031,
        2.926383 -2.106299 0.748031,
        2.946048 -2.058822 0.748031,
        -2.755906 -2.058822 0.938174,
        2.755906 -2.058822 0.938174,
        -2.755906 -2.106299 0.918509,
        2.755906 -2.106299 0.918509,
        -2.755906 -2.147069 0.887226,
        2.755906 -2.147069 0.887226,
        -2.755906 -2.178351 0.846457,
        2.755906 -2.178351 0.846457,
        -2.755906 -2.198017 0.798980,
        2.755906 -2.198017 0.798980,
        -2.946048 -2.058822 0.748031,
        -2.926383 -2.106299 0.748031,
        -2.895100 -2.147069 0.748031,
        -2.854331 -2.178351 0.748031,
        -2.806854 -2.198017 0.748031,
        2.946048 -2.007874 0.798980,
        2.939569 -2.057087 0.798980,
        2.841144 -2.057087 0.918509,
        2.800028 -2.033348 0.938174,
        2.791931 -2.043900 0.938174,
        2.769092 -2.057087 0.938174,
        2.805118 -2.021061 0.938174,
        2.850977 -2.033348 0.918509,
        2.890357 -2.043900 0.887226,
        2.806854 -2.007874 0.938174,
        2.825503 -2.077471 0.918509,
        2.781380 -2.051997 0.938174,
        2.805118 -2.093113 0.918509,
        2.781380 -2.102945 0.918509,
        2.854331 -2.007874 0.918509,
        2.895100 -2.007874 0.887226,
        2.926383 -2.007874 0.846457,
        2.876451 -2.077471 0.887226,
        2.854331 -2.106299 0.887226,
        2.825503 -2.128420 0.887226,
        2.791931 -2.142325 0.887226,
        2.920574 -2.051997 0.846457,
        2.903543 -2.093113 0.846457,
        2.876451 -2.128420 0.846457,
        2.841144 -2.155512 0.846457,
        2.800028 -2.172543 0.846457,
        2.920574 -2.102945 0.798980,
        2.890357 -2.142325 0.798980,
        2.850977 -2.172543 0.798980,
        2.805118 -2.191538 0.798980,
        -2.805118 -2.191538 0.798980,
        -2.805118 -2.093113 0.918509,
        -2.781380 -2.051997 0.938174,
        -2.791931 -2.043900 0.938174,
        -2.806854 -2.007874 0.938174,
        -2.805118 -2.021061 0.938174,
        -2.769092 -2.057087 0.938174,
        -2.781380 -2.102945 0.918509,
        -2.791931 -2.142325 0.887226,
        -2.825503 -2.077471 0.918509,
        -2.800028 -2.033348 0.938174,
        -2.841144 -2.057087 0.918509,
        -2.850977 -2.033348 0.918509,
        -2.854331 -2.007874 0.918509,
        -2.825503 -2.128420 0.887226,
        -2.854331 -2.106299 0.887226,
        -2.876451 -2.077471 0.887226,
        -2.890357 -2.043900 0.887226,
        -2.895100 -2.007874 0.887226,
        -2.800028 -2.172543 0.846457,
        -2.841144 -2.155512 0.846457,
        -2.876451 -2.128420 0.846457,
        -2.903543 -2.093113 0.846457,
        -2.920574 -2.051997 0.846457,
        -2.926383 -2.007874 0.846457,
        -2.850977 -2.172543 0.798980,
        -2.890357 -2.142325 0.798980,
        -2.920574 -2.102945 0.798980,
        -2.939569 -2.057087 0.798980,
        -2.946048 -2.007874 0.798980,
        2.946048 2.058822 0.748031,
        2.926383 2.106299 0.748031,
        2.895100 2.147069 0.748031,
        2.854331 2.178351 0.748031,
        2.806854 2.198017 0.748031,
        2.806854 2.007874 0.938174,
        2.854331 2.007874 0.918509,
        2.895100 2.007874 0.887226,
        2.926383 2.007874 0.846457,
        2.946048 2.007874 0.798980,
        -2.806854 2.007874 0.938174,
        -2.854331 2.007874 0.918509,
        -2.895100 2.007874 0.887226,
        -2.926383 2.007874 0.846457,
        -2.946048 2.007874 0.798980,
        -2.806854 2.198017 0.748031,
        -2.854331 2.178351 0.748031,
        -2.895100 2.147069 0.748031,
        -2.926383 2.106299 0.748031,
        -2.946048 2.058822 0.748031,
        2.755906 2.198017 0.798980,
        2.805118 2.191538 0.798980,
        2.805118 2.093113 0.918509,
        2.781380 2.051997 0.938174,
        2.791931 2.043900 0.938174,
        2.805118 2.021061 0.938174,
        2.769092 2.057087 0.938174,
        2.781380 2.102945 0.918509,
        2.791931 2.142325 0.887226,
        2.755906 2.058822 0.938174,
        2.825503 2.077471 0.918509,
        2.800028 2.033348 0.938174,
        2.841144 2.057087 0.918509,
        2.850977 2.033348 0.918509,
        2.755906 2.106299 0.918509,
        2.755906 2.147069 0.887226,
        2.755906 2.178351 0.846457,
        2.825503 2.128420 0.887226,
        2.854331 2.106299 0.887226,
        2.876451 2.077471 0.887226,
        2.890357 2.043900 0.887226,
        2.800028 2.172543 0.846457,
        2.841144 2.155512 0.846457,
        2.876451 2.128420 0.846457,
        2.903543 2.093113 0.846457,
        2.920574 2.051997 0.846457,
        2.850977 2.172543 0.798980,
        2.890357 2.142325 0.798980,
        2.920574 2.102945 0.798980,
        2.939569 2.057087 0.798980,
        -2.939569 2.057087 0.798980,
        -2.841144 2.057087 0.918509,
        -2.800028 2.033348 0.938174,
        -2.791931 2.043900 0.938174,
        -2.755906 2.058822 0.938174,
        -2.769092 2.057087 0.938174,
        -2.805118 2.021061 0.938174,
        -2.850977 2.033348 0.918509,
        -2.890357 2.043900 0.887226,
        -2.825503 2.077471 0.918509,
        -2.781380 2.051997 0.938174,
        -2.805118 2.093113 0.918509,
        -2.781380 2.102945 0.918509,
        -2.755906 2.106299 0.918509,
        -2.876451 2.077471 0.887226,
        -2.854331 2.106299 0.887226,
        -2.825503 2.128420 0.887226,
        -2.791931 2.142325 0.887226,
        -2.755906 2.147069 0.887226,
        -2.920574 2.051997 0.846457,
        -2.903543 2.093113 0.846457,
        -2.876451 2.128420 0.846457,
        -2.841144 2.155512 0.846457,
        -2.800028 2.172543 0.846457,
        -2.755906 2.178351 0.846457,
        -2.920574 2.102945 0.798980,
        -2.890357 2.142325 0.798980,
        -2.850977 2.172543 0.798980,
        -2.805118 2.191538 0.798980,
        -2.755906 2.198017 0.798980,
      ]
    }
    coordIndex [
      20, 32, 29, -1,
      29, 32, 33, -1,
      24, 34, 25, -1,
      25, 34, 35, -1,
      36, 37, 38, -1,
      39, 40, 41, -1,
      41, 40, 42, -1,
      42, 43, 41, -1,
      41, 43, 44, -1,
      41, 44, 45, -1,
      46, 47, 39, -1,
      39, 47, 48, -1,
      39, 48, 40, -1,
      49, 50, 51, -1,
      51, 50, 52, -1,
      51, 52, 53, -1,
      38, 37, 51, -1,
      51, 37, 54, -1,
      51, 54, 49, -1,
      55, 56, 39, -1,
      39, 56, 57, -1,
      39, 57, 46, -1,
      53, 58, 51, -1,
      51, 58, 59, -1,
      51, 59, 39, -1,
      39, 59, 60, -1,
      39, 60, 55, -1,
      45, 61, 41, -1,
      41, 61, 62, -1,
      41, 62, 38, -1,
      38, 62, 63, -1,
      38, 63, 36, -1,
      1, 0, 28, -1,
      1, 28, 64, -1,
      64, 28, 27, -1,
      64, 27, 65, -1,
      65, 27, 26, -1,
      65, 26, 66, -1,
      66, 26, 31, -1,
      66, 31, 67, -1,
      67, 31, 30, -1,
      67, 30, 68, -1,
      68, 30, 29, -1,
      68, 29, 33, -1,
      41, 38, 69, -1,
      41, 69, 70, -1,
      70, 69, 71, -1,
      70, 71, 72, -1,
      72, 71, 73, -1,
      72, 73, 74, -1,
      74, 73, 75, -1,
      74, 75, 76, -1,
      76, 75, 77, -1,
      76, 77, 78, -1,
      78, 77, 3, -1,
      78, 3, 1, -1,
      34, 24, 23, -1,
      34, 23, 79, -1,
      79, 23, 22, -1,
      79, 22, 80, -1,
      80, 22, 17, -1,
      80, 17, 81, -1,
      81, 17, 16, -1,
      81, 16, 82, -1,
      82, 16, 15, -1,
      82, 15, 83, -1,
      83, 15, 2, -1,
      83, 2, 3, -1,
      33, 84, 85, -1,
      86, 87, 88, -1,
      41, 70, 89, -1,
      88, 87, 41, -1,
      90, 41, 87, -1,
      90, 87, 91, -1,
      91, 87, 86, -1,
      91, 86, 92, -1,
      93, 41, 90, -1,
      94, 95, 96, -1,
      96, 95, 89, -1,
      96, 89, 97, -1,
      97, 89, 70, -1,
      97, 70, 72, -1,
      93, 90, 98, -1,
      98, 90, 91, -1,
      98, 91, 99, -1,
      99, 91, 92, -1,
      99, 92, 100, -1,
      101, 94, 102, -1,
      102, 94, 96, -1,
      102, 96, 103, -1,
      103, 96, 97, -1,
      103, 97, 104, -1,
      104, 97, 72, -1,
      104, 72, 74, -1,
      105, 101, 106, -1,
      106, 101, 102, -1,
      106, 102, 107, -1,
      107, 102, 103, -1,
      107, 103, 108, -1,
      108, 103, 104, -1,
      108, 104, 109, -1,
      109, 104, 74, -1,
      109, 74, 76, -1,
      84, 105, 85, -1,
      85, 105, 106, -1,
      85, 106, 110, -1,
      110, 106, 107, -1,
      110, 107, 111, -1,
      111, 107, 108, -1,
      111, 108, 112, -1,
      112, 108, 109, -1,
      112, 109, 113, -1,
      113, 109, 76, -1,
      113, 76, 78, -1,
      33, 85, 68, -1,
      68, 85, 110, -1,
      68, 110, 67, -1,
      67, 110, 111, -1,
      67, 111, 66, -1,
      66, 111, 112, -1,
      66, 112, 65, -1,
      65, 112, 113, -1,
      65, 113, 64, -1,
      64, 113, 78, -1,
      64, 78, 1, -1,
      95, 41, 89, -1,
      84, 100, 105, -1,
      105, 100, 92, -1,
      105, 92, 101, -1,
      101, 92, 86, -1,
      101, 86, 94, -1,
      94, 86, 88, -1,
      94, 88, 95, -1,
      95, 88, 41, -1,
      3, 77, 114, -1,
      115, 116, 117, -1,
      38, 118, 119, -1,
      117, 116, 38, -1,
      120, 38, 116, -1,
      120, 116, 121, -1,
      121, 116, 115, -1,
      121, 115, 122, -1,
      69, 38, 120, -1,
      123, 124, 125, -1,
      125, 124, 119, -1,
      125, 119, 126, -1,
      126, 119, 118, -1,
      126, 118, 127, -1,
      69, 120, 71, -1,
      71, 120, 121, -1,
      71, 121, 73, -1,
      73, 121, 122, -1,
      73, 122, 75, -1,
      128, 123, 129, -1,
      129, 123, 125, -1,
      129, 125, 130, -1,
      130, 125, 126, -1,
      130, 126, 131, -1,
      131, 126, 127, -1,
      131, 127, 132, -1,
      133, 128, 134, -1,
      134, 128, 129, -1,
      134, 129, 135, -1,
      135, 129, 130, -1,
      135, 130, 136, -1,
      136, 130, 131, -1,
      136, 131, 137, -1,
      137, 131, 132, -1,
      137, 132, 138, -1,
      77, 133, 114, -1,
      114, 133, 134, -1,
      114, 134, 139, -1,
      139, 134, 135, -1,
      139, 135, 140, -1,
      140, 135, 136, -1,
      140, 136, 141, -1,
      141, 136, 137, -1,
      141, 137, 142, -1,
      142, 137, 138, -1,
      142, 138, 143, -1,
      3, 114, 83, -1,
      83, 114, 139, -1,
      83, 139, 82, -1,
      82, 139, 140, -1,
      82, 140, 81, -1,
      81, 140, 141, -1,
      81, 141, 80, -1,
      80, 141, 142, -1,
      80, 142, 79, -1,
      79, 142, 143, -1,
      79, 143, 34, -1,
      124, 38, 119, -1,
      77, 75, 133, -1,
      133, 75, 122, -1,
      133, 122, 128, -1,
      128, 122, 115, -1,
      128, 115, 123, -1,
      123, 115, 117, -1,
      123, 117, 124, -1,
      124, 117, 38, -1,
      32, 20, 19, -1,
      32, 19, 144, -1,
      144, 19, 18, -1,
      144, 18, 145, -1,
      145, 18, 10, -1,
      145, 10, 146, -1,
      146, 10, 9, -1,
      146, 9, 147, -1,
      147, 9, 8, -1,
      147, 8, 148, -1,
      148, 8, 6, -1,
      148, 6, 7, -1,
      39, 41, 93, -1,
      39, 93, 149, -1,
      149, 93, 98, -1,
      149, 98, 150, -1,
      150, 98, 99, -1,
      150, 99, 151, -1,
      151, 99, 100, -1,
      151, 100, 152, -1,
      152, 100, 84, -1,
      152, 84, 153, -1,
      153, 84, 33, -1,
      153, 33, 32, -1,
      38, 51, 154, -1,
      38, 154, 118, -1,
      118, 154, 155, -1,
      118, 155, 127, -1,
      127, 155, 156, -1,
      127, 156, 132, -1,
      132, 156, 157, -1,
      132, 157, 138, -1,
      138, 157, 158, -1,
      138, 158, 143, -1,
      143, 158, 35, -1,
      143, 35, 34, -1,
      5, 4, 11, -1,
      5, 11, 159, -1,
      159, 11, 14, -1,
      159, 14, 160, -1,
      160, 14, 13, -1,
      160, 13, 161, -1,
      161, 13, 12, -1,
      161, 12, 162, -1,
      162, 12, 21, -1,
      162, 21, 163, -1,
      163, 21, 25, -1,
      163, 25, 35, -1,
      7, 164, 165, -1,
      166, 167, 168, -1,
      39, 149, 169, -1,
      168, 167, 39, -1,
      170, 39, 167, -1,
      170, 167, 171, -1,
      171, 167, 166, -1,
      171, 166, 172, -1,
      173, 39, 170, -1,
      174, 175, 176, -1,
      176, 175, 169, -1,
      176, 169, 177, -1,
      177, 169, 149, -1,
      177, 149, 150, -1,
      173, 170, 178, -1,
      178, 170, 171, -1,
      178, 171, 179, -1,
      179, 171, 172, -1,
      179, 172, 180, -1,
      181, 174, 182, -1,
      182, 174, 176, -1,
      182, 176, 183, -1,
      183, 176, 177, -1,
      183, 177, 184, -1,
      184, 177, 150, -1,
      184, 150, 151, -1,
      185, 181, 186, -1,
      186, 181, 182, -1,
      186, 182, 187, -1,
      187, 182, 183, -1,
      187, 183, 188, -1,
      188, 183, 184, -1,
      188, 184, 189, -1,
      189, 184, 151, -1,
      189, 151, 152, -1,
      164, 185, 165, -1,
      165, 185, 186, -1,
      165, 186, 190, -1,
      190, 186, 187, -1,
      190, 187, 191, -1,
      191, 187, 188, -1,
      191, 188, 192, -1,
      192, 188, 189, -1,
      192, 189, 193, -1,
      193, 189, 152, -1,
      193, 152, 153, -1,
      7, 165, 148, -1,
      148, 165, 190, -1,
      148, 190, 147, -1,
      147, 190, 191, -1,
      147, 191, 146, -1,
      146, 191, 192, -1,
      146, 192, 145, -1,
      145, 192, 193, -1,
      145, 193, 144, -1,
      144, 193, 153, -1,
      144, 153, 32, -1,
      175, 39, 169, -1,
      164, 180, 185, -1,
      185, 180, 172, -1,
      185, 172, 181, -1,
      181, 172, 166, -1,
      181, 166, 174, -1,
      174, 166, 168, -1,
      174, 168, 175, -1,
      175, 168, 39, -1,
      35, 158, 194, -1,
      195, 196, 197, -1,
      51, 198, 199, -1,
      197, 196, 51, -1,
      200, 51, 196, -1,
      200, 196, 201, -1,
      201, 196, 195, -1,
      201, 195, 202, -1,
      154, 51, 200, -1,
      203, 204, 205, -1,
      205, 204, 199, -1,
      205, 199, 206, -1,
      206, 199, 198, -1,
      206, 198, 207, -1,
      154, 200, 155, -1,
      155, 200, 201, -1,
      155, 201, 156, -1,
      156, 201, 202, -1,
      156, 202, 157, -1,
      208, 203, 209, -1,
      209, 203, 205, -1,
      209, 205, 210, -1,
      210, 205, 206, -1,
      210, 206, 211, -1,
      211, 206, 207, -1,
      211, 207, 212, -1,
      213, 208, 214, -1,
      214, 208, 209, -1,
      214, 209, 215, -1,
      215, 209, 210, -1,
      215, 210, 216, -1,
      216, 210, 211, -1,
      216, 211, 217, -1,
      217, 211, 212, -1,
      217, 212, 218, -1,
      158, 213, 194, -1,
      194, 213, 214, -1,
      194, 214, 219, -1,
      219, 214, 215, -1,
      219, 215, 220, -1,
      220, 215, 216, -1,
      220, 216, 221, -1,
      221, 216, 217, -1,
      221, 217, 222, -1,
      222, 217, 218, -1,
      222, 218, 223, -1,
      35, 194, 163, -1,
      163, 194, 219, -1,
      163, 219, 162, -1,
      162, 219, 220, -1,
      162, 220, 161, -1,
      161, 220, 221, -1,
      161, 221, 160, -1,
      160, 221, 222, -1,
      160, 222, 159, -1,
      159, 222, 223, -1,
      159, 223, 5, -1,
      204, 51, 199, -1,
      158, 157, 213, -1,
      213, 157, 202, -1,
      213, 202, 208, -1,
      208, 202, 195, -1,
      208, 195, 203, -1,
      203, 195, 197, -1,
      203, 197, 204, -1,
      204, 197, 51, -1,
      51, 39, 173, -1,
      51, 173, 198, -1,
      198, 173, 178, -1,
      198, 178, 207, -1,
      207, 178, 179, -1,
      207, 179, 212, -1,
      212, 179, 180, -1,
      212, 180, 218, -1,
      218, 180, 164, -1,
      218, 164, 223, -1,
      223, 164, 7, -1,
      223, 7, 5, -1,
    ]
  }
}

Shape {
  appearance Appearance {
    material Material {
      diffuseColor 1.0000 1.0000 0.0000
      specularColor 0.5020 0.5020 0.0000
      ambientIntensity 0.2
      transparency 0.0000
      shininess 0.5
    }
  }
  geometry IndexedFaceSet {
    ccw TRUE
    solid FALSE
    coord DEF co Coordinate {
      point [
        0.000000 -2.047244 0.000000,
        0.000000 -2.401575 0.000000,
        -1.732283 2.047244 0.000000,
        -1.732283 2.401575 0.000000,
        -1.614173 2.401575 0.000000,
        -2.598425 2.047244 0.000000,
        -2.913386 2.047244 0.000000,
        -2.913386 2.401575 0.000000,
        -1.614173 2.047244 0.000000,
        -1.299213 2.047244 0.000000,
        -2.598425 2.401575 0.000000,
        -2.480315 2.401575 0.000000,
        -2.480315 2.047244 0.000000,
        -2.165354 2.401575 0.000000,
        -2.047244 2.401575 0.000000,
        -2.165354 2.047244 0.000000,
        -2.047244 2.047244 0.000000,
        -1.299213 2.401575 0.000000,
        -1.181102 2.401575 0.000000,
        -1.181102 2.047244 0.000000,
        -0.866142 2.047244 0.000000,
        -0.866142 2.401575 0.000000,
        -1.181102 -2.047244 0.000000,
        -1.181102 -2.401575 0.000000,
        -1.299213 -2.401575 0.000000,
        -1.299213 -2.047244 0.000000,
        -1.614173 -2.047244 0.000000,
        -0.866142 -2.047244 0.000000,
        -0.866142 -2.401575 0.000000,
        -2.047244 -2.047244 0.000000,
        -2.047244 -2.401575 0.000000,
        -2.165354 -2.401575 0.000000,
        -2.165354 -2.047244 0.000000,
        -2.480315 -2.047244 0.000000,
        -1.732283 -2.047244 0.000000,
        -1.732283 -2.401575 0.000000,
        -1.614173 -2.401575 0.000000,
        -2.913386 -2.401575 0.000000,
        -2.913386 -2.047244 0.000000,
        -2.598425 -2.047244 0.000000,
        -2.598425 -2.401575 0.000000,
        -2.480315 -2.401575 0.000000,
        1.299213 -2.047244 0.000000,
        1.299213 -2.401575 0.000000,
        1.181102 -2.401575 0.000000,
        0.433071 -2.401575 0.000000,
        0.314961 -2.401575 0.000000,
        0.433071 -2.047244 0.000000,
        0.314961 -2.047244 0.000000,
        2.598425 -2.047244 0.000000,
        2.913386 -2.047244 0.000000,
        2.913386 -2.401575 0.000000,
        0.866142 -2.401575 0.000000,
        0.748031 -2.401575 0.000000,
        0.866142 -2.047244 0.000000,
        0.748031 -2.047244 0.000000,
        2.598425 -2.401575 0.000000,
        2.480315 -2.401575 0.000000,
        2.480315 -2.047244 0.000000,
        2.165354 -2.047244 0.000000,
        1.181102 -2.047244 0.000000,
        2.165354 -2.401575 0.000000,
        2.047244 -2.401575 0.000000,
        2.047244 -2.047244 0.000000,
        1.732283 -2.047244 0.000000,
        1.732283 -2.401575 0.000000,
        1.614173 -2.401575 0.000000,
        1.614173 -2.047244 0.000000,
        0.314961 2.401575 0.000000,
        0.433071 2.401575 0.000000,
        0.314961 2.047244 0.000000,
        0.433071 2.047244 0.000000,
        1.181102 2.047244 0.000000,
        1.181102 2.401575 0.000000,
        1.299213 2.401575 0.000000,
        1.299213 2.047244 0.000000,
        1.614173 2.047244 0.000000,
        0.000000 2.047244 0.000000,
        0.866142 2.047244 0.000000,
        0.748031 2.047244 0.000000,
        0.866142 2.401575 0.000000,
        0.748031 2.401575 0.000000,
        0.000000 2.401575 0.000000,
        2.047244 2.047244 0.000000,
        2.047244 2.401575 0.000000,
        2.165354 2.401575 0.000000,
        2.165354 2.047244 0.000000,
        2.480315 2.047244 0.000000,
        1.732283 2.047244 0.000000,
        1.732283 2.401575 0.000000,
        1.614173 2.401575 0.000000,
        2.913386 2.401575 0.000000,
        2.913386 2.047244 0.000000,
        2.598425 2.047244 0.000000,
        2.598425 2.401575 0.000000,
        2.480315 2.401575 0.000000,
        0.059055 2.405512 -0.007874,
        0.000000 2.405512 -0.007874,
        0.059055 2.405512 0.326772,
        0.000000 2.405512 0.326772,
        0.255906 2.405512 0.326772,
        0.314961 2.405512 0.326772,
        0.255906 2.405512 -0.007874,
        0.314961 2.405512 -0.007874,
        0.492126 2.405512 -0.007874,
        0.433071 2.405512 -0.007874,
        0.492126 2.405512 0.326772,
        0.433071 2.405512 0.326772,
        0.688976 2.405512 0.326772,
        0.748031 2.405512 0.326772,
        0.688976 2.405512 -0.007874,
        0.748031 2.405512 -0.007874,
        -1.122047 2.405512 -0.007874,
        -1.181102 2.405512 -0.007874,
        -1.122047 2.405512 0.326772,
        -1.181102 2.405512 0.326772,
        -0.925197 2.405512 0.326772,
        -0.866142 2.405512 0.326772,
        -0.925197 2.405512 -0.007874,
        -0.866142 2.405512 -0.007874,
        -2.854331 2.405512 -0.007874,
        -2.913386 2.405512 -0.007874,
        -2.854331 2.405512 0.326772,
        -2.913386 2.405512 0.326772,
        -2.657480 2.405512 0.326772,
        -2.598425 2.405512 0.326772,
        -2.657480 2.405512 -0.007874,
        -2.598425 2.405512 -0.007874,
        -2.421260 2.405512 -0.007874,
        -2.480315 2.405512 -0.007874,
        -2.421260 2.405512 0.326772,
        -2.480315 2.405512 0.326772,
        -2.224409 2.405512 0.326772,
        -2.165354 2.405512 0.326772,
        -2.224409 2.405512 -0.007874,
        -2.165354 2.405512 -0.007874,
        2.657480 2.405512 -0.007874,
        2.598425 2.405512 -0.007874,
        2.657480 2.405512 0.326772,
        2.598425 2.405512 0.326772,
        2.854331 2.405512 0.326772,
        2.913386 2.405512 0.326772,
        2.854331 2.405512 -0.007874,
        2.913386 2.405512 -0.007874,
        2.224409 2.405512 -0.007874,
        2.165354 2.405512 -0.007874,
        2.224409 2.405512 0.326772,
        2.165354 2.405512 0.326772,
        2.421260 2.405512 0.326772,
        2.480315 2.405512 0.326772,
        2.421260 2.405512 -0.007874,
        2.480315 2.405512 -0.007874,
        1.791339 2.405512 -0.007874,
        1.732283 2.405512 -0.007874,
        1.791339 2.405512 0.326772,
        1.732283 2.405512 0.326772,
        1.988189 2.405512 0.326772,
        2.047244 2.405512 0.326772,
        1.988189 2.405512 -0.007874,
        2.047244 2.405512 -0.007874,
        1.358268 2.405512 -0.007874,
        1.299213 2.405512 -0.007874,
        1.358268 2.405512 0.326772,
        1.299213 2.405512 0.326772,
        1.555118 2.405512 0.326772,
        1.614173 2.405512 0.326772,
        1.555118 2.405512 -0.007874,
        1.614173 2.405512 -0.007874,
        0.925197 2.405512 -0.007874,
        0.866142 2.405512 -0.007874,
        0.925197 2.405512 0.326772,
        0.866142 2.405512 0.326772,
        1.122047 2.405512 0.326772,
        1.181102 2.405512 0.326772,
        1.122047 2.405512 -0.007874,
        1.181102 2.405512 -0.007874,
        -1.555118 2.405512 -0.007874,
        -1.614173 2.405512 -0.007874,
        -1.555118 2.405512 0.326772,
        -1.614173 2.405512 0.326772,
        -1.358268 2.405512 0.326772,
        -1.299213 2.405512 0.326772,
        -1.358268 2.405512 -0.007874,
        -1.299213 2.405512 -0.007874,
        -1.988189 2.405512 -0.007874,
        -2.047244 2.405512 -0.007874,
        -1.988189 2.405512 0.326772,
        -2.047244 2.405512 0.326772,
        -1.791339 2.405512 0.326772,
        -1.732283 2.405512 0.326772,
        -1.791339 2.405512 -0.007874,
        -1.732283 2.405512 -0.007874,
        -2.598425 -2.405512 -0.007874,
        -2.598425 -2.405512 0.326772,
        -2.657480 -2.405512 -0.007874,
        -2.657480 -2.405512 0.326772,
        -2.165354 -2.405512 -0.007874,
        -2.165354 -2.405512 0.326772,
        -2.224409 -2.405512 -0.007874,
        -2.224409 -2.405512 0.326772,
        -1.732283 -2.405512 -0.007874,
        -1.732283 -2.405512 0.326772,
        -1.791339 -2.405512 -0.007874,
        -1.791339 -2.405512 0.326772,
        -1.299213 -2.405512 -0.007874,
        -1.299213 -2.405512 0.326772,
        -1.358268 -2.405512 -0.007874,
        -1.358268 -2.405512 0.326772,
        -0.866142 -2.405512 -0.007874,
        -0.866142 -2.405512 0.326772,
        -0.925197 -2.405512 -0.007874,
        -0.925197 -2.405512 0.326772,
        0.314961 -2.405512 -0.007874,
        0.314961 -2.405512 0.326772,
        0.255906 -2.405512 -0.007874,
        0.255906 -2.405512 0.326772,
        0.748031 -2.405512 -0.007874,
        0.748031 -2.405512 0.326772,
        0.688976 -2.405512 -0.007874,
        0.688976 -2.405512 0.326772,
        1.181102 -2.405512 -0.007874,
        1.181102 -2.405512 0.326772,
        1.122047 -2.405512 -0.007874,
        1.122047 -2.405512 0.326772,
        1.614173 -2.405512 -0.007874,
        1.614173 -2.405512 0.326772,
        1.555118 -2.405512 -0.007874,
        1.555118 -2.405512 0.326772,
        2.047244 -2.405512 -0.007874,
        2.047244 -2.405512 0.326772,
        1.988189 -2.405512 -0.007874,
        1.988189 -2.405512 0.326772,
        2.480315 -2.405512 -0.007874,
        2.480315 -2.405512 0.326772,
        2.421260 -2.405512 -0.007874,
        2.421260 -2.405512 0.326772,
        2.913386 -2.405512 -0.007874,
        2.913386 -2.405512 0.326772,
        2.854331 -2.405512 -0.007874,
        2.854331 -2.405512 0.326772,
        -2.047244 2.401575 0.322835,
        -2.165354 2.401575 0.322835,
        -1.732283 2.401575 0.322835,
        -1.614173 2.401575 0.322835,
        0.866142 2.401575 0.322835,
        0.748031 2.401575 0.322835,
        1.181102 2.401575 0.322835,
        1.299213 2.401575 0.322835,
        1.614173 2.401575 0.322835,
        1.732283 2.401575 0.322835,
        2.047244 2.401575 0.322835,
        2.165354 2.401575 0.322835,
        2.480315 2.401575 0.322835,
        2.598425 2.401575 0.322835,
        -2.480315 2.401575 0.322835,
        -2.598425 2.401575 0.322835,
        -1.299213 2.401575 0.322835,
        -1.181102 2.401575 0.322835,
        -2.913386 2.401575 0.322835,
        2.913386 -2.401575 0.322835,
        2.598425 -2.401575 0.322835,
        2.480315 -2.401575 0.322835,
        2.165354 -2.401575 0.322835,
        2.047244 -2.401575 0.322835,
        1.732283 -2.401575 0.322835,
        1.614173 -2.401575 0.322835,
        1.299213 -2.401575 0.322835,
        1.181102 -2.401575 0.322835,
        0.866142 -2.401575 0.322835,
        0.748031 -2.401575 0.322835,
        0.433071 -2.401575 0.322835,
        0.314961 -2.401575 0.322835,
        0.000000 -2.401575 0.322835,
        -0.866142 -2.401575 0.322835,
        -1.181102 -2.401575 0.322835,
        -1.299213 -2.401575 0.322835,
        -1.614173 -2.401575 0.322835,
        -1.732283 -2.401575 0.322835,
        -2.047244 -2.401575 0.322835,
        -2.165354 -2.401575 0.322835,
        0.433071 2.401575 0.322835,
        0.314961 2.401575 0.322835,
        -0.866142 2.401575 0.322835,
        0.000000 2.401575 0.322835,
        -2.480315 -2.401575 0.322835,
        -2.598425 -2.401575 0.322835,
        2.913386 2.401575 0.322835,
        -2.913386 -2.401575 0.322835,
        2.913386 2.283465 0.322835,
        0.433071 2.283465 0.322835,
        2.598425 2.283465 0.322835,
        2.480315 2.283465 0.322835,
        -1.614173 2.283465 0.322835,
        1.181102 2.283465 0.322835,
        0.866142 2.283465 0.322835,
        0.314961 2.283465 0.322835,
        0.000000 2.283465 0.322835,
        2.913386 -2.283465 0.322835,
        0.748031 2.283465 0.322835,
        -0.866142 2.283465 0.322835,
        -1.181102 2.283465 0.322835,
        1.299213 2.283465 0.322835,
        -1.732283 2.283465 0.322835,
        -2.047244 2.283465 0.322835,
        -1.299213 2.283465 0.322835,
        0.866142 -2.283465 0.322835,
        1.181102 -2.283465 0.322835,
        2.165354 2.283465 0.322835,
        0.748031 -2.283465 0.322835,
        1.614173 -2.283465 0.322835,
        2.047244 2.283465 0.322835,
        1.732283 2.283465 0.322835,
        -2.165354 2.283465 0.322835,
        -2.480315 2.283465 0.322835,
        1.732283 -2.283465 0.322835,
        2.047244 -2.283465 0.322835,
        1.299213 -2.283465 0.322835,
        1.614173 2.283465 0.322835,
        -2.598425 2.283465 0.322835,
        -2.913386 2.283465 0.322835,
        2.480315 -2.283465 0.322835,
        2.598425 -2.283465 0.322835,
        -2.913386 -2.283465 0.322835,
        -2.598425 -2.283465 0.322835,
        -2.480315 -2.283465 0.322835,
        2.165354 -2.283465 0.322835,
        -1.299213 -2.283465 0.322835,
        -1.181102 -2.283465 0.322835,
        -0.866142 -2.283465 0.322835,
        -2.165354 -2.283465 0.322835,
        0.314961 -2.283465 0.322835,
        0.000000 -2.283465 0.322835,
        0.433071 -2.283465 0.322835,
        -2.047244 -2.283465 0.322835,
        -1.732283 -2.283465 0.322835,
        -1.614173 -2.283465 0.322835,
        -2.598425 -2.047244 -0.007874,
        -2.913386 -2.047244 -0.007874,
        -2.598425 -2.283465 0.326772,
        -2.913386 -2.405512 -0.007874,
        -2.913386 -2.405512 0.326772,
        -2.913386 -2.283465 0.326772,
        -2.854331 -2.405512 0.326772,
        -2.850977 -2.380037 0.326772,
        -2.825503 -2.335915 0.326772,
        -2.805118 -2.320273 0.326772,
        -2.781380 -2.310441 0.326772,
        -2.755906 -2.307087 0.326772,
        -2.730431 -2.310441 0.326772,
        -2.706693 -2.320273 0.326772,
        -2.841144 -2.356299 0.326772,
        -2.686308 -2.335915 0.326772,
        -2.670667 -2.356299 0.326772,
        -2.660834 -2.380037 0.326772,
        -2.854331 -2.405512 -0.007874,
        -2.660834 -2.380037 -0.007874,
        -2.670667 -2.356299 -0.007874,
        -2.686308 -2.335915 -0.007874,
        -2.706693 -2.320273 -0.007874,
        -2.730431 -2.310441 -0.007874,
        -2.755906 -2.307087 -0.007874,
        -2.781380 -2.310441 -0.007874,
        -2.805118 -2.320273 -0.007874,
        -2.825503 -2.335915 -0.007874,
        -2.841144 -2.356299 -0.007874,
        -2.850977 -2.380037 -0.007874,
        0.000000 2.047244 -0.007874,
        0.314961 2.047244 -0.007874,
        0.000000 2.283465 0.326772,
        0.314961 2.283465 0.326772,
        0.122578 2.313483 0.326772,
        0.101569 2.324509 0.326772,
        0.253045 2.381957 0.326772,
        0.231153 2.340244 0.326772,
        0.213392 2.324509 0.326772,
        0.192382 2.313483 0.326772,
        0.169344 2.307804 0.326772,
        0.145617 2.307804 0.326772,
        0.083808 2.340244 0.326772,
        0.070329 2.359771 0.326772,
        0.061915 2.381957 0.326772,
        0.244631 2.359771 0.326772,
        0.061915 2.381957 -0.007874,
        0.083808 2.340244 -0.007874,
        0.101569 2.324509 -0.007874,
        0.192382 2.313483 -0.007874,
        0.213392 2.324509 -0.007874,
        0.070329 2.359771 -0.007874,
        0.122578 2.313483 -0.007874,
        0.145617 2.307804 -0.007874,
        0.169344 2.307804 -0.007874,
        0.231153 2.340244 -0.007874,
        0.244631 2.359771 -0.007874,
        0.253045 2.381957 -0.007874,
        0.433071 2.047244 -0.007874,
        0.748031 2.047244 -0.007874,
        0.433071 2.283465 0.326772,
        0.748031 2.283465 0.326772,
        0.555649 2.313483 0.326772,
        0.534639 2.324509 0.326772,
        0.646463 2.324509 0.326772,
        0.664224 2.340244 0.326772,
        0.677702 2.359771 0.326772,
        0.516879 2.340244 0.326772,
        0.503400 2.359771 0.326772,
        0.494986 2.381957 0.326772,
        0.686117 2.381957 0.326772,
        0.625453 2.313483 0.326772,
        0.602415 2.307804 0.326772,
        0.578687 2.307804 0.326772,
        0.625453 2.313483 -0.007874,
        0.646463 2.324509 -0.007874,
        0.534639 2.324509 -0.007874,
        0.516879 2.340244 -0.007874,
        0.503400 2.359771 -0.007874,
        0.494986 2.381957 -0.007874,
        0.555649 2.313483 -0.007874,
        0.578687 2.307804 -0.007874,
        0.602415 2.307804 -0.007874,
        0.664224 2.340244 -0.007874,
        0.677702 2.359771 -0.007874,
        0.686117 2.381957 -0.007874,
        -2.165354 -2.047244 -0.007874,
        -2.480315 -2.047244 -0.007874,
        -2.165354 -2.283465 0.326772,
        -2.480315 -2.405512 -0.007874,
        -2.480315 -2.405512 0.326772,
        -2.480315 -2.283465 0.326772,
        -2.421260 -2.405512 0.326772,
        -2.418400 -2.381957 0.326772,
        -2.396507 -2.340244 0.326772,
        -2.378746 -2.324509 0.326772,
        -2.409986 -2.359771 0.326772,
        -2.357737 -2.313483 0.326772,
        -2.334698 -2.307804 0.326772,
        -2.310971 -2.307804 0.326772,
        -2.287932 -2.313483 0.326772,
        -2.266923 -2.324509 0.326772,
        -2.249163 -2.340244 0.326772,
        -2.235683 -2.359771 0.326772,
        -2.227270 -2.381957 0.326772,
        -2.421260 -2.405512 -0.007874,
        -2.227270 -2.381957 -0.007874,
        -2.357737 -2.313483 -0.007874,
        -2.378746 -2.324509 -0.007874,
        -2.396507 -2.340244 -0.007874,
        -2.409986 -2.359771 -0.007874,
        -2.418400 -2.381957 -0.007874,
        -2.249163 -2.340244 -0.007874,
        -2.266923 -2.324509 -0.007874,
        -2.235683 -2.359771 -0.007874,
        -2.287932 -2.313483 -0.007874,
        -2.310971 -2.307804 -0.007874,
        -2.334698 -2.307804 -0.007874,
        -1.732283 -2.047244 -0.007874,
        -2.047244 -2.047244 -0.007874,
        -1.732283 -2.283465 0.326772,
        -2.047244 -2.405512 -0.007874,
        -2.047244 -2.405512 0.326772,
        -2.047244 -2.283465 0.326772,
        -1.988189 -2.405512 0.326772,
        -1.985329 -2.381957 0.326772,
        -1.963436 -2.340244 0.326772,
        -1.945676 -2.324509 0.326772,
        -1.854862 -2.313483 0.326772,
        -1.833852 -2.324509 0.326772,
        -1.976915 -2.359771 0.326772,
        -1.924666 -2.313483 0.326772,
        -1.901628 -2.307804 0.326772,
        -1.877900 -2.307804 0.326772,
        -1.816092 -2.340244 0.326772,
        -1.802613 -2.359771 0.326772,
        -1.794198 -2.381957 0.326772,
        -1.988189 -2.405512 -0.007874,
        -1.794198 -2.381957 -0.007874,
        -1.816092 -2.340244 -0.007874,
        -1.833852 -2.324509 -0.007874,
        -1.924666 -2.313483 -0.007874,
        -1.945676 -2.324509 -0.007874,
        -1.802613 -2.359771 -0.007874,
        -1.854862 -2.313483 -0.007874,
        -1.877900 -2.307804 -0.007874,
        -1.901628 -2.307804 -0.007874,
        -1.963436 -2.340244 -0.007874,
        -1.976915 -2.359771 -0.007874,
        -1.985329 -2.381957 -0.007874,
        -1.299213 -2.047244 -0.007874,
        -1.614173 -2.047244 -0.007874,
        -1.299213 -2.283465 0.326772,
        -1.614173 -2.405512 -0.007874,
        -1.614173 -2.405512 0.326772,
        -1.614173 -2.283465 0.326772,
        -1.555118 -2.405512 0.326772,
        -1.552258 -2.381957 0.326772,
        -1.543844 -2.359771 0.326772,
        -1.530365 -2.340244 0.326772,
        -1.512605 -2.324509 0.326772,
        -1.491595 -2.313483 0.326772,
        -1.468557 -2.307804 0.326772,
        -1.444829 -2.307804 0.326772,
        -1.421791 -2.313483 0.326772,
        -1.400781 -2.324509 0.326772,
        -1.383020 -2.340244 0.326772,
        -1.369542 -2.359771 0.326772,
        -1.361128 -2.381957 0.326772,
        -1.555118 -2.405512 -0.007874,
        -1.543844 -2.359771 -0.007874,
        -1.552258 -2.381957 -0.007874,
        -1.361128 -2.381957 -0.007874,
        -1.491595 -2.313483 -0.007874,
        -1.512605 -2.324509 -0.007874,
        -1.530365 -2.340244 -0.007874,
        -1.383020 -2.340244 -0.007874,
        -1.400781 -2.324509 -0.007874,
        -1.421791 -2.313483 -0.007874,
        -1.444829 -2.307804 -0.007874,
        -1.468557 -2.307804 -0.007874,
        -1.369542 -2.359771 -0.007874,
        -0.866142 -2.047244 -0.007874,
        -1.181102 -2.047244 -0.007874,
        -0.866142 -2.283465 0.326772,
        -1.181102 -2.405512 -0.007874,
        -1.181102 -2.405512 0.326772,
        -1.181102 -2.283465 0.326772,
        -1.122047 -2.405512 0.326772,
        -1.119187 -2.381957 0.326772,
        -1.110773 -2.359771 0.326772,
        -1.097294 -2.340244 0.326772,
        -1.079534 -2.324509 0.326772,
        -1.058524 -2.313483 0.326772,
        -1.035486 -2.307804 0.326772,
        -1.011758 -2.307804 0.326772,
        -0.988720 -2.313483 0.326772,
        -0.936471 -2.359771 0.326772,
        -0.928057 -2.381957 0.326772,
        -0.967710 -2.324509 0.326772,
        -0.949950 -2.340244 0.326772,
        -1.122047 -2.405512 -0.007874,
        -0.928057 -2.381957 -0.007874,
        -1.110773 -2.359771 -0.007874,
        -1.119187 -2.381957 -0.007874,
        -0.936471 -2.359771 -0.007874,
        -0.949950 -2.340244 -0.007874,
        -0.967710 -2.324509 -0.007874,
        -0.988720 -2.313483 -0.007874,
        -1.011758 -2.307804 -0.007874,
        -1.035486 -2.307804 -0.007874,
        -1.058524 -2.313483 -0.007874,
        -1.079534 -2.324509 -0.007874,
        -1.097294 -2.340244 -0.007874,
        0.314961 -2.047244 -0.007874,
        0.000000 -2.047244 -0.007874,
        0.314961 -2.283465 0.326772,
        0.000000 -2.405512 -0.007874,
        0.000000 -2.405512 0.326772,
        0.000000 -2.283465 0.326772,
        0.192382 -2.313483 0.326772,
        0.213392 -2.324509 0.326772,
        0.059055 -2.405512 0.326772,
        0.061915 -2.381957 0.326772,
        0.083808 -2.340244 0.326772,
        0.101569 -2.324509 0.326772,
        0.122578 -2.313483 0.326772,
        0.145617 -2.307804 0.326772,
        0.169344 -2.307804 0.326772,
        0.231153 -2.340244 0.326772,
        0.244631 -2.359771 0.326772,
        0.253045 -2.381957 0.326772,
        0.070329 -2.359771 0.326772,
        0.059055 -2.405512 -0.007874,
        0.244631 -2.359771 -0.007874,
        0.231153 -2.340244 -0.007874,
        0.213392 -2.324509 -0.007874,
        0.122578 -2.313483 -0.007874,
        0.101569 -2.324509 -0.007874,
        0.253045 -2.381957 -0.007874,
        0.192382 -2.313483 -0.007874,
        0.169344 -2.307804 -0.007874,
        0.145617 -2.307804 -0.007874,
        0.083808 -2.340244 -0.007874,
        0.070329 -2.359771 -0.007874,
        0.061915 -2.381957 -0.007874,
        0.748031 -2.047244 -0.007874,
        0.433071 -2.047244 -0.007874,
        0.748031 -2.283465 0.326772,
        0.433071 -2.405512 -0.007874,
        0.433071 -2.405512 0.326772,
        0.433071 -2.283465 0.326772,
        0.625453 -2.313483 0.326772,
        0.646463 -2.324509 0.326772,
        0.534639 -2.324509 0.326772,
        0.516879 -2.340244 0.326772,
        0.503400 -2.359771 0.326772,
        0.494986 -2.381957 0.326772,
        0.492126 -2.405512 0.326772,
        0.555649 -2.313483 0.326772,
        0.578687 -2.307804 0.326772,
        0.602415 -2.307804 0.326772,
        0.664224 -2.340244 0.326772,
        0.677702 -2.359771 0.326772,
        0.686117 -2.381957 0.326772,
        0.492126 -2.405512 -0.007874,
        0.664224 -2.340244 -0.007874,
        0.646463 -2.324509 -0.007874,
        0.677702 -2.359771 -0.007874,
        0.555649 -2.313483 -0.007874,
        0.534639 -2.324509 -0.007874,
        0.686117 -2.381957 -0.007874,
        0.625453 -2.313483 -0.007874,
        0.602415 -2.307804 -0.007874,
        0.578687 -2.307804 -0.007874,
        0.516879 -2.340244 -0.007874,
        0.503400 -2.359771 -0.007874,
        0.494986 -2.381957 -0.007874,
        1.181102 -2.047244 -0.007874,
        0.866142 -2.047244 -0.007874,
        1.181102 -2.283465 0.326772,
        0.866142 -2.405512 -0.007874,
        0.866142 -2.405512 0.326772,
        0.866142 -2.283465 0.326772,
        1.058524 -2.313483 0.326772,
        1.079534 -2.324509 0.326772,
        0.925197 -2.405512 0.326772,
        0.928057 -2.381957 0.326772,
        0.949950 -2.340244 0.326772,
        0.967710 -2.324509 0.326772,
        0.936471 -2.359771 0.326772,
        0.988720 -2.313483 0.326772,
        1.011758 -2.307804 0.326772,
        1.035486 -2.307804 0.326772,
        1.097294 -2.340244 0.326772,
        1.110773 -2.359771 0.326772,
        1.119187 -2.381957 0.326772,
        0.925197 -2.405512 -0.007874,
        1.097294 -2.340244 -0.007874,
        1.079534 -2.324509 -0.007874,
        1.110773 -2.359771 -0.007874,
        0.988720 -2.313483 -0.007874,
        0.967710 -2.324509 -0.007874,
        1.058524 -2.313483 -0.007874,
        1.035486 -2.307804 -0.007874,
        1.011758 -2.307804 -0.007874,
        0.949950 -2.340244 -0.007874,
        0.936471 -2.359771 -0.007874,
        0.928057 -2.381957 -0.007874,
        1.119187 -2.381957 -0.007874,
        1.614173 -2.047244 -0.007874,
        1.299213 -2.047244 -0.007874,
        1.614173 -2.283465 0.326772,
        1.299213 -2.405512 -0.007874,
        1.299213 -2.405512 0.326772,
        1.299213 -2.283465 0.326772,
        1.358268 -2.405512 0.326772,
        1.361128 -2.381957 0.326772,
        1.383020 -2.340244 0.326772,
        1.400781 -2.324509 0.326772,
        1.369542 -2.359771 0.326772,
        1.491595 -2.313483 0.326772,
        1.512605 -2.324509 0.326772,
        1.421791 -2.313483 0.326772,
        1.444829 -2.307804 0.326772,
        1.468557 -2.307804 0.326772,
        1.530365 -2.340244 0.326772,
        1.543844 -2.359771 0.326772,
        1.552258 -2.381957 0.326772,
        1.358268 -2.405512 -0.007874,
        1.543844 -2.359771 -0.007874,
        1.530365 -2.340244 -0.007874,
        1.512605 -2.324509 -0.007874,
        1.421791 -2.313483 -0.007874,
        1.400781 -2.324509 -0.007874,
        1.383020 -2.340244 -0.007874,
        1.369542 -2.359771 -0.007874,
        1.361128 -2.381957 -0.007874,
        1.552258 -2.381957 -0.007874,
        1.491595 -2.313483 -0.007874,
        1.468557 -2.307804 -0.007874,
        1.444829 -2.307804 -0.007874,
        2.047244 -2.047244 -0.007874,
        1.732283 -2.047244 -0.007874,
        2.047244 -2.283465 0.326772,
        1.732283 -2.405512 -0.007874,
        1.732283 -2.405512 0.326772,
        1.732283 -2.283465 0.326772,
        1.791339 -2.405512 0.326772,
        1.794198 -2.381957 0.326772,
        1.816092 -2.340244 0.326772,
        1.833852 -2.324509 0.326772,
        1.976915 -2.359771 0.326772,
        1.985329 -2.381957 0.326772,
        1.802613 -2.359771 0.326772,
        1.924666 -2.313483 0.326772,
        1.945676 -2.324509 0.326772,
        1.963436 -2.340244 0.326772,
        1.854862 -2.313483 0.326772,
        1.877900 -2.307804 0.326772,
        1.901628 -2.307804 0.326772,
        1.791339 -2.405512 -0.007874,
        1.985329 -2.381957 -0.007874,
        1.976915 -2.359771 -0.007874,
        1.963436 -2.340244 -0.007874,
        1.945676 -2.324509 -0.007874,
        1.854862 -2.313483 -0.007874,
        1.833852 -2.324509 -0.007874,
        1.816092 -2.340244 -0.007874,
        1.802613 -2.359771 -0.007874,
        1.794198 -2.381957 -0.007874,
        1.924666 -2.313483 -0.007874,
        1.901628 -2.307804 -0.007874,
        1.877900 -2.307804 -0.007874,
        2.480315 -2.047244 -0.007874,
        2.165354 -2.047244 -0.007874,
        2.480315 -2.283465 0.326772,
        2.165354 -2.405512 -0.007874,
        2.165354 -2.405512 0.326772,
        2.165354 -2.283465 0.326772,
        2.224409 -2.405512 0.326772,
        2.227270 -2.381957 0.326772,
        2.249163 -2.340244 0.326772,
        2.266923 -2.324509 0.326772,
        2.235683 -2.359771 0.326772,
        2.357737 -2.313483 0.326772,
        2.378746 -2.324509 0.326772,
        2.287932 -2.313483 0.326772,
        2.310971 -2.307804 0.326772,
        2.334698 -2.307804 0.326772,
        2.396507 -2.340244 0.326772,
        2.409986 -2.359771 0.326772,
        2.418400 -2.381957 0.326772,
        2.224409 -2.405512 -0.007874,
        2.409986 -2.359771 -0.007874,
        2.396507 -2.340244 -0.007874,
        2.378746 -2.324509 -0.007874,
        2.287932 -2.313483 -0.007874,
        2.266923 -2.324509 -0.007874,
        2.418400 -2.381957 -0.007874,
        2.357737 -2.313483 -0.007874,
        2.334698 -2.307804 -0.007874,
        2.310971 -2.307804 -0.007874,
        2.249163 -2.340244 -0.007874,
        2.235683 -2.359771 -0.007874,
        2.227270 -2.381957 -0.007874,
        2.913386 -2.047244 -0.007874,
        2.598425 -2.047244 -0.007874,
        2.598425 -2.405512 -0.007874,
        2.598425 -2.405512 0.326772,
        2.598425 -2.283465 0.326772,
        2.913386 -2.283465 0.326772,
        2.657480 -2.405512 0.326772,
        2.660341 -2.381957 0.326772,
        2.682233 -2.340244 0.326772,
        2.699994 -2.324509 0.326772,
        2.668754 -2.359771 0.326772,
        2.721003 -2.313483 0.326772,
        2.744042 -2.307804 0.326772,
        2.767769 -2.307804 0.326772,
        2.790807 -2.313483 0.326772,
        2.811817 -2.324509 0.326772,
        2.829578 -2.340244 0.326772,
        2.843057 -2.359771 0.326772,
        2.851470 -2.381957 0.326772,
        2.657480 -2.405512 -0.007874,
        2.843057 -2.359771 -0.007874,
        2.829578 -2.340244 -0.007874,
        2.811817 -2.324509 -0.007874,
        2.790807 -2.313483 -0.007874,
        2.767769 -2.307804 -0.007874,
        2.851470 -2.381957 -0.007874,
        2.744042 -2.307804 -0.007874,
        2.721003 -2.313483 -0.007874,
        2.699994 -2.324509 -0.007874,
        2.682233 -2.340244 -0.007874,
        2.668754 -2.359771 -0.007874,
        2.660341 -2.381957 -0.007874,
        -1.181102 2.047244 -0.007874,
        -0.866142 2.047244 -0.007874,
        -1.181102 2.283465 0.326772,
        -0.866142 2.283465 0.326772,
        -0.928057 2.381957 0.326772,
        -0.936471 2.359771 0.326772,
        -0.949950 2.340244 0.326772,
        -0.967710 2.324509 0.326772,
        -0.988720 2.313483 0.326772,
        -1.011758 2.307804 0.326772,
        -1.035486 2.307804 0.326772,
        -1.058524 2.313483 0.326772,
        -1.110773 2.359771 0.326772,
        -1.119187 2.381957 0.326772,
        -1.079534 2.324509 0.326772,
        -1.097294 2.340244 0.326772,
        -1.119187 2.381957 -0.007874,
        -0.936471 2.359771 -0.007874,
        -0.928057 2.381957 -0.007874,
        -1.110773 2.359771 -0.007874,
        -1.097294 2.340244 -0.007874,
        -1.079534 2.324509 -0.007874,
        -1.058524 2.313483 -0.007874,
        -1.035486 2.307804 -0.007874,
        -1.011758 2.307804 -0.007874,
        -0.988720 2.313483 -0.007874,
        -0.967710 2.324509 -0.007874,
        -0.949950 2.340244 -0.007874,
        -2.913386 2.047244 -0.007874,
        -2.598425 2.047244 -0.007874,
        -2.598425 2.283465 0.326772,
        -2.913386 2.283465 0.326772,
        -2.660834 2.380037 0.326772,
        -2.686308 2.335915 0.326772,
        -2.706693 2.320273 0.326772,
        -2.730431 2.310441 0.326772,
        -2.755906 2.307087 0.326772,
        -2.781380 2.310441 0.326772,
        -2.805118 2.320273 0.326772,
        -2.670667 2.356299 0.326772,
        -2.825503 2.335915 0.326772,
        -2.841144 2.356299 0.326772,
        -2.850977 2.380037 0.326772,
        -2.850977 2.380037 -0.007874,
        -2.825503 2.335915 -0.007874,
        -2.805118 2.320273 -0.007874,
        -2.781380 2.310441 -0.007874,
        -2.841144 2.356299 -0.007874,
        -2.755906 2.307087 -0.007874,
        -2.730431 2.310441 -0.007874,
        -2.706693 2.320273 -0.007874,
        -2.686308 2.335915 -0.007874,
        -2.670667 2.356299 -0.007874,
        -2.660834 2.380037 -0.007874,
        -2.480315 2.047244 -0.007874,
        -2.165354 2.047244 -0.007874,
        -2.480315 2.283465 0.326772,
        -2.165354 2.283465 0.326772,
        -2.227270 2.381957 0.326772,
        -2.249163 2.340244 0.326772,
        -2.266923 2.324509 0.326772,
        -2.235683 2.359771 0.326772,
        -2.357737 2.313483 0.326772,
        -2.378746 2.324509 0.326772,
        -2.396507 2.340244 0.326772,
        -2.409986 2.359771 0.326772,
        -2.418400 2.381957 0.326772,
        -2.287932 2.313483 0.326772,
        -2.310971 2.307804 0.326772,
        -2.334698 2.307804 0.326772,
        -2.418400 2.381957 -0.007874,
        -2.396507 2.340244 -0.007874,
        -2.378746 2.324509 -0.007874,
        -2.409986 2.359771 -0.007874,
        -2.287932 2.313483 -0.007874,
        -2.266923 2.324509 -0.007874,
        -2.249163 2.340244 -0.007874,
        -2.235683 2.359771 -0.007874,
        -2.227270 2.381957 -0.007874,
        -2.357737 2.313483 -0.007874,
        -2.334698 2.307804 -0.007874,
        -2.310971 2.307804 -0.007874,
        2.598425 2.047244 -0.007874,
        2.913386 2.047244 -0.007874,
        2.598425 2.283465 0.326772,
        2.913386 2.283465 0.326772,
        2.851470 2.381957 0.326772,
        2.829578 2.340244 0.326772,
        2.811817 2.324509 0.326772,
        2.843057 2.359771 0.326772,
        2.721003 2.313483 0.326772,
        2.699994 2.324509 0.326772,
        2.790807 2.313483 0.326772,
        2.767769 2.307804 0.326772,
        2.744042 2.307804 0.326772,
        2.682233 2.340244 0.326772,
        2.668754 2.359771 0.326772,
        2.660341 2.381957 0.326772,
        2.660341 2.381957 -0.007874,
        2.790807 2.313483 -0.007874,
        2.811817 2.324509 -0.007874,
        2.682233 2.340244 -0.007874,
        2.699994 2.324509 -0.007874,
        2.829578 2.340244 -0.007874,
        2.843057 2.359771 -0.007874,
        2.851470 2.381957 -0.007874,
        2.668754 2.359771 -0.007874,
        2.721003 2.313483 -0.007874,
        2.744042 2.307804 -0.007874,
        2.767769 2.307804 -0.007874,
        2.165354 2.047244 -0.007874,
        2.480315 2.047244 -0.007874,
        2.165354 2.283465 0.326772,
        2.480315 2.283465 0.326772,
        2.418400 2.381957 0.326772,
        2.396507 2.340244 0.326772,
        2.378746 2.324509 0.326772,
        2.409986 2.359771 0.326772,
        2.287932 2.313483 0.326772,
        2.266923 2.324509 0.326772,
        2.357737 2.313483 0.326772,
        2.334698 2.307804 0.326772,
        2.310971 2.307804 0.326772,
        2.249163 2.340244 0.326772,
        2.235683 2.359771 0.326772,
        2.227270 2.381957 0.326772,
        2.227270 2.381957 -0.007874,
        2.249163 2.340244 -0.007874,
        2.266923 2.324509 -0.007874,
        2.235683 2.359771 -0.007874,
        2.357737 2.313483 -0.007874,
        2.378746 2.324509 -0.007874,
        2.287932 2.313483 -0.007874,
        2.310971 2.307804 -0.007874,
        2.334698 2.307804 -0.007874,
        2.396507 2.340244 -0.007874,
        2.409986 2.359771 -0.007874,
        2.418400 2.381957 -0.007874,
        1.732283 2.047244 -0.007874,
        2.047244 2.047244 -0.007874,
        1.732283 2.283465 0.326772,
        2.047244 2.283465 0.326772,
        1.985329 2.381957 0.326772,
        1.976915 2.359771 0.326772,
        1.963436 2.340244 0.326772,
        1.945676 2.324509 0.326772,
        1.854862 2.313483 0.326772,
        1.833852 2.324509 0.326772,
        1.816092 2.340244 0.326772,
        1.802613 2.359771 0.326772,
        1.794198 2.381957 0.326772,
        1.924666 2.313483 0.326772,
        1.901628 2.307804 0.326772,
        1.877900 2.307804 0.326772,
        1.794198 2.381957 -0.007874,
        1.802613 2.359771 -0.007874,
        1.816092 2.340244 -0.007874,
        1.833852 2.324509 -0.007874,
        1.924666 2.313483 -0.007874,
        1.945676 2.324509 -0.007874,
        1.963436 2.340244 -0.007874,
        1.976915 2.359771 -0.007874,
        1.985329 2.381957 -0.007874,
        1.854862 2.313483 -0.007874,
        1.877900 2.307804 -0.007874,
        1.901628 2.307804 -0.007874,
        1.299213 2.047244 -0.007874,
        1.614173 2.047244 -0.007874,
        1.299213 2.283465 0.326772,
        1.614173 2.283465 0.326772,
        1.552258 2.381957 0.326772,
        1.530365 2.340244 0.326772,
        1.512605 2.324509 0.326772,
        1.543844 2.359771 0.326772,
        1.491595 2.313483 0.326772,
        1.468557 2.307804 0.326772,
        1.444829 2.307804 0.326772,
        1.421791 2.313483 0.326772,
        1.400781 2.324509 0.326772,
        1.383020 2.340244 0.326772,
        1.369542 2.359771 0.326772,
        1.361128 2.381957 0.326772,
        1.361128 2.381957 -0.007874,
        1.369542 2.359771 -0.007874,
        1.383020 2.340244 -0.007874,
        1.400781 2.324509 -0.007874,
        1.491595 2.313483 -0.007874,
        1.512605 2.324509 -0.007874,
        1.421791 2.313483 -0.007874,
        1.444829 2.307804 -0.007874,
        1.468557 2.307804 -0.007874,
        1.530365 2.340244 -0.007874,
        1.543844 2.359771 -0.007874,
        1.552258 2.381957 -0.007874,
        0.866142 2.047244 -0.007874,
        1.181102 2.047244 -0.007874,
        0.866142 2.283465 0.326772,
        1.181102 2.283465 0.326772,
        0.988720 2.313483 0.326772,
        0.967710 2.324509 0.326772,
        1.119187 2.381957 0.326772,
        1.097294 2.340244 0.326772,
        1.079534 2.324509 0.326772,
        1.058524 2.313483 0.326772,
        1.035486 2.307804 0.326772,
        1.011758 2.307804 0.326772,
        0.949950 2.340244 0.326772,
        0.936471 2.359771 0.326772,
        0.928057 2.381957 0.326772,
        1.110773 2.359771 0.326772,
        0.928057 2.381957 -0.007874,
        0.949950 2.340244 -0.007874,
        0.967710 2.324509 -0.007874,
        1.058524 2.313483 -0.007874,
        1.079534 2.324509 -0.007874,
        0.936471 2.359771 -0.007874,
        0.988720 2.313483 -0.007874,
        1.011758 2.307804 -0.007874,
        1.035486 2.307804 -0.007874,
        1.097294 2.340244 -0.007874,
        1.110773 2.359771 -0.007874,
        1.119187 2.381957 -0.007874,
        -1.614173 2.047244 -0.007874,
        -1.299213 2.047244 -0.007874,
        -1.614173 2.283465 0.326772,
        -1.299213 2.283465 0.326772,
        -1.361128 2.381957 0.326772,
        -1.491595 2.313483 0.326772,
        -1.512605 2.324509 0.326772,
        -1.530365 2.340244 0.326772,
        -1.543844 2.359771 0.326772,
        -1.552258 2.381957 0.326772,
        -1.369542 2.359771 0.326772,
        -1.383020 2.340244 0.326772,
        -1.444829 2.307804 0.326772,
        -1.468557 2.307804 0.326772,
        -1.400781 2.324509 0.326772,
        -1.421791 2.313483 0.326772,
        -1.552258 2.381957 -0.007874,
        -1.530365 2.340244 -0.007874,
        -1.512605 2.324509 -0.007874,
        -1.543844 2.359771 -0.007874,
        -1.369542 2.359771 -0.007874,
        -1.361128 2.381957 -0.007874,
        -1.491595 2.313483 -0.007874,
        -1.468557 2.307804 -0.007874,
        -1.444829 2.307804 -0.007874,
        -1.421791 2.313483 -0.007874,
        -1.400781 2.324509 -0.007874,
        -1.383020 2.340244 -0.007874,
        -2.047244 2.047244 -0.007874,
        -1.732283 2.047244 -0.007874,
        -2.047244 2.283465 0.326772,
        -1.732283 2.283465 0.326772,
        -1.794198 2.381957 0.326772,
        -1.816092 2.340244 0.326772,
        -1.833852 2.324509 0.326772,
        -1.854862 2.313483 0.326772,
        -1.802613 2.359771 0.326772,
        -1.877900 2.307804 0.326772,
        -1.901628 2.307804 0.326772,
        -1.924666 2.313483 0.326772,
        -1.945676 2.324509 0.326772,
        -1.963436 2.340244 0.326772,
        -1.976915 2.359771 0.326772,
        -1.985329 2.381957 0.326772,
        -1.985329 2.381957 -0.007874,
        -1.963436 2.340244 -0.007874,
        -1.945676 2.324509 -0.007874,
        -1.854862 2.313483 -0.007874,
        -1.833852 2.324509 -0.007874,
        -1.976915 2.359771 -0.007874,
        -1.924666 2.313483 -0.007874,
        -1.901628 2.307804 -0.007874,
        -1.877900 2.307804 -0.007874,
        -1.816092 2.340244 -0.007874,
        -1.802613 2.359771 -0.007874,
        -1.794198 2.381957 -0.007874,
      ]
    }
    coordIndex [
      336, 337, 39, -1,
      39, 337, 38, -1,
      323, 338, 285, -1,
      285, 338, 193, -1,
      285, 193, 40, -1,
      40, 193, 192, -1,
      40, 192, 39, -1,
      39, 192, 336, -1,
      38, 337, 37, -1,
      37, 337, 339, -1,
      37, 339, 287, -1,
      287, 339, 340, -1,
      287, 340, 322, -1,
      322, 340, 341, -1,
      340, 342, 343, -1,
      341, 344, 345, -1,
      345, 346, 341, -1,
      341, 346, 347, -1,
      341, 347, 338, -1,
      338, 347, 348, -1,
      338, 348, 349, -1,
      340, 343, 341, -1,
      341, 343, 350, -1,
      341, 350, 344, -1,
      349, 351, 338, -1,
      338, 351, 352, -1,
      338, 352, 193, -1,
      193, 352, 353, -1,
      193, 353, 195, -1,
      340, 339, 342, -1,
      342, 339, 354, -1,
      192, 194, 355, -1,
      192, 355, 336, -1,
      336, 355, 356, -1,
      336, 356, 357, -1,
      357, 358, 336, -1,
      336, 358, 359, -1,
      336, 359, 337, -1,
      359, 360, 337, -1,
      337, 360, 361, -1,
      337, 361, 362, -1,
      362, 363, 337, -1,
      337, 363, 364, -1,
      337, 364, 339, -1,
      339, 364, 365, -1,
      339, 365, 354, -1,
      366, 367, 77, -1,
      77, 367, 70, -1,
      296, 368, 283, -1,
      283, 368, 99, -1,
      283, 99, 82, -1,
      82, 99, 97, -1,
      82, 97, 77, -1,
      77, 97, 366, -1,
      70, 367, 68, -1,
      68, 367, 103, -1,
      68, 103, 281, -1,
      281, 103, 101, -1,
      281, 101, 295, -1,
      295, 101, 369, -1,
      368, 370, 371, -1,
      101, 100, 372, -1,
      369, 373, 374, -1,
      374, 375, 369, -1,
      369, 375, 376, -1,
      369, 376, 368, -1,
      368, 376, 377, -1,
      368, 377, 370, -1,
      371, 378, 368, -1,
      368, 378, 379, -1,
      368, 379, 99, -1,
      99, 379, 380, -1,
      99, 380, 98, -1,
      101, 372, 369, -1,
      369, 372, 381, -1,
      369, 381, 373, -1,
      97, 96, 382, -1,
      366, 383, 384, -1,
      367, 385, 386, -1,
      97, 382, 366, -1,
      366, 382, 387, -1,
      366, 387, 383, -1,
      384, 388, 366, -1,
      366, 388, 389, -1,
      366, 389, 367, -1,
      367, 389, 390, -1,
      367, 390, 385, -1,
      386, 391, 367, -1,
      367, 391, 392, -1,
      367, 392, 103, -1,
      103, 392, 393, -1,
      103, 393, 102, -1,
      394, 395, 71, -1,
      71, 395, 79, -1,
      289, 396, 280, -1,
      280, 396, 107, -1,
      280, 107, 69, -1,
      69, 107, 105, -1,
      69, 105, 71, -1,
      71, 105, 394, -1,
      79, 395, 81, -1,
      81, 395, 111, -1,
      81, 111, 245, -1,
      245, 111, 109, -1,
      245, 109, 298, -1,
      298, 109, 397, -1,
      398, 399, 396, -1,
      400, 397, 401, -1,
      401, 397, 402, -1,
      399, 403, 396, -1,
      396, 403, 404, -1,
      396, 404, 107, -1,
      107, 404, 405, -1,
      107, 405, 106, -1,
      402, 397, 406, -1,
      406, 397, 109, -1,
      406, 109, 108, -1,
      400, 407, 397, -1,
      397, 407, 408, -1,
      397, 408, 396, -1,
      396, 408, 409, -1,
      396, 409, 398, -1,
      410, 411, 395, -1,
      412, 394, 413, -1,
      413, 394, 414, -1,
      414, 394, 415, -1,
      415, 394, 105, -1,
      415, 105, 104, -1,
      412, 416, 394, -1,
      394, 416, 417, -1,
      394, 417, 395, -1,
      395, 417, 418, -1,
      395, 418, 410, -1,
      411, 419, 395, -1,
      395, 419, 420, -1,
      395, 420, 111, -1,
      111, 420, 421, -1,
      111, 421, 110, -1,
      422, 423, 32, -1,
      32, 423, 33, -1,
      329, 424, 279, -1,
      279, 424, 197, -1,
      279, 197, 31, -1,
      31, 197, 196, -1,
      31, 196, 32, -1,
      32, 196, 422, -1,
      33, 423, 41, -1,
      41, 423, 425, -1,
      41, 425, 284, -1,
      284, 425, 426, -1,
      284, 426, 324, -1,
      324, 426, 427, -1,
      426, 428, 429, -1,
      430, 431, 427, -1,
      426, 429, 427, -1,
      427, 429, 432, -1,
      427, 432, 430, -1,
      431, 433, 427, -1,
      427, 433, 434, -1,
      427, 434, 424, -1,
      434, 435, 424, -1,
      424, 435, 436, -1,
      424, 436, 437, -1,
      437, 438, 424, -1,
      424, 438, 439, -1,
      424, 439, 197, -1,
      197, 439, 440, -1,
      197, 440, 199, -1,
      426, 425, 428, -1,
      428, 425, 441, -1,
      196, 198, 442, -1,
      443, 444, 423, -1,
      444, 445, 423, -1,
      423, 445, 446, -1,
      423, 446, 425, -1,
      425, 446, 447, -1,
      425, 447, 441, -1,
      448, 449, 422, -1,
      196, 442, 422, -1,
      422, 442, 450, -1,
      422, 450, 448, -1,
      449, 451, 422, -1,
      422, 451, 452, -1,
      422, 452, 423, -1,
      423, 452, 453, -1,
      423, 453, 443, -1,
      454, 455, 34, -1,
      34, 455, 29, -1,
      334, 456, 277, -1,
      277, 456, 201, -1,
      277, 201, 35, -1,
      35, 201, 200, -1,
      35, 200, 34, -1,
      34, 200, 454, -1,
      29, 455, 30, -1,
      30, 455, 457, -1,
      30, 457, 278, -1,
      278, 457, 458, -1,
      278, 458, 333, -1,
      333, 458, 459, -1,
      458, 460, 461, -1,
      459, 462, 463, -1,
      464, 465, 456, -1,
      458, 461, 459, -1,
      459, 461, 466, -1,
      459, 466, 462, -1,
      463, 467, 459, -1,
      459, 467, 468, -1,
      459, 468, 456, -1,
      456, 468, 469, -1,
      456, 469, 464, -1,
      465, 470, 456, -1,
      456, 470, 471, -1,
      456, 471, 201, -1,
      201, 471, 472, -1,
      201, 472, 203, -1,
      458, 457, 460, -1,
      460, 457, 473, -1,
      200, 202, 474, -1,
      454, 475, 476, -1,
      477, 478, 455, -1,
      200, 474, 454, -1,
      454, 474, 479, -1,
      454, 479, 475, -1,
      476, 480, 454, -1,
      454, 480, 481, -1,
      454, 481, 455, -1,
      455, 481, 482, -1,
      455, 482, 477, -1,
      478, 483, 455, -1,
      455, 483, 484, -1,
      455, 484, 457, -1,
      457, 484, 485, -1,
      457, 485, 473, -1,
      486, 487, 25, -1,
      25, 487, 26, -1,
      326, 488, 275, -1,
      275, 488, 205, -1,
      275, 205, 24, -1,
      24, 205, 204, -1,
      24, 204, 25, -1,
      25, 204, 486, -1,
      26, 487, 36, -1,
      36, 487, 489, -1,
      36, 489, 276, -1,
      276, 489, 490, -1,
      276, 490, 335, -1,
      335, 490, 491, -1,
      490, 492, 493, -1,
      490, 493, 491, -1,
      493, 494, 491, -1,
      491, 494, 495, -1,
      491, 495, 496, -1,
      496, 497, 491, -1,
      491, 497, 498, -1,
      491, 498, 488, -1,
      498, 499, 488, -1,
      488, 499, 500, -1,
      488, 500, 501, -1,
      501, 502, 488, -1,
      488, 502, 503, -1,
      488, 503, 205, -1,
      205, 503, 504, -1,
      205, 504, 207, -1,
      490, 489, 492, -1,
      492, 489, 505, -1,
      487, 506, 489, -1,
      489, 506, 507, -1,
      489, 507, 505, -1,
      204, 206, 508, -1,
      509, 510, 487, -1,
      487, 510, 511, -1,
      487, 511, 506, -1,
      512, 513, 486, -1,
      513, 514, 486, -1,
      486, 514, 515, -1,
      486, 515, 487, -1,
      487, 515, 516, -1,
      487, 516, 509, -1,
      204, 508, 486, -1,
      486, 508, 517, -1,
      486, 517, 512, -1,
      518, 519, 27, -1,
      27, 519, 22, -1,
      328, 520, 273, -1,
      273, 520, 209, -1,
      273, 209, 28, -1,
      28, 209, 208, -1,
      28, 208, 27, -1,
      27, 208, 518, -1,
      22, 519, 23, -1,
      23, 519, 521, -1,
      23, 521, 274, -1,
      274, 521, 522, -1,
      274, 522, 327, -1,
      327, 522, 523, -1,
      522, 524, 525, -1,
      522, 525, 523, -1,
      525, 526, 523, -1,
      523, 526, 527, -1,
      523, 527, 528, -1,
      528, 529, 523, -1,
      523, 529, 530, -1,
      523, 530, 520, -1,
      520, 530, 531, -1,
      520, 531, 532, -1,
      520, 533, 209, -1,
      209, 533, 534, -1,
      209, 534, 211, -1,
      532, 535, 520, -1,
      520, 535, 536, -1,
      520, 536, 533, -1,
      522, 521, 524, -1,
      524, 521, 537, -1,
      208, 210, 538, -1,
      208, 538, 518, -1,
      519, 539, 521, -1,
      521, 539, 540, -1,
      521, 540, 537, -1,
      538, 541, 518, -1,
      518, 541, 542, -1,
      518, 542, 543, -1,
      543, 544, 518, -1,
      518, 544, 545, -1,
      518, 545, 519, -1,
      519, 545, 546, -1,
      519, 546, 547, -1,
      547, 548, 519, -1,
      519, 548, 549, -1,
      519, 549, 539, -1,
      550, 551, 48, -1,
      48, 551, 0, -1,
      330, 552, 271, -1,
      271, 552, 213, -1,
      271, 213, 46, -1,
      46, 213, 212, -1,
      46, 212, 48, -1,
      48, 212, 550, -1,
      0, 551, 1, -1,
      1, 551, 553, -1,
      1, 553, 272, -1,
      272, 553, 554, -1,
      272, 554, 331, -1,
      331, 554, 555, -1,
      552, 556, 557, -1,
      554, 558, 559, -1,
      555, 560, 561, -1,
      561, 562, 555, -1,
      555, 562, 563, -1,
      555, 563, 552, -1,
      552, 563, 564, -1,
      552, 564, 556, -1,
      557, 565, 552, -1,
      552, 565, 566, -1,
      552, 566, 213, -1,
      213, 566, 567, -1,
      213, 567, 215, -1,
      554, 559, 555, -1,
      555, 559, 568, -1,
      555, 568, 560, -1,
      554, 553, 558, -1,
      558, 553, 569, -1,
      570, 571, 550, -1,
      550, 571, 572, -1,
      551, 573, 574, -1,
      570, 550, 575, -1,
      575, 550, 212, -1,
      575, 212, 214, -1,
      572, 576, 550, -1,
      550, 576, 577, -1,
      550, 577, 551, -1,
      551, 577, 578, -1,
      551, 578, 573, -1,
      574, 579, 551, -1,
      551, 579, 580, -1,
      551, 580, 553, -1,
      553, 580, 581, -1,
      553, 581, 569, -1,
      582, 583, 55, -1,
      55, 583, 47, -1,
      308, 584, 269, -1,
      269, 584, 217, -1,
      269, 217, 53, -1,
      53, 217, 216, -1,
      53, 216, 55, -1,
      55, 216, 582, -1,
      47, 583, 45, -1,
      45, 583, 585, -1,
      45, 585, 270, -1,
      270, 585, 586, -1,
      270, 586, 332, -1,
      332, 586, 587, -1,
      588, 589, 584, -1,
      590, 587, 591, -1,
      591, 587, 592, -1,
      592, 587, 593, -1,
      593, 587, 586, -1,
      593, 586, 594, -1,
      590, 595, 587, -1,
      587, 595, 596, -1,
      587, 596, 584, -1,
      584, 596, 597, -1,
      584, 597, 588, -1,
      589, 598, 584, -1,
      584, 598, 599, -1,
      584, 599, 217, -1,
      217, 599, 600, -1,
      217, 600, 219, -1,
      586, 585, 594, -1,
      594, 585, 601, -1,
      602, 603, 582, -1,
      602, 582, 604, -1,
      605, 606, 583, -1,
      604, 582, 607, -1,
      607, 582, 216, -1,
      607, 216, 218, -1,
      603, 608, 582, -1,
      582, 608, 609, -1,
      582, 609, 583, -1,
      583, 609, 610, -1,
      583, 610, 605, -1,
      606, 611, 583, -1,
      583, 611, 612, -1,
      583, 612, 585, -1,
      585, 612, 613, -1,
      585, 613, 601, -1,
      614, 615, 60, -1,
      60, 615, 54, -1,
      306, 616, 267, -1,
      267, 616, 221, -1,
      267, 221, 44, -1,
      44, 221, 220, -1,
      44, 220, 60, -1,
      60, 220, 614, -1,
      54, 615, 52, -1,
      52, 615, 617, -1,
      52, 617, 268, -1,
      268, 617, 618, -1,
      268, 618, 305, -1,
      305, 618, 619, -1,
      620, 621, 616, -1,
      618, 622, 623, -1,
      619, 624, 625, -1,
      618, 623, 619, -1,
      619, 623, 626, -1,
      619, 626, 624, -1,
      625, 627, 619, -1,
      619, 627, 628, -1,
      619, 628, 616, -1,
      616, 628, 629, -1,
      616, 629, 620, -1,
      621, 630, 616, -1,
      616, 630, 631, -1,
      616, 631, 221, -1,
      221, 631, 632, -1,
      221, 632, 223, -1,
      618, 617, 622, -1,
      622, 617, 633, -1,
      634, 635, 614, -1,
      634, 614, 636, -1,
      615, 637, 638, -1,
      635, 639, 614, -1,
      614, 639, 640, -1,
      614, 640, 615, -1,
      615, 640, 641, -1,
      615, 641, 637, -1,
      638, 642, 615, -1,
      615, 642, 643, -1,
      615, 643, 617, -1,
      617, 643, 644, -1,
      617, 644, 633, -1,
      636, 614, 645, -1,
      645, 614, 220, -1,
      645, 220, 222, -1,
      646, 647, 67, -1,
      67, 647, 42, -1,
      309, 648, 265, -1,
      265, 648, 225, -1,
      265, 225, 66, -1,
      66, 225, 224, -1,
      66, 224, 67, -1,
      67, 224, 646, -1,
      42, 647, 43, -1,
      43, 647, 649, -1,
      43, 649, 266, -1,
      266, 649, 650, -1,
      266, 650, 316, -1,
      316, 650, 651, -1,
      650, 652, 653, -1,
      654, 655, 651, -1,
      650, 653, 651, -1,
      651, 653, 656, -1,
      651, 656, 654, -1,
      648, 657, 658, -1,
      655, 659, 651, -1,
      651, 659, 660, -1,
      651, 660, 648, -1,
      648, 660, 661, -1,
      648, 661, 657, -1,
      658, 662, 648, -1,
      648, 662, 663, -1,
      648, 663, 225, -1,
      225, 663, 664, -1,
      225, 664, 227, -1,
      650, 649, 652, -1,
      652, 649, 665, -1,
      666, 667, 646, -1,
      646, 667, 668, -1,
      647, 669, 670, -1,
      670, 671, 647, -1,
      647, 671, 672, -1,
      647, 672, 649, -1,
      649, 672, 673, -1,
      649, 673, 665, -1,
      666, 646, 674, -1,
      674, 646, 224, -1,
      674, 224, 226, -1,
      668, 675, 646, -1,
      646, 675, 676, -1,
      646, 676, 647, -1,
      647, 676, 677, -1,
      647, 677, 669, -1,
      678, 679, 63, -1,
      63, 679, 64, -1,
      315, 680, 263, -1,
      263, 680, 229, -1,
      263, 229, 62, -1,
      62, 229, 228, -1,
      62, 228, 63, -1,
      63, 228, 678, -1,
      64, 679, 65, -1,
      65, 679, 681, -1,
      65, 681, 264, -1,
      264, 681, 682, -1,
      264, 682, 314, -1,
      314, 682, 683, -1,
      682, 684, 685, -1,
      686, 687, 683, -1,
      680, 688, 229, -1,
      229, 688, 689, -1,
      229, 689, 231, -1,
      682, 685, 683, -1,
      683, 685, 690, -1,
      683, 690, 686, -1,
      691, 692, 680, -1,
      680, 692, 693, -1,
      680, 693, 688, -1,
      687, 694, 683, -1,
      683, 694, 695, -1,
      683, 695, 680, -1,
      680, 695, 696, -1,
      680, 696, 691, -1,
      682, 681, 684, -1,
      684, 681, 697, -1,
      228, 230, 698, -1,
      228, 698, 678, -1,
      698, 699, 678, -1,
      678, 699, 700, -1,
      678, 700, 701, -1,
      679, 702, 703, -1,
      703, 704, 679, -1,
      679, 704, 705, -1,
      679, 705, 681, -1,
      681, 705, 706, -1,
      681, 706, 697, -1,
      701, 707, 678, -1,
      678, 707, 708, -1,
      678, 708, 679, -1,
      679, 708, 709, -1,
      679, 709, 702, -1,
      710, 711, 58, -1,
      58, 711, 59, -1,
      320, 712, 261, -1,
      261, 712, 233, -1,
      261, 233, 57, -1,
      57, 233, 232, -1,
      57, 232, 58, -1,
      58, 232, 710, -1,
      59, 711, 61, -1,
      61, 711, 713, -1,
      61, 713, 262, -1,
      262, 713, 714, -1,
      262, 714, 325, -1,
      325, 714, 715, -1,
      714, 716, 717, -1,
      715, 718, 719, -1,
      714, 717, 715, -1,
      715, 717, 720, -1,
      715, 720, 718, -1,
      721, 722, 712, -1,
      719, 723, 715, -1,
      715, 723, 724, -1,
      715, 724, 712, -1,
      712, 724, 725, -1,
      712, 725, 721, -1,
      722, 726, 712, -1,
      712, 726, 727, -1,
      712, 727, 233, -1,
      233, 727, 728, -1,
      233, 728, 235, -1,
      714, 713, 716, -1,
      716, 713, 729, -1,
      730, 731, 710, -1,
      710, 731, 732, -1,
      733, 734, 711, -1,
      730, 710, 735, -1,
      735, 710, 232, -1,
      735, 232, 234, -1,
      732, 736, 710, -1,
      710, 736, 737, -1,
      710, 737, 711, -1,
      711, 737, 738, -1,
      711, 738, 733, -1,
      734, 739, 711, -1,
      711, 739, 740, -1,
      711, 740, 713, -1,
      713, 740, 741, -1,
      713, 741, 729, -1,
      742, 743, 50, -1,
      50, 743, 49, -1,
      49, 743, 56, -1,
      56, 743, 744, -1,
      56, 744, 260, -1,
      260, 744, 745, -1,
      260, 745, 321, -1,
      321, 745, 746, -1,
      297, 747, 259, -1,
      259, 747, 237, -1,
      259, 237, 51, -1,
      51, 237, 236, -1,
      51, 236, 50, -1,
      50, 236, 742, -1,
      745, 748, 749, -1,
      746, 750, 751, -1,
      745, 749, 746, -1,
      746, 749, 752, -1,
      746, 752, 750, -1,
      751, 753, 746, -1,
      746, 753, 754, -1,
      746, 754, 747, -1,
      754, 755, 747, -1,
      747, 755, 756, -1,
      747, 756, 757, -1,
      757, 758, 747, -1,
      747, 758, 759, -1,
      747, 759, 237, -1,
      237, 759, 760, -1,
      237, 760, 239, -1,
      745, 744, 748, -1,
      748, 744, 761, -1,
      762, 763, 742, -1,
      742, 763, 764, -1,
      764, 765, 742, -1,
      742, 765, 766, -1,
      742, 766, 743, -1,
      762, 742, 767, -1,
      767, 742, 236, -1,
      767, 236, 238, -1,
      766, 768, 743, -1,
      743, 768, 769, -1,
      743, 769, 770, -1,
      770, 771, 743, -1,
      743, 771, 772, -1,
      743, 772, 744, -1,
      744, 772, 773, -1,
      744, 773, 761, -1,
      774, 775, 19, -1,
      19, 775, 20, -1,
      300, 776, 257, -1,
      257, 776, 115, -1,
      257, 115, 18, -1,
      18, 115, 113, -1,
      18, 113, 19, -1,
      19, 113, 774, -1,
      20, 775, 21, -1,
      21, 775, 119, -1,
      21, 119, 282, -1,
      282, 119, 117, -1,
      282, 117, 299, -1,
      299, 117, 777, -1,
      117, 116, 778, -1,
      117, 778, 777, -1,
      778, 779, 777, -1,
      777, 779, 780, -1,
      777, 780, 781, -1,
      781, 782, 777, -1,
      777, 782, 783, -1,
      777, 783, 776, -1,
      776, 783, 784, -1,
      776, 784, 785, -1,
      776, 786, 115, -1,
      115, 786, 787, -1,
      115, 787, 114, -1,
      785, 788, 776, -1,
      776, 788, 789, -1,
      776, 789, 786, -1,
      113, 112, 790, -1,
      113, 790, 774, -1,
      775, 791, 119, -1,
      119, 791, 792, -1,
      119, 792, 118, -1,
      790, 793, 774, -1,
      774, 793, 794, -1,
      774, 794, 795, -1,
      795, 796, 774, -1,
      774, 796, 797, -1,
      774, 797, 775, -1,
      775, 797, 798, -1,
      775, 798, 799, -1,
      799, 800, 775, -1,
      775, 800, 801, -1,
      775, 801, 791, -1,
      802, 803, 6, -1,
      6, 803, 5, -1,
      5, 803, 10, -1,
      10, 803, 127, -1,
      10, 127, 255, -1,
      255, 127, 125, -1,
      255, 125, 318, -1,
      318, 125, 804, -1,
      319, 805, 258, -1,
      258, 805, 123, -1,
      258, 123, 7, -1,
      7, 123, 121, -1,
      7, 121, 6, -1,
      6, 121, 802, -1,
      125, 124, 806, -1,
      804, 807, 808, -1,
      808, 809, 804, -1,
      804, 809, 810, -1,
      804, 810, 805, -1,
      805, 810, 811, -1,
      805, 811, 812, -1,
      125, 806, 804, -1,
      804, 806, 813, -1,
      804, 813, 807, -1,
      812, 814, 805, -1,
      805, 814, 815, -1,
      805, 815, 123, -1,
      123, 815, 816, -1,
      123, 816, 122, -1,
      121, 120, 817, -1,
      818, 819, 802, -1,
      802, 819, 820, -1,
      802, 820, 803, -1,
      121, 817, 802, -1,
      802, 817, 821, -1,
      802, 821, 818, -1,
      820, 822, 803, -1,
      803, 822, 823, -1,
      803, 823, 824, -1,
      824, 825, 803, -1,
      803, 825, 826, -1,
      803, 826, 127, -1,
      127, 826, 827, -1,
      127, 827, 126, -1,
      828, 829, 12, -1,
      12, 829, 15, -1,
      313, 830, 254, -1,
      254, 830, 131, -1,
      254, 131, 11, -1,
      11, 131, 129, -1,
      11, 129, 12, -1,
      12, 129, 828, -1,
      15, 829, 13, -1,
      13, 829, 135, -1,
      13, 135, 241, -1,
      241, 135, 133, -1,
      241, 133, 312, -1,
      312, 133, 831, -1,
      133, 132, 832, -1,
      833, 834, 831, -1,
      133, 832, 831, -1,
      831, 832, 835, -1,
      831, 835, 833, -1,
      836, 837, 830, -1,
      837, 838, 830, -1,
      830, 838, 839, -1,
      830, 839, 131, -1,
      131, 839, 840, -1,
      131, 840, 130, -1,
      834, 841, 831, -1,
      831, 841, 842, -1,
      831, 842, 830, -1,
      830, 842, 843, -1,
      830, 843, 836, -1,
      129, 128, 844, -1,
      845, 846, 828, -1,
      129, 844, 828, -1,
      828, 844, 847, -1,
      828, 847, 845, -1,
      848, 849, 829, -1,
      849, 850, 829, -1,
      829, 850, 851, -1,
      829, 851, 135, -1,
      135, 851, 852, -1,
      135, 852, 134, -1,
      846, 853, 828, -1,
      828, 853, 854, -1,
      828, 854, 829, -1,
      829, 854, 855, -1,
      829, 855, 848, -1,
      856, 857, 93, -1,
      93, 857, 92, -1,
      290, 858, 253, -1,
      253, 858, 139, -1,
      253, 139, 94, -1,
      94, 139, 137, -1,
      94, 137, 93, -1,
      93, 137, 856, -1,
      92, 857, 91, -1,
      91, 857, 143, -1,
      91, 143, 286, -1,
      286, 143, 141, -1,
      286, 141, 288, -1,
      288, 141, 859, -1,
      141, 140, 860, -1,
      859, 861, 862, -1,
      141, 860, 859, -1,
      859, 860, 863, -1,
      859, 863, 861, -1,
      864, 865, 858, -1,
      862, 866, 859, -1,
      859, 866, 867, -1,
      859, 867, 858, -1,
      858, 867, 868, -1,
      858, 868, 864, -1,
      865, 869, 858, -1,
      858, 869, 870, -1,
      858, 870, 139, -1,
      139, 870, 871, -1,
      139, 871, 138, -1,
      137, 136, 872, -1,
      857, 873, 874, -1,
      856, 875, 876, -1,
      874, 877, 857, -1,
      857, 877, 878, -1,
      857, 878, 143, -1,
      143, 878, 879, -1,
      143, 879, 142, -1,
      137, 872, 856, -1,
      856, 872, 880, -1,
      856, 880, 875, -1,
      876, 881, 856, -1,
      856, 881, 882, -1,
      856, 882, 857, -1,
      857, 882, 883, -1,
      857, 883, 873, -1,
      884, 885, 86, -1,
      86, 885, 87, -1,
      307, 886, 251, -1,
      251, 886, 147, -1,
      251, 147, 85, -1,
      85, 147, 145, -1,
      85, 145, 86, -1,
      86, 145, 884, -1,
      87, 885, 95, -1,
      95, 885, 151, -1,
      95, 151, 252, -1,
      252, 151, 149, -1,
      252, 149, 291, -1,
      291, 149, 887, -1,
      149, 148, 888, -1,
      887, 889, 890, -1,
      149, 888, 887, -1,
      887, 888, 891, -1,
      887, 891, 889, -1,
      892, 893, 886, -1,
      890, 894, 887, -1,
      887, 894, 895, -1,
      887, 895, 886, -1,
      886, 895, 896, -1,
      886, 896, 892, -1,
      893, 897, 886, -1,
      886, 897, 898, -1,
      886, 898, 147, -1,
      147, 898, 899, -1,
      147, 899, 146, -1,
      145, 144, 900, -1,
      884, 901, 902, -1,
      145, 900, 884, -1,
      884, 900, 903, -1,
      884, 903, 901, -1,
      904, 905, 885, -1,
      902, 906, 884, -1,
      884, 906, 907, -1,
      884, 907, 885, -1,
      885, 907, 908, -1,
      885, 908, 904, -1,
      905, 909, 885, -1,
      885, 909, 910, -1,
      885, 910, 151, -1,
      151, 910, 911, -1,
      151, 911, 150, -1,
      912, 913, 88, -1,
      88, 913, 83, -1,
      311, 914, 249, -1,
      249, 914, 155, -1,
      249, 155, 89, -1,
      89, 155, 153, -1,
      89, 153, 88, -1,
      88, 153, 912, -1,
      83, 913, 84, -1,
      84, 913, 159, -1,
      84, 159, 250, -1,
      250, 159, 157, -1,
      250, 157, 310, -1,
      310, 157, 915, -1,
      157, 156, 916, -1,
      157, 916, 915, -1,
      916, 917, 915, -1,
      915, 917, 918, -1,
      915, 918, 919, -1,
      914, 920, 921, -1,
      921, 922, 914, -1,
      914, 922, 923, -1,
      914, 923, 155, -1,
      155, 923, 924, -1,
      155, 924, 154, -1,
      919, 925, 915, -1,
      915, 925, 926, -1,
      915, 926, 914, -1,
      914, 926, 927, -1,
      914, 927, 920, -1,
      153, 152, 928, -1,
      153, 928, 912, -1,
      928, 929, 912, -1,
      912, 929, 930, -1,
      912, 930, 931, -1,
      913, 932, 933, -1,
      933, 934, 913, -1,
      913, 934, 935, -1,
      913, 935, 159, -1,
      159, 935, 936, -1,
      159, 936, 158, -1,
      931, 937, 912, -1,
      912, 937, 938, -1,
      912, 938, 913, -1,
      913, 938, 939, -1,
      913, 939, 932, -1,
      940, 941, 75, -1,
      75, 941, 76, -1,
      301, 942, 247, -1,
      247, 942, 163, -1,
      247, 163, 74, -1,
      74, 163, 161, -1,
      74, 161, 75, -1,
      75, 161, 940, -1,
      76, 941, 90, -1,
      90, 941, 167, -1,
      90, 167, 248, -1,
      248, 167, 165, -1,
      248, 165, 317, -1,
      317, 165, 943, -1,
      165, 164, 944, -1,
      945, 946, 943, -1,
      165, 944, 943, -1,
      943, 944, 947, -1,
      943, 947, 945, -1,
      946, 948, 943, -1,
      943, 948, 949, -1,
      943, 949, 942, -1,
      949, 950, 942, -1,
      942, 950, 951, -1,
      942, 951, 952, -1,
      952, 953, 942, -1,
      942, 953, 954, -1,
      942, 954, 163, -1,
      163, 954, 955, -1,
      163, 955, 162, -1,
      161, 160, 956, -1,
      161, 956, 940, -1,
      956, 957, 940, -1,
      940, 957, 958, -1,
      940, 958, 959, -1,
      941, 960, 961, -1,
      959, 962, 940, -1,
      940, 962, 963, -1,
      940, 963, 941, -1,
      941, 963, 964, -1,
      941, 964, 960, -1,
      961, 965, 941, -1,
      941, 965, 966, -1,
      941, 966, 167, -1,
      167, 966, 967, -1,
      167, 967, 166, -1,
      968, 969, 78, -1,
      78, 969, 72, -1,
      294, 970, 244, -1,
      244, 970, 171, -1,
      244, 171, 80, -1,
      80, 171, 169, -1,
      80, 169, 78, -1,
      78, 169, 968, -1,
      72, 969, 73, -1,
      73, 969, 175, -1,
      73, 175, 246, -1,
      246, 175, 173, -1,
      246, 173, 293, -1,
      293, 173, 971, -1,
      970, 972, 973, -1,
      173, 172, 974, -1,
      971, 975, 976, -1,
      976, 977, 971, -1,
      971, 977, 978, -1,
      971, 978, 970, -1,
      970, 978, 979, -1,
      970, 979, 972, -1,
      973, 980, 970, -1,
      970, 980, 981, -1,
      970, 981, 171, -1,
      171, 981, 982, -1,
      171, 982, 170, -1,
      173, 974, 971, -1,
      971, 974, 983, -1,
      971, 983, 975, -1,
      169, 168, 984, -1,
      968, 985, 986, -1,
      969, 987, 988, -1,
      169, 984, 968, -1,
      968, 984, 989, -1,
      968, 989, 985, -1,
      986, 990, 968, -1,
      968, 990, 991, -1,
      968, 991, 969, -1,
      969, 991, 992, -1,
      969, 992, 987, -1,
      988, 993, 969, -1,
      969, 993, 994, -1,
      969, 994, 175, -1,
      175, 994, 995, -1,
      175, 995, 174, -1,
      996, 997, 8, -1,
      8, 997, 9, -1,
      292, 998, 243, -1,
      243, 998, 179, -1,
      243, 179, 4, -1,
      4, 179, 177, -1,
      4, 177, 8, -1,
      8, 177, 996, -1,
      9, 997, 17, -1,
      17, 997, 183, -1,
      17, 183, 256, -1,
      256, 183, 181, -1,
      256, 181, 304, -1,
      304, 181, 999, -1,
      181, 180, 1000, -1,
      998, 1001, 1002, -1,
      1002, 1003, 998, -1,
      998, 1003, 1004, -1,
      998, 1004, 179, -1,
      179, 1004, 1005, -1,
      179, 1005, 178, -1,
      181, 1000, 999, -1,
      999, 1000, 1006, -1,
      999, 1006, 1007, -1,
      999, 1008, 998, -1,
      998, 1008, 1009, -1,
      998, 1009, 1001, -1,
      1007, 1010, 999, -1,
      999, 1010, 1011, -1,
      999, 1011, 1008, -1,
      177, 176, 1012, -1,
      1013, 1014, 996, -1,
      177, 1012, 996, -1,
      996, 1012, 1015, -1,
      996, 1015, 1013, -1,
      997, 1016, 183, -1,
      183, 1016, 1017, -1,
      183, 1017, 182, -1,
      1014, 1018, 996, -1,
      996, 1018, 1019, -1,
      996, 1019, 997, -1,
      997, 1019, 1020, -1,
      997, 1020, 1021, -1,
      1021, 1022, 997, -1,
      997, 1022, 1023, -1,
      997, 1023, 1016, -1,
      1024, 1025, 16, -1,
      16, 1025, 2, -1,
      303, 1026, 240, -1,
      240, 1026, 187, -1,
      240, 187, 14, -1,
      14, 187, 185, -1,
      14, 185, 16, -1,
      16, 185, 1024, -1,
      2, 1025, 3, -1,
      3, 1025, 191, -1,
      3, 191, 242, -1,
      242, 191, 189, -1,
      242, 189, 302, -1,
      302, 189, 1027, -1,
      189, 188, 1028, -1,
      1029, 1030, 1027, -1,
      1027, 1030, 1031, -1,
      189, 1028, 1027, -1,
      1027, 1028, 1032, -1,
      1027, 1032, 1029, -1,
      1031, 1033, 1027, -1,
      1027, 1033, 1034, -1,
      1027, 1034, 1026, -1,
      1026, 1034, 1035, -1,
      1026, 1035, 1036, -1,
      1036, 1037, 1026, -1,
      1026, 1037, 1038, -1,
      1026, 1038, 187, -1,
      187, 1038, 1039, -1,
      187, 1039, 186, -1,
      185, 184, 1040, -1,
      1024, 1041, 1042, -1,
      1043, 1044, 1025, -1,
      185, 1040, 1024, -1,
      1024, 1040, 1045, -1,
      1024, 1045, 1041, -1,
      1042, 1046, 1024, -1,
      1024, 1046, 1047, -1,
      1024, 1047, 1025, -1,
      1025, 1047, 1048, -1,
      1025, 1048, 1043, -1,
      1044, 1049, 1025, -1,
      1025, 1049, 1050, -1,
      1025, 1050, 191, -1,
      191, 1050, 1051, -1,
      191, 1051, 190, -1,
      302, 1027, 303, -1,
      303, 1027, 1026, -1,
      304, 999, 292, -1,
      292, 999, 998, -1,
      293, 971, 294, -1,
      294, 971, 970, -1,
      317, 943, 301, -1,
      301, 943, 942, -1,
      310, 915, 311, -1,
      311, 915, 914, -1,
      291, 887, 307, -1,
      307, 887, 886, -1,
      288, 859, 290, -1,
      290, 859, 858, -1,
      312, 831, 313, -1,
      313, 831, 830, -1,
      805, 319, 804, -1,
      804, 319, 318, -1,
      299, 777, 300, -1,
      300, 777, 776, -1,
      747, 297, 746, -1,
      746, 297, 321, -1,
      325, 715, 320, -1,
      320, 715, 712, -1,
      314, 683, 315, -1,
      315, 683, 680, -1,
      316, 651, 309, -1,
      309, 651, 648, -1,
      305, 619, 306, -1,
      306, 619, 616, -1,
      332, 587, 308, -1,
      308, 587, 584, -1,
      331, 555, 330, -1,
      330, 555, 552, -1,
      327, 523, 328, -1,
      328, 523, 520, -1,
      335, 491, 326, -1,
      326, 491, 488, -1,
      333, 459, 334, -1,
      334, 459, 456, -1,
      324, 427, 329, -1,
      329, 427, 424, -1,
      298, 397, 289, -1,
      289, 397, 396, -1,
      295, 369, 296, -1,
      296, 369, 368, -1,
      322, 341, 323, -1,
      323, 341, 338, -1,
      238, 239, 767, -1,
      767, 239, 760, -1,
      767, 760, 762, -1,
      762, 760, 759, -1,
      762, 759, 763, -1,
      763, 759, 758, -1,
      763, 758, 764, -1,
      764, 758, 757, -1,
      764, 757, 765, -1,
      765, 757, 756, -1,
      765, 756, 766, -1,
      766, 756, 755, -1,
      766, 755, 768, -1,
      768, 755, 754, -1,
      768, 754, 769, -1,
      769, 754, 753, -1,
      769, 753, 770, -1,
      770, 753, 751, -1,
      770, 751, 771, -1,
      771, 751, 750, -1,
      771, 750, 772, -1,
      772, 750, 752, -1,
      772, 752, 773, -1,
      773, 752, 749, -1,
      773, 749, 761, -1,
      761, 749, 748, -1,
      234, 235, 735, -1,
      735, 235, 728, -1,
      735, 728, 730, -1,
      730, 728, 727, -1,
      730, 727, 731, -1,
      731, 727, 726, -1,
      731, 726, 732, -1,
      732, 726, 722, -1,
      732, 722, 736, -1,
      736, 722, 721, -1,
      736, 721, 737, -1,
      737, 721, 725, -1,
      737, 725, 738, -1,
      738, 725, 724, -1,
      738, 724, 733, -1,
      733, 724, 723, -1,
      733, 723, 734, -1,
      734, 723, 719, -1,
      734, 719, 739, -1,
      739, 719, 718, -1,
      739, 718, 740, -1,
      740, 718, 720, -1,
      740, 720, 741, -1,
      741, 720, 717, -1,
      741, 717, 729, -1,
      729, 717, 716, -1,
      230, 231, 698, -1,
      698, 231, 689, -1,
      698, 689, 699, -1,
      699, 689, 688, -1,
      699, 688, 700, -1,
      700, 688, 693, -1,
      700, 693, 701, -1,
      701, 693, 692, -1,
      701, 692, 707, -1,
      707, 692, 691, -1,
      707, 691, 708, -1,
      708, 691, 696, -1,
      708, 696, 709, -1,
      709, 696, 695, -1,
      709, 695, 702, -1,
      702, 695, 694, -1,
      702, 694, 703, -1,
      703, 694, 687, -1,
      703, 687, 704, -1,
      704, 687, 686, -1,
      704, 686, 705, -1,
      705, 686, 690, -1,
      705, 690, 706, -1,
      706, 690, 685, -1,
      706, 685, 697, -1,
      697, 685, 684, -1,
      226, 227, 674, -1,
      674, 227, 664, -1,
      674, 664, 666, -1,
      666, 664, 663, -1,
      666, 663, 667, -1,
      667, 663, 662, -1,
      667, 662, 668, -1,
      668, 662, 658, -1,
      668, 658, 675, -1,
      675, 658, 657, -1,
      675, 657, 676, -1,
      676, 657, 661, -1,
      676, 661, 677, -1,
      677, 661, 660, -1,
      677, 660, 669, -1,
      669, 660, 659, -1,
      669, 659, 670, -1,
      670, 659, 655, -1,
      670, 655, 671, -1,
      671, 655, 654, -1,
      671, 654, 672, -1,
      672, 654, 656, -1,
      672, 656, 673, -1,
      673, 656, 653, -1,
      673, 653, 665, -1,
      665, 653, 652, -1,
      222, 223, 645, -1,
      645, 223, 632, -1,
      645, 632, 636, -1,
      636, 632, 631, -1,
      636, 631, 634, -1,
      634, 631, 630, -1,
      634, 630, 635, -1,
      635, 630, 621, -1,
      635, 621, 639, -1,
      639, 621, 620, -1,
      639, 620, 640, -1,
      640, 620, 629, -1,
      640, 629, 641, -1,
      641, 629, 628, -1,
      641, 628, 637, -1,
      637, 628, 627, -1,
      637, 627, 638, -1,
      638, 627, 625, -1,
      638, 625, 642, -1,
      642, 625, 624, -1,
      642, 624, 643, -1,
      643, 624, 626, -1,
      643, 626, 644, -1,
      644, 626, 623, -1,
      644, 623, 633, -1,
      633, 623, 622, -1,
      218, 219, 607, -1,
      607, 219, 600, -1,
      607, 600, 604, -1,
      604, 600, 599, -1,
      604, 599, 602, -1,
      602, 599, 598, -1,
      602, 598, 603, -1,
      603, 598, 589, -1,
      603, 589, 608, -1,
      608, 589, 588, -1,
      608, 588, 609, -1,
      609, 588, 597, -1,
      609, 597, 610, -1,
      610, 597, 596, -1,
      610, 596, 605, -1,
      605, 596, 595, -1,
      605, 595, 606, -1,
      606, 595, 590, -1,
      606, 590, 611, -1,
      611, 590, 591, -1,
      611, 591, 612, -1,
      612, 591, 592, -1,
      612, 592, 613, -1,
      613, 592, 593, -1,
      613, 593, 601, -1,
      601, 593, 594, -1,
      214, 215, 575, -1,
      575, 215, 567, -1,
      575, 567, 570, -1,
      570, 567, 566, -1,
      570, 566, 571, -1,
      571, 566, 565, -1,
      571, 565, 572, -1,
      572, 565, 557, -1,
      572, 557, 576, -1,
      576, 557, 556, -1,
      576, 556, 577, -1,
      577, 556, 564, -1,
      577, 564, 578, -1,
      578, 564, 563, -1,
      578, 563, 573, -1,
      573, 563, 562, -1,
      573, 562, 574, -1,
      574, 562, 561, -1,
      574, 561, 579, -1,
      579, 561, 560, -1,
      579, 560, 580, -1,
      580, 560, 568, -1,
      580, 568, 581, -1,
      581, 568, 559, -1,
      581, 559, 569, -1,
      569, 559, 558, -1,
      210, 211, 538, -1,
      538, 211, 534, -1,
      538, 534, 541, -1,
      541, 534, 533, -1,
      541, 533, 542, -1,
      542, 533, 536, -1,
      542, 536, 543, -1,
      543, 536, 535, -1,
      543, 535, 544, -1,
      544, 535, 532, -1,
      544, 532, 545, -1,
      545, 532, 531, -1,
      545, 531, 546, -1,
      546, 531, 530, -1,
      546, 530, 547, -1,
      547, 530, 529, -1,
      547, 529, 548, -1,
      548, 529, 528, -1,
      548, 528, 549, -1,
      549, 528, 527, -1,
      549, 527, 539, -1,
      539, 527, 526, -1,
      539, 526, 540, -1,
      540, 526, 525, -1,
      540, 525, 537, -1,
      537, 525, 524, -1,
      206, 207, 508, -1,
      508, 207, 504, -1,
      508, 504, 517, -1,
      517, 504, 503, -1,
      517, 503, 512, -1,
      512, 503, 502, -1,
      512, 502, 513, -1,
      513, 502, 501, -1,
      513, 501, 514, -1,
      514, 501, 500, -1,
      514, 500, 515, -1,
      515, 500, 499, -1,
      515, 499, 516, -1,
      516, 499, 498, -1,
      516, 498, 509, -1,
      509, 498, 497, -1,
      509, 497, 510, -1,
      510, 497, 496, -1,
      510, 496, 511, -1,
      511, 496, 495, -1,
      511, 495, 506, -1,
      506, 495, 494, -1,
      506, 494, 507, -1,
      507, 494, 493, -1,
      507, 493, 505, -1,
      505, 493, 492, -1,
      202, 203, 474, -1,
      474, 203, 472, -1,
      474, 472, 479, -1,
      479, 472, 471, -1,
      479, 471, 475, -1,
      475, 471, 470, -1,
      475, 470, 476, -1,
      476, 470, 465, -1,
      476, 465, 480, -1,
      480, 465, 464, -1,
      480, 464, 481, -1,
      481, 464, 469, -1,
      481, 469, 482, -1,
      482, 469, 468, -1,
      482, 468, 477, -1,
      477, 468, 467, -1,
      477, 467, 478, -1,
      478, 467, 463, -1,
      478, 463, 483, -1,
      483, 463, 462, -1,
      483, 462, 484, -1,
      484, 462, 466, -1,
      484, 466, 485, -1,
      485, 466, 461, -1,
      485, 461, 473, -1,
      473, 461, 460, -1,
      198, 199, 442, -1,
      442, 199, 440, -1,
      442, 440, 450, -1,
      450, 440, 439, -1,
      450, 439, 448, -1,
      448, 439, 438, -1,
      448, 438, 449, -1,
      449, 438, 437, -1,
      449, 437, 451, -1,
      451, 437, 436, -1,
      451, 436, 452, -1,
      452, 436, 435, -1,
      452, 435, 453, -1,
      453, 435, 434, -1,
      453, 434, 443, -1,
      443, 434, 433, -1,
      443, 433, 444, -1,
      444, 433, 431, -1,
      444, 431, 445, -1,
      445, 431, 430, -1,
      445, 430, 446, -1,
      446, 430, 432, -1,
      446, 432, 447, -1,
      447, 432, 429, -1,
      447, 429, 441, -1,
      441, 429, 428, -1,
      194, 195, 355, -1,
      355, 195, 353, -1,
      355, 353, 356, -1,
      356, 353, 352, -1,
      356, 352, 357, -1,
      357, 352, 351, -1,
      357, 351, 358, -1,
      358, 351, 349, -1,
      358, 349, 359, -1,
      359, 349, 348, -1,
      359, 348, 360, -1,
      360, 348, 347, -1,
      360, 347, 361, -1,
      361, 347, 346, -1,
      361, 346, 362, -1,
      362, 346, 345, -1,
      362, 345, 363, -1,
      363, 345, 344, -1,
      363, 344, 364, -1,
      364, 344, 350, -1,
      364, 350, 365, -1,
      365, 350, 343, -1,
      365, 343, 354, -1,
      354, 343, 342, -1,
      184, 186, 1040, -1,
      1040, 186, 1039, -1,
      1040, 1039, 1045, -1,
      1045, 1039, 1038, -1,
      1045, 1038, 1041, -1,
      1041, 1038, 1037, -1,
      1041, 1037, 1042, -1,
      1042, 1037, 1036, -1,
      1042, 1036, 1046, -1,
      1046, 1036, 1035, -1,
      1046, 1035, 1047, -1,
      1047, 1035, 1034, -1,
      1047, 1034, 1048, -1,
      1048, 1034, 1033, -1,
      1048, 1033, 1043, -1,
      1043, 1033, 1031, -1,
      1043, 1031, 1044, -1,
      1044, 1031, 1030, -1,
      1044, 1030, 1049, -1,
      1049, 1030, 1029, -1,
      1049, 1029, 1050, -1,
      1050, 1029, 1032, -1,
      1050, 1032, 1051, -1,
      1051, 1032, 1028, -1,
      1051, 1028, 190, -1,
      190, 1028, 188, -1,
      176, 178, 1012, -1,
      1012, 178, 1005, -1,
      1012, 1005, 1015, -1,
      1015, 1005, 1004, -1,
      1015, 1004, 1013, -1,
      1013, 1004, 1003, -1,
      1013, 1003, 1014, -1,
      1014, 1003, 1002, -1,
      1014, 1002, 1018, -1,
      1018, 1002, 1001, -1,
      1018, 1001, 1019, -1,
      1019, 1001, 1009, -1,
      1019, 1009, 1020, -1,
      1020, 1009, 1008, -1,
      1020, 1008, 1021, -1,
      1021, 1008, 1011, -1,
      1021, 1011, 1022, -1,
      1022, 1011, 1010, -1,
      1022, 1010, 1023, -1,
      1023, 1010, 1007, -1,
      1023, 1007, 1016, -1,
      1016, 1007, 1006, -1,
      1016, 1006, 1017, -1,
      1017, 1006, 1000, -1,
      1017, 1000, 182, -1,
      182, 1000, 180, -1,
      168, 170, 984, -1,
      984, 170, 982, -1,
      984, 982, 989, -1,
      989, 982, 981, -1,
      989, 981, 985, -1,
      985, 981, 980, -1,
      985, 980, 986, -1,
      986, 980, 973, -1,
      986, 973, 990, -1,
      990, 973, 972, -1,
      990, 972, 991, -1,
      991, 972, 979, -1,
      991, 979, 992, -1,
      992, 979, 978, -1,
      992, 978, 987, -1,
      987, 978, 977, -1,
      987, 977, 988, -1,
      988, 977, 976, -1,
      988, 976, 993, -1,
      993, 976, 975, -1,
      993, 975, 994, -1,
      994, 975, 983, -1,
      994, 983, 995, -1,
      995, 983, 974, -1,
      995, 974, 174, -1,
      174, 974, 172, -1,
      160, 162, 956, -1,
      956, 162, 955, -1,
      956, 955, 957, -1,
      957, 955, 954, -1,
      957, 954, 958, -1,
      958, 954, 953, -1,
      958, 953, 959, -1,
      959, 953, 952, -1,
      959, 952, 962, -1,
      962, 952, 951, -1,
      962, 951, 963, -1,
      963, 951, 950, -1,
      963, 950, 964, -1,
      964, 950, 949, -1,
      964, 949, 960, -1,
      960, 949, 948, -1,
      960, 948, 961, -1,
      961, 948, 946, -1,
      961, 946, 965, -1,
      965, 946, 945, -1,
      965, 945, 966, -1,
      966, 945, 947, -1,
      966, 947, 967, -1,
      967, 947, 944, -1,
      967, 944, 166, -1,
      166, 944, 164, -1,
      152, 154, 928, -1,
      928, 154, 924, -1,
      928, 924, 929, -1,
      929, 924, 923, -1,
      929, 923, 930, -1,
      930, 923, 922, -1,
      930, 922, 931, -1,
      931, 922, 921, -1,
      931, 921, 937, -1,
      937, 921, 920, -1,
      937, 920, 938, -1,
      938, 920, 927, -1,
      938, 927, 939, -1,
      939, 927, 926, -1,
      939, 926, 932, -1,
      932, 926, 925, -1,
      932, 925, 933, -1,
      933, 925, 919, -1,
      933, 919, 934, -1,
      934, 919, 918, -1,
      934, 918, 935, -1,
      935, 918, 917, -1,
      935, 917, 936, -1,
      936, 917, 916, -1,
      936, 916, 158, -1,
      158, 916, 156, -1,
      144, 146, 900, -1,
      900, 146, 899, -1,
      900, 899, 903, -1,
      903, 899, 898, -1,
      903, 898, 901, -1,
      901, 898, 897, -1,
      901, 897, 902, -1,
      902, 897, 893, -1,
      902, 893, 906, -1,
      906, 893, 892, -1,
      906, 892, 907, -1,
      907, 892, 896, -1,
      907, 896, 908, -1,
      908, 896, 895, -1,
      908, 895, 904, -1,
      904, 895, 894, -1,
      904, 894, 905, -1,
      905, 894, 890, -1,
      905, 890, 909, -1,
      909, 890, 889, -1,
      909, 889, 910, -1,
      910, 889, 891, -1,
      910, 891, 911, -1,
      911, 891, 888, -1,
      911, 888, 150, -1,
      150, 888, 148, -1,
      136, 138, 872, -1,
      872, 138, 871, -1,
      872, 871, 880, -1,
      880, 871, 870, -1,
      880, 870, 875, -1,
      875, 870, 869, -1,
      875, 869, 876, -1,
      876, 869, 865, -1,
      876, 865, 881, -1,
      881, 865, 864, -1,
      881, 864, 882, -1,
      882, 864, 868, -1,
      882, 868, 883, -1,
      883, 868, 867, -1,
      883, 867, 873, -1,
      873, 867, 866, -1,
      873, 866, 874, -1,
      874, 866, 862, -1,
      874, 862, 877, -1,
      877, 862, 861, -1,
      877, 861, 878, -1,
      878, 861, 863, -1,
      878, 863, 879, -1,
      879, 863, 860, -1,
      879, 860, 142, -1,
      142, 860, 140, -1,
      128, 130, 844, -1,
      844, 130, 840, -1,
      844, 840, 847, -1,
      847, 840, 839, -1,
      847, 839, 845, -1,
      845, 839, 838, -1,
      845, 838, 846, -1,
      846, 838, 837, -1,
      846, 837, 853, -1,
      853, 837, 836, -1,
      853, 836, 854, -1,
      854, 836, 843, -1,
      854, 843, 855, -1,
      855, 843, 842, -1,
      855, 842, 848, -1,
      848, 842, 841, -1,
      848, 841, 849, -1,
      849, 841, 834, -1,
      849, 834, 850, -1,
      850, 834, 833, -1,
      850, 833, 851, -1,
      851, 833, 835, -1,
      851, 835, 852, -1,
      852, 835, 832, -1,
      852, 832, 134, -1,
      134, 832, 132, -1,
      120, 122, 817, -1,
      817, 122, 816, -1,
      817, 816, 821, -1,
      821, 816, 815, -1,
      821, 815, 818, -1,
      818, 815, 814, -1,
      818, 814, 819, -1,
      819, 814, 812, -1,
      819, 812, 820, -1,
      820, 812, 811, -1,
      820, 811, 822, -1,
      822, 811, 810, -1,
      822, 810, 823, -1,
      823, 810, 809, -1,
      823, 809, 824, -1,
      824, 809, 808, -1,
      824, 808, 825, -1,
      825, 808, 807, -1,
      825, 807, 826, -1,
      826, 807, 813, -1,
      826, 813, 827, -1,
      827, 813, 806, -1,
      827, 806, 126, -1,
      126, 806, 124, -1,
      112, 114, 790, -1,
      790, 114, 787, -1,
      790, 787, 793, -1,
      793, 787, 786, -1,
      793, 786, 794, -1,
      794, 786, 789, -1,
      794, 789, 795, -1,
      795, 789, 788, -1,
      795, 788, 796, -1,
      796, 788, 785, -1,
      796, 785, 797, -1,
      797, 785, 784, -1,
      797, 784, 798, -1,
      798, 784, 783, -1,
      798, 783, 799, -1,
      799, 783, 782, -1,
      799, 782, 800, -1,
      800, 782, 781, -1,
      800, 781, 801, -1,
      801, 781, 780, -1,
      801, 780, 791, -1,
      791, 780, 779, -1,
      791, 779, 792, -1,
      792, 779, 778, -1,
      792, 778, 118, -1,
      118, 778, 116, -1,
      104, 106, 415, -1,
      415, 106, 405, -1,
      415, 405, 414, -1,
      414, 405, 404, -1,
      414, 404, 413, -1,
      413, 404, 403, -1,
      413, 403, 412, -1,
      412, 403, 399, -1,
      412, 399, 416, -1,
      416, 399, 398, -1,
      416, 398, 417, -1,
      417, 398, 409, -1,
      417, 409, 418, -1,
      418, 409, 408, -1,
      418, 408, 410, -1,
      410, 408, 407, -1,
      410, 407, 411, -1,
      411, 407, 400, -1,
      411, 400, 419, -1,
      419, 400, 401, -1,
      419, 401, 420, -1,
      420, 401, 402, -1,
      420, 402, 421, -1,
      421, 402, 406, -1,
      421, 406, 110, -1,
      110, 406, 108, -1,
      96, 98, 382, -1,
      382, 98, 380, -1,
      382, 380, 387, -1,
      387, 380, 379, -1,
      387, 379, 383, -1,
      383, 379, 378, -1,
      383, 378, 384, -1,
      384, 378, 371, -1,
      384, 371, 388, -1,
      388, 371, 370, -1,
      388, 370, 389, -1,
      389, 370, 377, -1,
      389, 377, 390, -1,
      390, 377, 376, -1,
      390, 376, 385, -1,
      385, 376, 375, -1,
      385, 375, 386, -1,
      386, 375, 374, -1,
      386, 374, 391, -1,
      391, 374, 373, -1,
      391, 373, 392, -1,
      392, 373, 381, -1,
      392, 381, 393, -1,
      393, 381, 372, -1,
      393, 372, 102, -1,
      102, 372, 100, -1,
    ]
  }
}

Shape {
  appearance Appearance {
    material Material {
      diffuseColor 0.0000 0.0000 0.0000
      specularColor 0.0000 0.0000 0.0000
      ambientIntensity 0.2
      transparency 0.0000
      shininess 0.5
    }
  }
  geometry IndexedFaceSet {
    ccw TRUE
    solid FALSE
    coord DEF co Coordinate {
      point [
        -0.132989 0.157808 0.000000,
        -0.244093 0.157808 0.000000,
        -0.300971 0.151728 0.000000,
        -0.347035 0.135553 0.000000,
        -0.627516 0.157808 0.000000,
        -0.389886 0.106836 0.000000,
        -0.240041 -0.235893 0.000000,
        -0.132989 -0.235893 0.000000,
        -0.390298 0.106474 0.000000,
        -0.418138 0.075603 0.000000,
        -0.436435 0.041744 0.000000,
        -0.447009 0.002954 0.000000,
        -0.449870 -0.034091 0.000000,
        -0.478678 -0.235893 0.000000,
        -0.833969 -0.235893 0.000000,
        -0.776354 -0.235893 0.000000,
        -0.444345 -0.086780 0.000000,
        -0.430211 -0.127988 0.000000,
        -0.407633 -0.163202 0.000000,
        -0.680329 0.157808 0.000000,
        -0.375228 -0.194230 0.000000,
        -0.334120 -0.218119 0.000000,
        -0.288755 -0.231641 0.000000,
        -0.536292 -0.235893 0.000000,
        -0.573877 -0.125465 0.000000,
        -0.736519 -0.125465 0.000000,
        0.313653 -0.238293 0.000000,
        0.329467 -0.240509 0.000000,
        0.340232 -0.240694 0.000000,
        0.363385 -0.238293 0.000000,
        0.155085 0.157808 0.000000,
        0.231904 -0.172276 0.000000,
        0.155085 -0.235893 0.000000,
        0.231904 -0.215487 0.000000,
        0.273871 -0.232719 0.000000,
        -0.056169 -0.235893 0.000000,
        -0.056169 -0.192681 0.000000,
        -0.046567 0.157808 0.000000,
        0.362870 0.115044 0.000000,
        0.392338 0.104410 0.000000,
        0.238961 -0.176185 0.000000,
        0.419588 0.086180 0.000000,
        0.443363 0.059933 0.000000,
        0.471966 -0.043243 0.000000,
        0.467980 -0.085864 0.000000,
        0.457283 -0.119728 0.000000,
        0.369677 -0.193364 0.000000,
        0.332955 -0.197483 0.000000,
        0.398363 -0.182803 0.000000,
        0.422526 -0.166517 0.000000,
        0.441000 -0.147027 0.000000,
        0.280695 -0.191682 0.000000,
        0.459594 0.029535 0.000000,
        0.470088 -0.012611 0.000000,
        -0.046567 0.114597 0.000000,
        0.504002 0.054113 0.000000,
        0.480926 0.090921 0.000000,
        0.707226 0.157808 0.000000,
        0.760040 0.157808 0.000000,
        0.760040 -0.235893 0.000000,
        0.558388 -0.235893 0.000000,
        0.388750 -0.235663 0.000000,
        0.426909 -0.222529 0.000000,
        -0.036965 -0.058247 0.000000,
        0.102271 -0.058247 0.000000,
        0.102271 -0.192681 0.000000,
        0.445381 0.125105 0.000000,
        -0.036965 -0.015036 0.000000,
        0.102271 -0.015036 0.000000,
        0.102271 0.114597 0.000000,
        0.458578 -0.202306 0.000000,
        0.488150 -0.171173 0.000000,
        0.558388 -0.192681 0.000000,
        0.509124 -0.133738 0.000000,
        0.707226 -0.192681 0.000000,
        0.520972 -0.092065 0.000000,
        0.524780 -0.046469 0.000000,
        0.519116 0.009503 0.000000,
        0.407986 0.146630 0.000000,
        0.364096 0.159381 0.000000,
        0.324553 0.162609 0.000000,
        0.277423 0.159357 0.000000,
        0.231904 0.147006 0.000000,
        0.231904 0.094192 0.000000,
        0.276251 0.113181 0.000000,
        0.324103 0.119398 0.000000,
        -0.587155 -0.082254 0.003937,
        -0.573877 -0.125465 0.003937,
        -0.718814 -0.082254 0.003937,
        -0.736519 -0.125465 0.003937,
        -0.645895 0.082189 0.003937,
        -0.627516 0.157808 0.003937,
        -0.478678 -0.235893 0.003937,
        -0.536292 -0.235893 0.003937,
        -0.649684 0.095843 0.003937,
        -0.652197 0.109796 0.003937,
        -0.680329 0.157808 0.003937,
        -0.653472 0.109796 0.003937,
        -0.656041 0.095885 0.003937,
        -0.659549 0.082189 0.003937,
        -0.833969 -0.235893 0.003937,
        -0.776354 -0.235893 0.003937,
        -0.659549 0.082189 0.000000,
        -0.656041 0.095885 0.000000,
        -0.653472 0.109796 0.000000,
        -0.652197 0.109796 0.000000,
        -0.649684 0.095843 0.000000,
        -0.645895 0.082189 0.000000,
        -0.587155 -0.082254 0.000000,
        -0.718814 -0.082254 0.000000,
        -0.244093 0.157808 0.003937,
        -0.132989 0.157808 0.003937,
        -0.300971 0.151728 0.003937,
        -0.347035 0.135553 0.003937,
        -0.389886 0.106836 0.003937,
        -0.390298 0.106474 0.003937,
        -0.418138 0.075603 0.003937,
        -0.436435 0.041744 0.003937,
        -0.447009 0.002954 0.003937,
        -0.449870 -0.034091 0.003937,
        -0.444345 -0.086780 0.003937,
        -0.430211 -0.127988 0.003937,
        -0.407633 -0.163202 0.003937,
        -0.375228 -0.194230 0.003937,
        -0.334120 -0.218119 0.003937,
        -0.288755 -0.231641 0.003937,
        -0.240041 -0.235893 0.003937,
        -0.132989 -0.235893 0.003937,
        -0.370844 0.059388 0.003937,
        -0.351721 0.079693 0.003937,
        -0.322963 0.098271 0.003937,
        -0.290465 0.109644 0.003937,
        -0.243867 0.114597 0.003937,
        -0.185802 0.114597 0.003937,
        -0.185802 -0.192681 0.003937,
        -0.241692 -0.192681 0.003937,
        -0.283228 -0.188816 0.003937,
        -0.316358 -0.178474 0.003937,
        -0.343208 -0.162530 0.003937,
        -0.365289 -0.140720 0.003937,
        -0.381895 -0.113576 0.003937,
        -0.393442 -0.076568 0.003937,
        -0.397057 -0.035216 0.003937,
        -0.393712 0.003967 0.003937,
        -0.384521 0.035106 0.003937,
        -0.241692 -0.192681 0.000000,
        -0.185802 -0.192681 0.000000,
        -0.283228 -0.188816 0.000000,
        -0.316358 -0.178474 0.000000,
        -0.343208 -0.162530 0.000000,
        -0.365289 -0.140720 0.000000,
        -0.381895 -0.113576 0.000000,
        -0.393442 -0.076568 0.000000,
        -0.397057 -0.035216 0.000000,
        -0.393712 0.003967 0.000000,
        -0.384521 0.035106 0.000000,
        -0.370844 0.059388 0.000000,
        -0.351721 0.079693 0.000000,
        -0.322963 0.098271 0.000000,
        -0.290465 0.109644 0.000000,
        -0.243867 0.114597 0.000000,
        -0.185802 0.114597 0.000000,
        0.155085 0.157808 0.003937,
        0.155085 -0.235893 0.003937,
        -0.046567 0.157808 0.003937,
        -0.046567 0.114597 0.003937,
        0.102271 0.114597 0.003937,
        0.102271 -0.015036 0.003937,
        -0.036965 -0.015036 0.003937,
        -0.036965 -0.058247 0.003937,
        0.102271 -0.058247 0.003937,
        0.102271 -0.192681 0.003937,
        -0.056169 -0.192681 0.003937,
        -0.056169 -0.235893 0.003937,
        0.340232 -0.240694 0.003937,
        0.388750 -0.235663 0.003937,
        0.426909 -0.222529 0.003937,
        0.458578 -0.202306 0.003937,
        0.488150 -0.171173 0.003937,
        0.509124 -0.133738 0.003937,
        0.520972 -0.092065 0.003937,
        0.524780 -0.046469 0.003937,
        0.519116 0.009503 0.003937,
        0.504002 0.054113 0.003937,
        0.480926 0.090921 0.003937,
        0.445381 0.125105 0.003937,
        0.407986 0.146630 0.003937,
        0.364096 0.159381 0.003937,
        0.324553 0.162609 0.003937,
        0.277423 0.159357 0.003937,
        0.231904 0.147006 0.003937,
        0.231904 0.094192 0.003937,
        0.276251 0.113181 0.003937,
        0.324103 0.119398 0.003937,
        0.362870 0.115044 0.003937,
        0.392338 0.104410 0.003937,
        0.419588 0.086180 0.003937,
        0.443363 0.059933 0.003937,
        0.459594 0.029535 0.003937,
        0.470088 -0.012611 0.003937,
        0.471966 -0.043243 0.003937,
        0.467980 -0.085864 0.003937,
        0.457283 -0.119728 0.003937,
        0.441000 -0.147027 0.003937,
        0.422526 -0.166517 0.003937,
        0.398363 -0.182803 0.003937,
        0.369677 -0.193364 0.003937,
        0.332955 -0.197483 0.003937,
        0.280695 -0.191682 0.003937,
        0.238961 -0.176185 0.003937,
        0.231904 -0.172276 0.003937,
        0.231904 -0.215487 0.003937,
        0.273871 -0.232719 0.003937,
        0.329467 -0.240509 0.003937,
        0.760040 0.157808 0.003937,
        0.760040 -0.235893 0.003937,
        0.707226 0.157808 0.003937,
        0.707226 -0.192681 0.003937,
        0.558388 -0.192681 0.003937,
        0.558388 -0.235893 0.003937,
      ]
    }
    coordIndex [
      86, 87, 88, -1,
      88, 87, 89, -1,
      90, 91, 86, -1,
      86, 91, 92, -1,
      86, 92, 87, -1,
      87, 92, 93, -1,
      90, 94, 91, -1,
      91, 94, 95, -1,
      91, 95, 96, -1,
      96, 95, 97, -1,
      96, 97, 98, -1,
      98, 99, 96, -1,
      96, 99, 88, -1,
      96, 88, 100, -1,
      100, 88, 89, -1,
      100, 89, 101, -1,
      89, 25, 101, -1,
      101, 25, 15, -1,
      87, 24, 89, -1,
      89, 24, 25, -1,
      93, 23, 87, -1,
      87, 23, 24, -1,
      92, 13, 93, -1,
      93, 13, 23, -1,
      91, 4, 92, -1,
      92, 4, 13, -1,
      96, 19, 91, -1,
      91, 19, 4, -1,
      100, 14, 96, -1,
      96, 14, 19, -1,
      100, 101, 14, -1,
      14, 101, 15, -1,
      102, 99, 98, -1,
      102, 98, 103, -1,
      103, 98, 97, -1,
      103, 97, 104, -1,
      95, 105, 97, -1,
      97, 105, 104, -1,
      105, 95, 94, -1,
      105, 94, 106, -1,
      106, 94, 90, -1,
      106, 90, 107, -1,
      86, 108, 90, -1,
      90, 108, 107, -1,
      88, 109, 86, -1,
      86, 109, 108, -1,
      102, 109, 99, -1,
      99, 109, 88, -1,
      110, 1, 111, -1,
      111, 1, 0, -1,
      1, 110, 112, -1,
      1, 112, 2, -1,
      2, 112, 113, -1,
      2, 113, 3, -1,
      3, 113, 114, -1,
      3, 114, 5, -1,
      5, 114, 115, -1,
      5, 115, 8, -1,
      8, 115, 116, -1,
      8, 116, 9, -1,
      9, 116, 117, -1,
      9, 117, 10, -1,
      10, 117, 118, -1,
      10, 118, 11, -1,
      11, 118, 119, -1,
      11, 119, 12, -1,
      12, 119, 120, -1,
      12, 120, 16, -1,
      16, 120, 121, -1,
      16, 121, 17, -1,
      17, 121, 122, -1,
      17, 122, 18, -1,
      18, 122, 123, -1,
      18, 123, 20, -1,
      20, 123, 124, -1,
      20, 124, 21, -1,
      21, 124, 125, -1,
      21, 125, 22, -1,
      22, 125, 126, -1,
      22, 126, 6, -1,
      127, 7, 126, -1,
      126, 7, 6, -1,
      127, 111, 7, -1,
      7, 111, 0, -1,
      117, 116, 128, -1,
      128, 116, 115, -1,
      128, 115, 129, -1,
      129, 115, 114, -1,
      129, 114, 130, -1,
      130, 114, 113, -1,
      130, 113, 131, -1,
      131, 113, 112, -1,
      131, 112, 132, -1,
      132, 112, 110, -1,
      132, 110, 133, -1,
      133, 110, 111, -1,
      133, 111, 134, -1,
      134, 111, 127, -1,
      134, 127, 135, -1,
      135, 127, 126, -1,
      135, 126, 136, -1,
      136, 126, 125, -1,
      136, 125, 137, -1,
      137, 125, 124, -1,
      137, 124, 138, -1,
      138, 124, 123, -1,
      138, 123, 139, -1,
      139, 123, 122, -1,
      139, 122, 140, -1,
      140, 122, 121, -1,
      140, 121, 141, -1,
      141, 121, 120, -1,
      141, 120, 142, -1,
      142, 120, 119, -1,
      142, 119, 143, -1,
      143, 119, 118, -1,
      143, 118, 144, -1,
      144, 118, 117, -1,
      144, 117, 128, -1,
      135, 145, 134, -1,
      134, 145, 146, -1,
      145, 135, 136, -1,
      145, 136, 147, -1,
      147, 136, 137, -1,
      147, 137, 148, -1,
      148, 137, 138, -1,
      148, 138, 149, -1,
      149, 138, 139, -1,
      149, 139, 150, -1,
      150, 139, 140, -1,
      150, 140, 151, -1,
      151, 140, 141, -1,
      151, 141, 152, -1,
      152, 141, 142, -1,
      152, 142, 153, -1,
      153, 142, 143, -1,
      153, 143, 154, -1,
      154, 143, 144, -1,
      154, 144, 155, -1,
      155, 144, 128, -1,
      155, 128, 156, -1,
      156, 128, 129, -1,
      156, 129, 157, -1,
      157, 129, 130, -1,
      157, 130, 158, -1,
      158, 130, 131, -1,
      158, 131, 159, -1,
      159, 131, 132, -1,
      159, 132, 160, -1,
      133, 161, 132, -1,
      132, 161, 160, -1,
      146, 161, 134, -1,
      134, 161, 133, -1,
      162, 30, 163, -1,
      163, 30, 32, -1,
      164, 37, 162, -1,
      162, 37, 30, -1,
      165, 54, 164, -1,
      164, 54, 37, -1,
      166, 69, 165, -1,
      165, 69, 54, -1,
      167, 68, 166, -1,
      166, 68, 69, -1,
      168, 67, 167, -1,
      167, 67, 68, -1,
      169, 63, 168, -1,
      168, 63, 67, -1,
      170, 64, 169, -1,
      169, 64, 63, -1,
      171, 65, 170, -1,
      170, 65, 64, -1,
      172, 36, 171, -1,
      171, 36, 65, -1,
      173, 35, 172, -1,
      172, 35, 36, -1,
      173, 163, 35, -1,
      35, 163, 32, -1,
      163, 173, 172, -1,
      172, 171, 163, -1,
      163, 171, 170, -1,
      163, 170, 162, -1,
      165, 164, 166, -1,
      166, 164, 162, -1,
      166, 162, 167, -1,
      167, 162, 170, -1,
      167, 170, 168, -1,
      168, 170, 169, -1,
      28, 174, 29, -1,
      29, 174, 175, -1,
      29, 175, 61, -1,
      61, 175, 176, -1,
      61, 176, 62, -1,
      62, 176, 177, -1,
      62, 177, 70, -1,
      70, 177, 178, -1,
      70, 178, 71, -1,
      71, 178, 179, -1,
      71, 179, 73, -1,
      73, 179, 180, -1,
      73, 180, 75, -1,
      75, 180, 181, -1,
      75, 181, 76, -1,
      76, 181, 182, -1,
      76, 182, 77, -1,
      77, 182, 183, -1,
      77, 183, 55, -1,
      55, 183, 184, -1,
      55, 184, 56, -1,
      56, 184, 185, -1,
      56, 185, 66, -1,
      66, 185, 186, -1,
      66, 186, 78, -1,
      78, 186, 187, -1,
      78, 187, 79, -1,
      79, 187, 188, -1,
      79, 188, 80, -1,
      80, 188, 189, -1,
      80, 189, 81, -1,
      81, 189, 190, -1,
      81, 190, 82, -1,
      191, 83, 190, -1,
      190, 83, 82, -1,
      83, 191, 192, -1,
      83, 192, 84, -1,
      84, 192, 193, -1,
      84, 193, 85, -1,
      85, 193, 194, -1,
      85, 194, 38, -1,
      38, 194, 195, -1,
      38, 195, 39, -1,
      39, 195, 196, -1,
      39, 196, 41, -1,
      41, 196, 197, -1,
      41, 197, 42, -1,
      42, 197, 198, -1,
      42, 198, 52, -1,
      52, 198, 199, -1,
      52, 199, 53, -1,
      53, 199, 200, -1,
      53, 200, 43, -1,
      43, 200, 201, -1,
      43, 201, 44, -1,
      44, 201, 202, -1,
      44, 202, 45, -1,
      45, 202, 203, -1,
      45, 203, 50, -1,
      50, 203, 204, -1,
      50, 204, 49, -1,
      49, 204, 205, -1,
      49, 205, 48, -1,
      48, 205, 206, -1,
      48, 206, 46, -1,
      46, 206, 207, -1,
      46, 207, 47, -1,
      47, 207, 208, -1,
      47, 208, 51, -1,
      51, 208, 209, -1,
      51, 209, 40, -1,
      40, 209, 210, -1,
      40, 210, 31, -1,
      211, 33, 210, -1,
      210, 33, 31, -1,
      34, 33, 212, -1,
      212, 33, 211, -1,
      34, 212, 26, -1,
      26, 212, 213, -1,
      26, 213, 27, -1,
      27, 213, 174, -1,
      27, 174, 28, -1,
      206, 174, 207, -1,
      207, 174, 213, -1,
      207, 213, 208, -1,
      208, 213, 212, -1,
      208, 212, 209, -1,
      209, 212, 211, -1,
      209, 211, 210, -1,
      191, 190, 192, -1,
      192, 190, 189, -1,
      192, 189, 193, -1,
      193, 189, 188, -1,
      193, 188, 194, -1,
      194, 188, 187, -1,
      194, 187, 195, -1,
      195, 187, 186, -1,
      195, 186, 196, -1,
      196, 186, 185, -1,
      196, 185, 197, -1,
      197, 185, 184, -1,
      197, 184, 198, -1,
      198, 184, 183, -1,
      198, 183, 199, -1,
      199, 183, 182, -1,
      199, 182, 200, -1,
      200, 182, 181, -1,
      200, 181, 201, -1,
      201, 181, 180, -1,
      201, 180, 202, -1,
      202, 180, 179, -1,
      202, 179, 203, -1,
      203, 179, 178, -1,
      203, 178, 204, -1,
      204, 178, 177, -1,
      204, 177, 205, -1,
      205, 177, 176, -1,
      205, 176, 206, -1,
      206, 176, 175, -1,
      206, 175, 174, -1,
      214, 58, 215, -1,
      215, 58, 59, -1,
      216, 57, 214, -1,
      214, 57, 58, -1,
      217, 74, 216, -1,
      216, 74, 57, -1,
      218, 72, 217, -1,
      217, 72, 74, -1,
      219, 60, 218, -1,
      218, 60, 72, -1,
      219, 215, 60, -1,
      60, 215, 59, -1,
      216, 214, 217, -1,
      217, 214, 215, -1,
      217, 215, 218, -1,
      218, 215, 219, -1,
    ]
  }
}

Shape {
  appearance Appearance {
    material Material {
      diffuseColor 0.0000 0.5020 0.0000
      specularColor 0.0000 0.2510 0.0000
      ambientIntensity 0.2
      transparency 0.0000
      shininess 0.5
    }
  }
  geometry IndexedFaceSet {
    ccw TRUE
    solid FALSE
    coord DEF co Coordinate {
      point [
        -0.659549 0.082189 0.000000,
        -0.656041 0.095885 0.000000,
        -0.653472 0.109796 0.000000,
        -0.652197 0.109796 0.000000,
        -0.649684 0.095843 0.000000,
        -0.645895 0.082189 0.000000,
        -0.587155 -0.082254 0.000000,
        -0.718814 -0.082254 0.000000,
        -0.241692 -0.192681 0.000000,
        -0.185802 -0.192681 0.000000,
        -0.283228 -0.188816 0.000000,
        -0.316358 -0.178474 0.000000,
        -0.343208 -0.162530 0.000000,
        -0.365289 -0.140720 0.000000,
        -0.381895 -0.113576 0.000000,
        -0.393442 -0.076568 0.000000,
        -0.397057 -0.035216 0.000000,
        -0.393712 0.003967 0.000000,
        -0.384521 0.035106 0.000000,
        -0.370844 0.059388 0.000000,
        -0.351721 0.079693 0.000000,
        -0.322963 0.098271 0.000000,
        -0.290465 0.109644 0.000000,
        -0.243867 0.114597 0.000000,
        -0.185802 0.114597 0.000000,
      ]
    }
    coordIndex [
      6, 7, 5, -1,
      5, 7, 0, -1,
      5, 0, 4, -1,
      4, 0, 1, -1,
      4, 1, 3, -1,
      3, 1, 2, -1,
      24, 9, 23, -1,
      23, 9, 8, -1,
      23, 8, 10, -1,
      16, 17, 23, -1,
      23, 17, 18, -1,
      23, 18, 22, -1,
      10, 11, 23, -1,
      23, 11, 12, -1,
      23, 12, 13, -1,
      13, 14, 23, -1,
      23, 14, 15, -1,
      23, 15, 16, -1,
      19, 20, 18, -1,
      18, 20, 21, -1,
      18, 21, 22, -1,
    ]
  }
}

Shape {
  appearance Appearance {
    material Material {
      diffuseColor 0.2510 0.2510 0.2510
      specularColor 0.1255 0.1255 0.1255
      ambientIntensity 0.2
      transparency 0.0000
      shininess 0.5
    }
  }
  geometry IndexedFaceSet {
    ccw TRUE
    solid FALSE
    coord DEF co Coordinate {
      point [
        2.286994 1.512410 0.944882,
        2.260441 1.547014 0.944882,
        2.566532 1.587312 0.944882,
        2.549840 1.547014 0.944882,
        2.523287 1.512410 0.944882,
        2.488683 1.485857 0.944882,
        2.448385 1.469165 0.944882,
        2.549840 1.714099 0.944882,
        2.566532 1.673801 0.944882,
        2.572226 1.630556 0.944882,
        2.238056 1.630556 0.944882,
        2.243749 1.673801 0.944882,
        2.260441 1.714099 0.944882,
        2.286994 1.748704 0.944882,
        2.243749 1.587312 0.944882,
        2.448385 1.791948 0.944882,
        2.488683 1.775256 0.944882,
        2.523287 1.748704 0.944882,
        2.321598 1.775256 0.944882,
        2.361896 1.791948 0.944882,
        2.405141 1.797641 0.944882,
        2.405141 1.463472 0.944882,
        2.361896 1.469165 0.944882,
        2.321598 1.485857 0.944882,
        2.572226 1.630556 0.940945,
        2.566532 1.673801 0.940945,
        2.549840 1.714099 0.940945,
        2.523287 1.748704 0.940945,
        2.488683 1.775256 0.940945,
        2.448385 1.791948 0.940945,
        2.405141 1.797641 0.940945,
        2.361896 1.791948 0.940945,
        2.321598 1.775256 0.940945,
        2.286994 1.748704 0.940945,
        2.260441 1.714099 0.940945,
        2.243749 1.673801 0.940945,
        2.238056 1.630556 0.940945,
        2.243749 1.587312 0.940945,
        2.260441 1.547014 0.940945,
        2.286994 1.512410 0.940945,
        2.321598 1.485857 0.940945,
        2.361896 1.469165 0.940945,
        2.405141 1.463472 0.940945,
        2.448385 1.469165 0.940945,
        2.488683 1.485857 0.940945,
        2.523287 1.512410 0.940945,
        2.549840 1.547014 0.940945,
        2.566532 1.587312 0.940945,
        2.405141 1.630556 0.940945,
      ]
    }
    coordIndex [
      24, 9, 25, -1,
      25, 9, 8, -1,
      25, 8, 26, -1,
      26, 8, 7, -1,
      26, 7, 27, -1,
      27, 7, 17, -1,
      27, 17, 28, -1,
      28, 17, 16, -1,
      28, 16, 29, -1,
      29, 16, 15, -1,
      29, 15, 30, -1,
      30, 15, 20, -1,
      30, 20, 31, -1,
      31, 20, 19, -1,
      31, 19, 32, -1,
      32, 19, 18, -1,
      32, 18, 33, -1,
      33, 18, 13, -1,
      33, 13, 34, -1,
      34, 13, 12, -1,
      34, 12, 35, -1,
      35, 12, 11, -1,
      35, 11, 36, -1,
      36, 11, 10, -1,
      36, 10, 37, -1,
      37, 10, 14, -1,
      37, 14, 38, -1,
      38, 14, 1, -1,
      38, 1, 39, -1,
      39, 1, 0, -1,
      39, 0, 40, -1,
      40, 0, 23, -1,
      40, 23, 41, -1,
      41, 23, 22, -1,
      41, 22, 42, -1,
      42, 22, 21, -1,
      42, 21, 43, -1,
      43, 21, 6, -1,
      43, 6, 44, -1,
      44, 6, 5, -1,
      44, 5, 45, -1,
      45, 5, 4, -1,
      45, 4, 46, -1,
      46, 4, 3, -1,
      46, 3, 47, -1,
      47, 3, 2, -1,
      47, 2, 24, -1,
      24, 2, 9, -1,
      46, 47, 48, -1,
      48, 47, 24, -1,
      48, 24, 25, -1,
      43, 44, 48, -1,
      48, 44, 45, -1,
      48, 45, 46, -1,
      40, 41, 48, -1,
      48, 41, 42, -1,
      48, 42, 43, -1,
      37, 38, 48, -1,
      48, 38, 39, -1,
      48, 39, 40, -1,
      34, 35, 48, -1,
      48, 35, 36, -1,
      48, 36, 37, -1,
      31, 32, 48, -1,
      48, 32, 33, -1,
      48, 33, 34, -1,
      28, 29, 48, -1,
      48, 29, 30, -1,
      48, 30, 31, -1,
      25, 26, 48, -1,
      48, 26, 27, -1,
      48, 27, 28, -1,
    ]
  }
}
